# Blender 4.5.2 LTS
# www.blender.org
mtllib arena.mtl
o arena
v -0.864034 -0.933639 0.864033
v -0.864034 -0.864033 0.933639
v -0.933640 -0.864033 0.864033
v -0.865468 -0.931124 0.886293
v -0.865664 -0.924766 0.901634
v -0.865800 -0.914719 0.914711
v -0.886280 -0.931130 0.865441
v -0.887150 -0.928201 0.887357
v -0.887392 -0.921498 0.902092
v -0.887307 -0.912953 0.912896
v -0.901648 -0.924760 0.865626
v -0.902132 -0.921429 0.887529
v -0.900920 -0.915546 0.900933
v -0.899821 -0.909341 0.909346
v -0.906435 -0.906433 0.906433
v -0.886294 -0.865466 0.931124
v -0.901635 -0.865662 0.924766
v -0.914712 -0.865799 0.914719
v -0.865443 -0.886279 0.931130
v -0.887359 -0.887149 0.928201
v -0.902093 -0.887391 0.921498
v -0.912898 -0.887306 0.912953
v -0.865627 -0.901647 0.924760
v -0.887530 -0.902131 0.921429
v -0.900935 -0.900919 0.915546
v -0.909347 -0.899819 0.909341
v -0.931125 -0.886293 0.865466
v -0.924767 -0.901634 0.865662
v -0.914720 -0.914711 0.865799
v -0.931131 -0.865441 0.886279
v -0.928202 -0.887357 0.887149
v -0.921499 -0.902092 0.887391
v -0.912955 -0.912896 0.887306
v -0.924762 -0.865626 0.901647
v -0.921431 -0.887529 0.902131
v -0.915548 -0.900933 0.900919
v -0.909342 -0.909346 0.899819
v -0.864034 0.864033 0.933639
v -0.864034 0.933639 0.864033
v -0.933640 0.864033 0.864033
v -0.865468 0.886293 0.931124
v -0.865664 0.901634 0.924766
v -0.865800 0.914711 0.914719
v -0.886280 0.865441 0.931130
v -0.887150 0.887357 0.928201
v -0.887392 0.902092 0.921498
v -0.887307 0.912896 0.912953
v -0.901648 0.865626 0.924760
v -0.902132 0.887529 0.921429
v -0.900920 0.900933 0.915546
v -0.899821 0.909346 0.909341
v -0.906435 0.906433 0.906433
v -0.886294 0.931124 0.865466
v -0.901635 0.924766 0.865662
v -0.914712 0.914719 0.865799
v -0.865443 0.931130 0.886279
v -0.887359 0.928201 0.887149
v -0.902093 0.921498 0.887391
v -0.912898 0.912953 0.887306
v -0.865627 0.924760 0.901647
v -0.887530 0.921429 0.902131
v -0.900935 0.915546 0.900919
v -0.909347 0.909341 0.899819
v -0.931125 0.865466 0.886293
v -0.924767 0.865662 0.901634
v -0.914720 0.865799 0.914711
v -0.931131 0.886279 0.865441
v -0.928202 0.887149 0.887357
v -0.921499 0.887391 0.902092
v -0.912955 0.887306 0.912896
v -0.924762 0.901647 0.865626
v -0.921431 0.902131 0.887529
v -0.915548 0.900919 0.900933
v -0.909342 0.899819 0.909346
v -0.864034 -0.933639 -0.864033
v -0.933640 -0.864033 -0.864033
v -0.864034 -0.864033 -0.933639
v -0.886294 -0.931124 -0.865466
v -0.901635 -0.924766 -0.865662
v -0.914712 -0.914719 -0.865799
v -0.865443 -0.931130 -0.886279
v -0.887359 -0.928201 -0.887149
v -0.902093 -0.921498 -0.887391
v -0.912898 -0.912953 -0.887306
v -0.865627 -0.924760 -0.901647
v -0.887530 -0.921429 -0.902131
v -0.900935 -0.915546 -0.900919
v -0.909347 -0.909341 -0.899819
v -0.906435 -0.906433 -0.906433
v -0.931125 -0.865466 -0.886293
v -0.924767 -0.865662 -0.901634
v -0.914720 -0.865799 -0.914711
v -0.931131 -0.886279 -0.865441
v -0.928202 -0.887149 -0.887357
v -0.921499 -0.887391 -0.902092
v -0.912955 -0.887306 -0.912896
v -0.924762 -0.901647 -0.865626
v -0.921430 -0.902131 -0.887529
v -0.915548 -0.900919 -0.900933
v -0.909342 -0.899819 -0.909346
v -0.865468 -0.886293 -0.931124
v -0.865664 -0.901634 -0.924766
v -0.865800 -0.914711 -0.914719
v -0.886280 -0.865441 -0.931130
v -0.887150 -0.887357 -0.928201
v -0.887392 -0.902092 -0.921498
v -0.887307 -0.912896 -0.912953
v -0.901648 -0.865626 -0.924760
v -0.902132 -0.887529 -0.921429
v -0.900920 -0.900933 -0.915546
v -0.899821 -0.909346 -0.909341
v -0.864034 0.933639 -0.864033
v -0.864034 0.864033 -0.933639
v -0.933640 0.864033 -0.864033
v -0.865468 0.931124 -0.886293
v -0.865664 0.924766 -0.901634
v -0.865800 0.914719 -0.914711
v -0.886280 0.931130 -0.865441
v -0.887150 0.928201 -0.887357
v -0.887392 0.921498 -0.902092
v -0.887307 0.912953 -0.912896
v -0.901648 0.924760 -0.865626
v -0.902132 0.921429 -0.887529
v -0.900920 0.915546 -0.900933
v -0.899821 0.909341 -0.909346
v -0.906435 0.906433 -0.906433
v -0.886294 0.865466 -0.931124
v -0.901635 0.865662 -0.924766
v -0.914712 0.865799 -0.914719
v -0.865443 0.886279 -0.931130
v -0.887359 0.887149 -0.928201
v -0.902093 0.887391 -0.921498
v -0.912898 0.887306 -0.912953
v -0.865627 0.901647 -0.924760
v -0.887530 0.902131 -0.921429
v -0.900935 0.900919 -0.915546
v -0.909347 0.899819 -0.909341
v -0.931125 0.886293 -0.865466
v -0.924767 0.901634 -0.865662
v -0.914720 0.914711 -0.865799
v -0.931131 0.865441 -0.886279
v -0.928202 0.887357 -0.887149
v -0.921499 0.902092 -0.887391
v -0.912955 0.912896 -0.887306
v -0.924762 0.865626 -0.901647
v -0.921431 0.887529 -0.902131
v -0.915548 0.900933 -0.900919
v -0.909342 0.909346 -0.899819
v 0.864034 -0.933639 0.864033
v 0.933640 -0.864033 0.864033
v 0.864034 -0.864033 0.933639
v 0.886294 -0.931124 0.865466
v 0.901635 -0.924766 0.865662
v 0.914712 -0.914719 0.865799
v 0.865443 -0.931130 0.886279
v 0.887359 -0.928201 0.887149
v 0.902093 -0.921498 0.887391
v 0.912898 -0.912953 0.887306
v 0.865627 -0.924760 0.901647
v 0.887530 -0.921429 0.902131
v 0.900935 -0.915546 0.900919
v 0.909347 -0.909341 0.899819
v 0.906435 -0.906433 0.906433
v 0.931125 -0.865466 0.886293
v 0.924767 -0.865662 0.901634
v 0.914720 -0.865799 0.914711
v 0.931131 -0.886279 0.865441
v 0.928202 -0.887149 0.887357
v 0.921499 -0.887391 0.902092
v 0.912955 -0.887306 0.912896
v 0.924762 -0.901647 0.865626
v 0.921430 -0.902131 0.887529
v 0.915548 -0.900919 0.900933
v 0.909342 -0.899819 0.909346
v 0.865468 -0.886293 0.931124
v 0.865664 -0.901634 0.924766
v 0.865800 -0.914711 0.914719
v 0.886280 -0.865441 0.931130
v 0.887150 -0.887357 0.928201
v 0.887392 -0.902092 0.921498
v 0.887307 -0.912896 0.912953
v 0.901648 -0.865626 0.924760
v 0.902132 -0.887529 0.921429
v 0.900920 -0.900933 0.915546
v 0.899821 -0.909346 0.909341
v 0.864034 0.933639 0.864033
v 0.864034 0.864033 0.933639
v 0.933640 0.864033 0.864033
v 0.865468 0.931124 0.886293
v 0.865664 0.924766 0.901634
v 0.865800 0.914719 0.914711
v 0.886280 0.931130 0.865441
v 0.887150 0.928201 0.887357
v 0.887392 0.921498 0.902092
v 0.887307 0.912953 0.912896
v 0.901648 0.924760 0.865626
v 0.902132 0.921429 0.887529
v 0.900920 0.915546 0.900933
v 0.899821 0.909341 0.909346
v 0.906435 0.906433 0.906433
v 0.886294 0.865466 0.931124
v 0.901635 0.865662 0.924766
v 0.914712 0.865799 0.914719
v 0.865443 0.886279 0.931130
v 0.887359 0.887149 0.928201
v 0.902093 0.887391 0.921498
v 0.912898 0.887306 0.912953
v 0.865627 0.901647 0.924760
v 0.887530 0.902131 0.921429
v 0.900935 0.900919 0.915546
v 0.909347 0.899819 0.909341
v 0.931125 0.886293 0.865466
v 0.924767 0.901634 0.865662
v 0.914720 0.914711 0.865799
v 0.931131 0.865441 0.886279
v 0.928202 0.887357 0.887149
v 0.921499 0.902092 0.887391
v 0.912955 0.912896 0.887306
v 0.924762 0.865626 0.901647
v 0.921431 0.887529 0.902131
v 0.915548 0.900933 0.900919
v 0.909342 0.909346 0.899819
v 0.864034 -0.933639 -0.864033
v 0.864034 -0.864033 -0.933639
v 0.933640 -0.864033 -0.864033
v 0.865468 -0.931124 -0.886293
v 0.865664 -0.924766 -0.901634
v 0.865800 -0.914719 -0.914711
v 0.886280 -0.931130 -0.865441
v 0.887150 -0.928201 -0.887357
v 0.887392 -0.921498 -0.902092
v 0.887307 -0.912953 -0.912896
v 0.901648 -0.924760 -0.865626
v 0.902132 -0.921429 -0.887529
v 0.900920 -0.915546 -0.900933
v 0.899821 -0.909341 -0.909346
v 0.906435 -0.906433 -0.906433
v 0.886294 -0.865466 -0.931124
v 0.901635 -0.865662 -0.924766
v 0.914712 -0.865799 -0.914719
v 0.865443 -0.886279 -0.931130
v 0.887359 -0.887149 -0.928201
v 0.902093 -0.887391 -0.921498
v 0.912898 -0.887306 -0.912953
v 0.865627 -0.901647 -0.924760
v 0.887530 -0.902131 -0.921429
v 0.900935 -0.900919 -0.915546
v 0.909347 -0.899819 -0.909341
v 0.931125 -0.886293 -0.865466
v 0.924767 -0.901634 -0.865662
v 0.914720 -0.914711 -0.865799
v 0.931131 -0.865441 -0.886279
v 0.928202 -0.887357 -0.887149
v 0.921499 -0.902092 -0.887391
v 0.912955 -0.912896 -0.887306
v 0.924762 -0.865626 -0.901647
v 0.921431 -0.887529 -0.902131
v 0.915548 -0.900933 -0.900919
v 0.909342 -0.909346 -0.899819
v 0.864034 0.933639 -0.864033
v 0.933640 0.864033 -0.864033
v 0.864034 0.864033 -0.933639
v 0.886294 0.931124 -0.865466
v 0.901635 0.924766 -0.865662
v 0.914712 0.914719 -0.865799
v 0.865443 0.931130 -0.886279
v 0.887359 0.928201 -0.887149
v 0.902093 0.921498 -0.887391
v 0.912898 0.912953 -0.887306
v 0.865627 0.924760 -0.901647
v 0.887530 0.921429 -0.902131
v 0.900935 0.915546 -0.900919
v 0.909347 0.909341 -0.899819
v 0.906435 0.906433 -0.906433
v 0.931125 0.865466 -0.886293
v 0.924767 0.865662 -0.901634
v 0.914720 0.865799 -0.914711
v 0.931131 0.886279 -0.865441
v 0.928202 0.887149 -0.887357
v 0.921499 0.887391 -0.902092
v 0.912955 0.887306 -0.912896
v 0.924762 0.901647 -0.865626
v 0.921430 0.902131 -0.887529
v 0.915548 0.900919 -0.900933
v 0.909342 0.899819 -0.909346
v 0.865468 0.886293 -0.931124
v 0.865664 0.901634 -0.924766
v 0.865800 0.914711 -0.914719
v 0.886280 0.865441 -0.931130
v 0.887150 0.887357 -0.928201
v 0.887392 0.902092 -0.921498
v 0.887307 0.912896 -0.912953
v 0.901648 0.865626 -0.924760
v 0.902132 0.887529 -0.921429
v 0.900920 0.900933 -0.915546
v 0.899821 0.909346 -0.909341
vn -0.0558 -0.9969 0.0558
vn -0.0558 -0.0558 0.9969
vn -0.9969 -0.0558 0.0558
vn -0.0593 -0.9663 0.2506
vn -0.0571 -0.8636 0.5010
vn -0.0560 -0.7059 0.7061
vn -0.2508 -0.9662 0.0597
vn -0.2561 -0.9317 0.2576
vn -0.2488 -0.8293 0.5003
vn -0.2416 -0.6865 0.6859
vn -0.5007 -0.8637 0.0577
vn -0.5002 -0.8290 0.2500
vn -0.4723 -0.7440 0.4726
vn -0.4498 -0.6317 0.6314
vn -0.5774 -0.5773 0.5773
vn -0.2506 -0.0593 0.9663
vn -0.5010 -0.0571 0.8636
vn -0.7061 -0.0560 0.7059
vn -0.0597 -0.2508 0.9662
vn -0.2576 -0.2561 0.9317
vn -0.5003 -0.2488 0.8293
vn -0.6859 -0.2416 0.6865
vn -0.0577 -0.5007 0.8637
vn -0.2500 -0.5002 0.8290
vn -0.4726 -0.4723 0.7440
vn -0.6314 -0.4498 0.6317
vn -0.9663 -0.2506 0.0593
vn -0.8636 -0.5010 0.0571
vn -0.7059 -0.7061 0.0560
vn -0.9662 -0.0597 0.2508
vn -0.9317 -0.2576 0.2561
vn -0.8293 -0.5003 0.2488
vn -0.6865 -0.6859 0.2416
vn -0.8637 -0.0577 0.5007
vn -0.8290 -0.2500 0.5002
vn -0.7440 -0.4726 0.4723
vn -0.6317 -0.6314 0.4498
vn -0.0558 0.0558 0.9969
vn -0.0558 0.9969 0.0558
vn -0.9969 0.0558 0.0558
vn -0.0593 0.2506 0.9663
vn -0.0571 0.5010 0.8636
vn -0.0560 0.7061 0.7059
vn -0.2508 0.0597 0.9662
vn -0.2561 0.2576 0.9317
vn -0.2488 0.5003 0.8293
vn -0.2416 0.6859 0.6865
vn -0.5007 0.0577 0.8637
vn -0.5002 0.2500 0.8290
vn -0.4723 0.4726 0.7440
vn -0.4498 0.6314 0.6317
vn -0.5773 0.5774 0.5773
vn -0.2506 0.9663 0.0593
vn -0.5010 0.8636 0.0571
vn -0.7061 0.7059 0.0560
vn -0.0597 0.9662 0.2508
vn -0.2576 0.9317 0.2561
vn -0.5003 0.8293 0.2488
vn -0.6859 0.6865 0.2416
vn -0.0577 0.8637 0.5007
vn -0.2500 0.8290 0.5002
vn -0.4726 0.7440 0.4723
vn -0.6314 0.6317 0.4498
vn -0.9663 0.0593 0.2506
vn -0.8636 0.0571 0.5010
vn -0.7059 0.0560 0.7061
vn -0.9662 0.2508 0.0597
vn -0.9317 0.2561 0.2576
vn -0.8293 0.2488 0.5003
vn -0.6865 0.2416 0.6859
vn -0.8637 0.5007 0.0577
vn -0.8290 0.5002 0.2500
vn -0.7440 0.4723 0.4726
vn -0.6317 0.4498 0.6314
vn -0.0558 -0.9969 -0.0558
vn -0.9969 -0.0558 -0.0558
vn -0.0558 -0.0558 -0.9969
vn -0.2506 -0.9663 -0.0593
vn -0.5010 -0.8636 -0.0571
vn -0.7061 -0.7059 -0.0560
vn -0.0597 -0.9662 -0.2508
vn -0.2576 -0.9317 -0.2561
vn -0.5003 -0.8293 -0.2488
vn -0.6859 -0.6865 -0.2416
vn -0.0577 -0.8637 -0.5007
vn -0.2500 -0.8290 -0.5002
vn -0.4726 -0.7440 -0.4723
vn -0.6314 -0.6317 -0.4498
vn -0.5773 -0.5773 -0.5774
vn -0.9663 -0.0593 -0.2506
vn -0.8636 -0.0571 -0.5010
vn -0.7059 -0.0560 -0.7061
vn -0.9662 -0.2508 -0.0597
vn -0.9317 -0.2561 -0.2576
vn -0.8293 -0.2488 -0.5003
vn -0.6865 -0.2416 -0.6859
vn -0.8637 -0.5007 -0.0577
vn -0.8290 -0.5002 -0.2500
vn -0.7440 -0.4723 -0.4726
vn -0.6317 -0.4498 -0.6314
vn -0.0593 -0.2506 -0.9663
vn -0.0571 -0.5010 -0.8636
vn -0.0560 -0.7061 -0.7059
vn -0.2508 -0.0597 -0.9662
vn -0.2561 -0.2576 -0.9317
vn -0.2488 -0.5003 -0.8293
vn -0.2416 -0.6859 -0.6865
vn -0.5007 -0.0577 -0.8637
vn -0.5002 -0.2500 -0.8290
vn -0.4723 -0.4726 -0.7440
vn -0.4498 -0.6314 -0.6317
vn -0.0558 0.9969 -0.0558
vn -0.0558 0.0558 -0.9969
vn -0.9969 0.0558 -0.0558
vn -0.0593 0.9663 -0.2506
vn -0.0571 0.8636 -0.5010
vn -0.0560 0.7059 -0.7061
vn -0.2508 0.9662 -0.0597
vn -0.2561 0.9317 -0.2576
vn -0.2488 0.8293 -0.5003
vn -0.2416 0.6865 -0.6859
vn -0.5007 0.8637 -0.0577
vn -0.5002 0.8290 -0.2500
vn -0.4723 0.7440 -0.4726
vn -0.4498 0.6317 -0.6314
vn -0.5774 0.5773 -0.5773
vn -0.2506 0.0593 -0.9663
vn -0.5010 0.0571 -0.8636
vn -0.7061 0.0560 -0.7059
vn -0.0597 0.2508 -0.9662
vn -0.2576 0.2561 -0.9317
vn -0.5003 0.2488 -0.8293
vn -0.6859 0.2416 -0.6865
vn -0.0577 0.5007 -0.8637
vn -0.2500 0.5002 -0.8290
vn -0.4726 0.4723 -0.7440
vn -0.6314 0.4498 -0.6317
vn -0.9663 0.2506 -0.0593
vn -0.8636 0.5010 -0.0571
vn -0.7059 0.7061 -0.0560
vn -0.9662 0.0597 -0.2508
vn -0.9317 0.2576 -0.2561
vn -0.8293 0.5003 -0.2488
vn -0.6865 0.6859 -0.2416
vn -0.8637 0.0577 -0.5007
vn -0.8290 0.2500 -0.5002
vn -0.7440 0.4726 -0.4723
vn -0.6317 0.6314 -0.4498
vn 0.0558 -0.9969 0.0558
vn 0.9969 -0.0558 0.0558
vn 0.0558 -0.0558 0.9969
vn 0.2506 -0.9663 0.0593
vn 0.5010 -0.8636 0.0571
vn 0.7061 -0.7059 0.0560
vn 0.0597 -0.9662 0.2508
vn 0.2576 -0.9317 0.2561
vn 0.5003 -0.8293 0.2488
vn 0.6859 -0.6865 0.2416
vn 0.0577 -0.8637 0.5007
vn 0.2500 -0.8290 0.5002
vn 0.4726 -0.7440 0.4723
vn 0.6314 -0.6317 0.4498
vn 0.5773 -0.5773 0.5774
vn 0.9663 -0.0593 0.2506
vn 0.8636 -0.0571 0.5010
vn 0.7059 -0.0560 0.7061
vn 0.9662 -0.2508 0.0597
vn 0.9317 -0.2561 0.2576
vn 0.8293 -0.2488 0.5003
vn 0.6865 -0.2416 0.6859
vn 0.8637 -0.5007 0.0577
vn 0.8290 -0.5002 0.2500
vn 0.7440 -0.4723 0.4726
vn 0.6317 -0.4498 0.6314
vn 0.0593 -0.2506 0.9663
vn 0.0571 -0.5010 0.8636
vn 0.0560 -0.7061 0.7059
vn 0.2508 -0.0597 0.9662
vn 0.2561 -0.2576 0.9317
vn 0.2488 -0.5003 0.8293
vn 0.2416 -0.6859 0.6865
vn 0.5007 -0.0577 0.8637
vn 0.5002 -0.2500 0.8290
vn 0.4723 -0.4726 0.7440
vn 0.4498 -0.6314 0.6317
vn 0.0558 0.9969 0.0558
vn 0.0558 0.0558 0.9969
vn 0.9969 0.0558 0.0558
vn 0.0593 0.9663 0.2506
vn 0.0571 0.8636 0.5010
vn 0.0560 0.7059 0.7061
vn 0.2508 0.9662 0.0597
vn 0.2561 0.9317 0.2576
vn 0.2488 0.8293 0.5003
vn 0.2416 0.6865 0.6859
vn 0.5007 0.8637 0.0577
vn 0.5002 0.8290 0.2500
vn 0.4723 0.7440 0.4726
vn 0.4498 0.6317 0.6314
vn 0.5774 0.5773 0.5773
vn 0.2506 0.0593 0.9663
vn 0.5010 0.0571 0.8636
vn 0.7061 0.0560 0.7059
vn 0.0597 0.2508 0.9662
vn 0.2576 0.2561 0.9317
vn 0.5003 0.2488 0.8293
vn 0.6859 0.2416 0.6865
vn 0.0577 0.5007 0.8637
vn 0.2500 0.5002 0.8290
vn 0.4726 0.4723 0.7440
vn 0.6314 0.4498 0.6317
vn 0.9663 0.2506 0.0593
vn 0.8636 0.5010 0.0571
vn 0.7059 0.7061 0.0560
vn 0.9662 0.0597 0.2508
vn 0.9317 0.2576 0.2561
vn 0.8293 0.5003 0.2488
vn 0.6865 0.6859 0.2416
vn 0.8637 0.0577 0.5007
vn 0.8290 0.2500 0.5002
vn 0.7440 0.4726 0.4723
vn 0.6317 0.6314 0.4498
vn 0.0558 -0.9969 -0.0558
vn 0.0558 -0.0558 -0.9969
vn 0.9969 -0.0558 -0.0558
vn 0.0593 -0.9663 -0.2506
vn 0.0571 -0.8636 -0.5010
vn 0.0560 -0.7059 -0.7061
vn 0.2508 -0.9662 -0.0597
vn 0.2561 -0.9317 -0.2576
vn 0.2488 -0.8293 -0.5003
vn 0.2416 -0.6865 -0.6859
vn 0.5007 -0.8637 -0.0577
vn 0.5002 -0.8290 -0.2500
vn 0.4723 -0.7440 -0.4726
vn 0.4498 -0.6317 -0.6314
vn 0.5774 -0.5773 -0.5773
vn 0.2506 -0.0593 -0.9663
vn 0.5010 -0.0571 -0.8636
vn 0.7061 -0.0560 -0.7059
vn 0.0597 -0.2508 -0.9662
vn 0.2576 -0.2561 -0.9317
vn 0.5003 -0.2488 -0.8293
vn 0.6859 -0.2416 -0.6865
vn 0.0577 -0.5007 -0.8637
vn 0.2500 -0.5002 -0.8290
vn 0.4726 -0.4723 -0.7440
vn 0.6314 -0.4498 -0.6317
vn 0.9663 -0.2506 -0.0593
vn 0.8636 -0.5010 -0.0571
vn 0.7059 -0.7061 -0.0560
vn 0.9662 -0.0597 -0.2508
vn 0.9317 -0.2576 -0.2561
vn 0.8293 -0.5003 -0.2488
vn 0.6865 -0.6859 -0.2416
vn 0.8637 -0.0577 -0.5007
vn 0.8290 -0.2500 -0.5002
vn 0.7440 -0.4726 -0.4723
vn 0.6317 -0.6314 -0.4498
vn 0.0558 0.9969 -0.0558
vn 0.9969 0.0558 -0.0558
vn 0.0558 0.0558 -0.9969
vn 0.2506 0.9663 -0.0593
vn 0.5010 0.8636 -0.0571
vn 0.7061 0.7059 -0.0560
vn 0.0597 0.9662 -0.2508
vn 0.2576 0.9317 -0.2561
vn 0.5003 0.8293 -0.2488
vn 0.6859 0.6865 -0.2416
vn 0.0577 0.8637 -0.5007
vn 0.2500 0.8290 -0.5002
vn 0.4726 0.7440 -0.4723
vn 0.6314 0.6317 -0.4498
vn 0.5773 0.5773 -0.5774
vn 0.9663 0.0593 -0.2506
vn 0.8636 0.0571 -0.5010
vn 0.7059 0.0560 -0.7061
vn 0.9662 0.2508 -0.0597
vn 0.9317 0.2561 -0.2576
vn 0.8293 0.2488 -0.5003
vn 0.6865 0.2416 -0.6859
vn 0.8637 0.5007 -0.0577
vn 0.8290 0.5002 -0.2500
vn 0.7440 0.4723 -0.4726
vn 0.6317 0.4498 -0.6314
vn 0.0593 0.2506 -0.9663
vn 0.0571 0.5010 -0.8636
vn 0.0560 0.7061 -0.7059
vn 0.2508 0.0597 -0.9662
vn 0.2561 0.2576 -0.9317
vn 0.2488 0.5003 -0.8293
vn 0.2416 0.6859 -0.6865
vn 0.5007 0.0577 -0.8637
vn 0.5002 0.2500 -0.8290
vn 0.4723 0.4726 -0.7440
vn 0.4498 0.6314 -0.6317
vt 0.141250 0.733750
vt 0.141250 0.737954
vt 0.136913 0.738122
vt 0.137046 0.733750
vt 0.141250 0.741876
vt 0.136984 0.741901
vt 0.141250 0.750000
vt 0.137071 0.750000
vt 0.133094 0.738040
vt 0.133124 0.733750
vt 0.133510 0.741494
vt 0.133850 0.750000
vt 0.125000 0.737929
vt 0.125000 0.733750
vt 0.125000 0.741150
vt 0.131868 0.750000
vt 0.391250 0.983750
vt 0.391250 0.987954
vt 0.386913 0.988122
vt 0.387046 0.983750
vt 0.391250 0.991876
vt 0.386984 0.991901
vt 0.391250 1.000000
vt 0.387071 1.000000
vt 0.383094 0.988040
vt 0.383124 0.983750
vt 0.383510 0.991494
vt 0.383850 1.000000
vt 0.375000 0.987929
vt 0.375000 0.983750
vt 0.375000 0.991150
vt 0.381868 1.000000
vt 0.391250 0.016250
vt 0.387046 0.016250
vt 0.386878 0.011913
vt 0.391250 0.012046
vt 0.383124 0.016250
vt 0.383099 0.011984
vt 0.375000 0.016250
vt 0.375000 0.012071
vt 0.386960 0.008094
vt 0.391250 0.008124
vt 0.383506 0.008510
vt 0.375000 0.008850
vt 0.387071 0.000000
vt 0.391250 0.000000
vt 0.383850 0.000000
vt 0.375000 0.006868
vt 0.608750 0.983750
vt 0.612954 0.983750
vt 0.613122 0.988087
vt 0.608750 0.987954
vt 0.616876 0.983750
vt 0.616901 0.988016
vt 0.625000 0.983750
vt 0.625000 0.987929
vt 0.613040 0.991906
vt 0.608750 0.991876
vt 0.616494 0.991490
vt 0.625000 0.991150
vt 0.612929 1.000000
vt 0.608750 1.000000
vt 0.616150 1.000000
vt 0.625000 0.993132
vt 0.858750 0.733750
vt 0.862954 0.733750
vt 0.863122 0.738087
vt 0.858750 0.737954
vt 0.866876 0.733750
vt 0.866901 0.738016
vt 0.875000 0.733750
vt 0.875000 0.737929
vt 0.863040 0.741906
vt 0.858750 0.741876
vt 0.866494 0.741490
vt 0.875000 0.741150
vt 0.862929 0.750000
vt 0.858750 0.750000
vt 0.866150 0.750000
vt 0.875000 0.743132
vt 0.608750 0.016250
vt 0.608750 0.012046
vt 0.613087 0.011878
vt 0.612954 0.016250
vt 0.608750 0.008124
vt 0.613016 0.008099
vt 0.608750 0.000000
vt 0.612929 0.000000
vt 0.616906 0.011960
vt 0.616876 0.016250
vt 0.616491 0.008506
vt 0.616150 0.000000
vt 0.625000 0.012071
vt 0.625000 0.016250
vt 0.625000 0.008850
vt 0.618132 0.000000
vt 0.141250 0.516250
vt 0.137046 0.516250
vt 0.136878 0.511913
vt 0.141250 0.512046
vt 0.133124 0.516250
vt 0.133099 0.511984
vt 0.125000 0.516250
vt 0.125000 0.512071
vt 0.136960 0.508094
vt 0.141250 0.508124
vt 0.133506 0.508510
vt 0.125000 0.508850
vt 0.137071 0.500000
vt 0.141250 0.500000
vt 0.133850 0.500000
vt 0.125000 0.506868
vt 0.391250 0.233750
vt 0.391250 0.237954
vt 0.386913 0.238122
vt 0.387046 0.233750
vt 0.391250 0.241876
vt 0.386984 0.241901
vt 0.391250 0.250000
vt 0.387071 0.250000
vt 0.383094 0.238040
vt 0.383124 0.233750
vt 0.383510 0.241494
vt 0.383850 0.250000
vt 0.375000 0.237929
vt 0.375000 0.233750
vt 0.375000 0.241150
vt 0.378434 0.253434
vt 0.391250 0.266250
vt 0.387046 0.266250
vt 0.386878 0.261913
vt 0.391250 0.262046
vt 0.383124 0.266250
vt 0.383099 0.261984
vt 0.375000 0.266250
vt 0.375000 0.262071
vt 0.386960 0.258094
vt 0.391250 0.258124
vt 0.383506 0.258510
vt 0.375000 0.258850
vt 0.858750 0.516250
vt 0.858750 0.512046
vt 0.863087 0.511878
vt 0.862954 0.516250
vt 0.858750 0.508124
vt 0.863016 0.508099
vt 0.858750 0.500000
vt 0.862929 0.500000
vt 0.866906 0.511960
vt 0.866876 0.516250
vt 0.866491 0.508506
vt 0.866150 0.500000
vt 0.875000 0.512071
vt 0.875000 0.516250
vt 0.875000 0.508850
vt 0.868132 0.500000
vt 0.608750 0.266250
vt 0.608750 0.262046
vt 0.613087 0.261878
vt 0.612954 0.266250
vt 0.608750 0.258124
vt 0.613016 0.258099
vt 0.608750 0.250000
vt 0.612929 0.250000
vt 0.616906 0.261960
vt 0.616876 0.266250
vt 0.616490 0.258506
vt 0.616150 0.250000
vt 0.625000 0.262071
vt 0.625000 0.266250
vt 0.625000 0.258850
vt 0.621566 0.246566
vt 0.608750 0.233750
vt 0.612954 0.233750
vt 0.613122 0.238087
vt 0.608750 0.237954
vt 0.616876 0.233750
vt 0.616901 0.238016
vt 0.625000 0.233750
vt 0.625000 0.237929
vt 0.613040 0.241906
vt 0.608750 0.241876
vt 0.616494 0.241490
vt 0.625000 0.241150
vt 0.358750 0.733750
vt 0.362954 0.733750
vt 0.363122 0.738087
vt 0.358750 0.737954
vt 0.366876 0.733750
vt 0.366901 0.738016
vt 0.375000 0.733750
vt 0.375000 0.737929
vt 0.363040 0.741906
vt 0.358750 0.741876
vt 0.366494 0.741491
vt 0.375000 0.741150
vt 0.368960 0.756031
vt 0.366875 0.758125
vt 0.370577 0.754427
vt 0.377289 0.750000
vt 0.391250 0.733750
vt 0.391250 0.737954
vt 0.386913 0.738122
vt 0.387046 0.733750
vt 0.391250 0.741876
vt 0.386984 0.741901
vt 0.391250 0.750000
vt 0.387071 0.750000
vt 0.383094 0.738040
vt 0.383124 0.733750
vt 0.383510 0.741494
vt 0.383850 0.750000
vt 0.391250 0.766250
vt 0.387046 0.766250
vt 0.386878 0.761913
vt 0.391250 0.762046
vt 0.383124 0.766250
vt 0.383099 0.761984
vt 0.386960 0.758094
vt 0.391250 0.758124
vt 0.383506 0.758510
vt 0.641250 0.733750
vt 0.641250 0.737954
vt 0.636913 0.738122
vt 0.637046 0.733750
vt 0.641250 0.741876
vt 0.636984 0.741901
vt 0.633125 0.758125
vt 0.631031 0.756040
vt 0.633094 0.738040
vt 0.633124 0.733750
vt 0.633510 0.741494
vt 0.629427 0.754423
vt 0.625000 0.737929
vt 0.625000 0.733750
vt 0.625000 0.741150
vt 0.625000 0.747711
vt 0.608750 0.766250
vt 0.608750 0.762046
vt 0.613087 0.761878
vt 0.612954 0.766250
vt 0.608750 0.758124
vt 0.613016 0.758099
vt 0.608750 0.750000
vt 0.612929 0.750000
vt 0.616906 0.761959
vt 0.616876 0.766250
vt 0.616490 0.758506
vt 0.616150 0.750000
vt 0.608750 0.733750
vt 0.612954 0.733750
vt 0.613122 0.738087
vt 0.608750 0.737954
vt 0.616876 0.733750
vt 0.616901 0.738016
vt 0.613040 0.741906
vt 0.608750 0.741876
vt 0.616494 0.741490
vt 0.358750 0.516250
vt 0.358750 0.512046
vt 0.363087 0.511878
vt 0.362954 0.516250
vt 0.358750 0.508124
vt 0.363016 0.508099
vt 0.366875 0.491875
vt 0.368969 0.493960
vt 0.366906 0.511960
vt 0.366876 0.516250
vt 0.366491 0.508506
vt 0.370573 0.495577
vt 0.375000 0.512071
vt 0.375000 0.516250
vt 0.375000 0.508850
vt 0.375000 0.502289
vt 0.391250 0.483750
vt 0.391250 0.487954
vt 0.386913 0.488122
vt 0.387046 0.483750
vt 0.391250 0.491876
vt 0.386984 0.491901
vt 0.391250 0.500000
vt 0.387071 0.500000
vt 0.383094 0.488040
vt 0.383124 0.483750
vt 0.383510 0.491494
vt 0.383850 0.500000
vt 0.391250 0.516250
vt 0.387046 0.516250
vt 0.386878 0.511913
vt 0.391250 0.512046
vt 0.383124 0.516250
vt 0.383099 0.511984
vt 0.386960 0.508094
vt 0.391250 0.508124
vt 0.383506 0.508510
vt 0.641250 0.516250
vt 0.637046 0.516250
vt 0.636878 0.511913
vt 0.641250 0.512046
vt 0.633124 0.516250
vt 0.633099 0.511984
vt 0.625000 0.516250
vt 0.625000 0.512071
vt 0.636960 0.508094
vt 0.641250 0.508124
vt 0.633506 0.508510
vt 0.625000 0.508850
vt 0.631040 0.493969
vt 0.633125 0.491875
vt 0.629423 0.495573
vt 0.622711 0.500000
vt 0.608750 0.516250
vt 0.608750 0.512046
vt 0.613087 0.511878
vt 0.612954 0.516250
vt 0.608750 0.508124
vt 0.613016 0.508099
vt 0.608750 0.500000
vt 0.612929 0.500000
vt 0.616906 0.511960
vt 0.616876 0.516250
vt 0.616491 0.508506
vt 0.616150 0.500000
vt 0.608750 0.483750
vt 0.612954 0.483750
vt 0.613122 0.488087
vt 0.608750 0.487954
vt 0.616876 0.483750
vt 0.616901 0.488016
vt 0.613040 0.491906
vt 0.608750 0.491876
vt 0.616494 0.491490
s 1
usemtl gradient_green
f 1/1/1 4/2/4 8/3/8 7/4/7
f 4/2/4 5/5/5 9/6/9 8/3/8
f 7/4/7 8/3/8 12/9/12 11/10/11
f 2/17/2 16/18/16 20/19/20 19/20/19
f 16/18/16 17/21/17 21/22/21 20/19/20
f 19/20/19 20/19/20 24/25/24 23/26/23
f 3/33/3 27/34/27 31/35/31 30/36/30
f 27/34/27 28/37/28 32/38/32 31/35/31
f 30/36/30 31/35/31 35/41/35 34/42/34
f 38/49/38 41/50/41 45/51/45 44/52/44
f 41/50/41 42/53/42 46/54/46 45/51/45
f 44/52/44 45/51/45 49/57/49 48/58/48
f 39/65/39 53/66/53 57/67/57 56/68/56
f 53/66/53 54/69/54 58/70/58 57/67/57
f 56/68/56 57/67/57 61/73/61 60/74/60
f 40/81/40 64/82/64 68/83/68 67/84/67
f 64/82/64 65/85/65 69/86/69 68/83/68
f 67/84/67 68/83/68 72/89/72 71/90/71
f 75/97/75 78/98/78 82/99/82 81/100/81
f 78/98/78 79/101/79 83/102/83 82/99/82
f 81/100/81 82/99/82 86/105/86 85/106/85
f 76/113/76 90/114/90 94/115/94 93/116/93
f 90/114/90 91/117/91 95/118/95 94/115/94
f 93/116/93 94/115/94 98/121/98 97/122/97
f 77/129/77 101/130/101 105/131/105 104/132/104
f 101/130/101 102/133/102 106/134/106 105/131/105
f 104/132/104 105/131/105 109/137/109 108/138/108
f 112/141/112 115/142/115 119/143/119 118/144/118
f 115/142/115 116/145/116 120/146/120 119/143/119
f 118/144/118 119/143/119 123/149/123 122/150/122
f 113/157/113 127/158/127 131/159/131 130/160/130
f 127/158/127 128/161/128 132/162/132 131/159/131
f 130/160/130 131/159/131 135/165/135 134/166/134
f 114/173/114 138/174/138 142/175/142 141/176/141
f 138/174/138 139/177/139 143/178/143 142/175/142
f 141/176/141 142/175/142 146/181/146 145/182/145
f 149/185/149 152/186/152 156/187/156 155/188/155
f 152/186/152 153/189/153 157/190/157 156/187/156
f 155/188/155 156/187/156 160/193/160 159/194/159
f 150/201/150 164/202/164 168/203/168 167/204/167
f 164/202/164 165/205/165 169/206/169 168/203/168
f 167/204/167 168/203/168 172/209/172 171/210/171
f 151/213/151 175/214/175 179/215/179 178/216/178
f 175/214/175 176/217/176 180/218/180 179/215/179
f 178/216/178 179/215/179 183/219/183 182/220/182
f 186/222/186 189/223/189 193/224/193 192/225/192
f 189/223/189 190/226/190 194/227/194 193/224/193
f 192/225/192 193/224/193 197/230/197 196/231/196
f 187/238/187 201/239/201 205/240/205 204/241/204
f 201/239/201 202/242/202 206/243/206 205/240/205
f 204/241/204 205/240/205 209/246/209 208/247/208
f 188/250/188 212/251/212 216/252/216 215/253/215
f 212/251/212 213/254/213 217/255/217 216/252/216
f 215/253/215 216/252/216 220/256/220 219/257/219
f 223/259/223 226/260/226 230/261/230 229/262/229
f 226/260/226 227/263/227 231/264/231 230/261/230
f 229/262/229 230/261/230 234/267/234 233/268/233
f 224/275/224 238/276/238 242/277/242 241/278/241
f 238/276/238 239/279/239 243/280/243 242/277/242
f 241/278/241 242/277/242 246/283/246 245/284/245
f 225/287/225 249/288/249 253/289/253 252/290/252
f 249/288/249 250/291/250 254/292/254 253/289/253
f 252/290/252 253/289/253 257/293/257 256/294/256
f 260/296/260 263/297/263 267/298/267 266/299/266
f 263/297/263 264/300/264 268/301/268 267/298/267
f 266/299/266 267/298/267 271/304/271 270/305/270
f 261/312/261 275/313/275 279/314/279 278/315/278
f 275/313/275 276/316/276 280/317/280 279/314/279
f 278/315/278 279/314/279 283/320/283 282/321/282
f 262/324/262 286/325/286 290/326/290 289/327/289
f 286/325/286 287/328/287 291/329/291 290/326/290
f 289/327/289 290/326/290 294/330/294 293/331/293
f 75/97/75 1/1/1 7/4/7 78/98/78
f 78/98/78 7/4/7 11/10/11 79/101/79
f 97/122/97 28/37/28 27/34/27 93/116/93
f 93/116/93 27/34/27 3/33/3 76/113/76
f 2/17/2 38/49/38 44/52/44 16/18/16
f 16/18/16 44/52/44 48/58/48 17/21/17
f 34/42/34 65/85/65 64/82/64 30/36/30
f 30/36/30 64/82/64 40/81/40 3/33/3
f 39/65/39 112/141/112 118/144/118 53/66/53
f 53/66/53 118/144/118 122/150/122 54/69/54
f 71/90/71 139/177/139 138/174/138 67/84/67
f 67/84/67 138/174/138 114/173/114 40/81/40
f 113/157/113 77/129/77 104/132/104 127/158/127
f 127/158/127 104/132/104 108/138/108 128/161/128
f 145/182/145 91/117/91 90/114/90 141/176/141
f 141/176/141 90/114/90 76/113/76 114/173/114
f 223/259/223 75/97/75 81/100/81 226/260/226
f 226/260/226 81/100/81 85/106/85 227/263/227
f 245/284/245 102/133/102 101/130/101 241/278/241
f 241/278/241 101/130/101 77/129/77 224/275/224
f 112/141/112 260/296/260 266/299/266 115/142/115
f 115/142/115 266/299/266 270/305/270 116/145/116
f 134/166/134 287/328/287 286/325/286 130/160/130
f 130/160/130 286/325/286 262/324/262 113/157/113
f 261/312/261 225/287/225 252/290/252 275/313/275
f 275/313/275 252/290/252 256/294/256 276/316/276
f 293/331/293 239/279/239 238/276/238 289/327/289
f 289/327/289 238/276/238 224/275/224 262/324/262
f 149/185/149 223/259/223 229/262/229 152/186/152
f 152/186/152 229/262/229 233/268/233 153/189/153
f 171/210/171 250/291/250 249/288/249 167/204/167
f 167/204/167 249/288/249 225/287/225 150/201/150
f 260/296/260 186/222/186 192/225/192 263/297/263
f 263/297/263 192/225/192 196/231/196 264/300/264
f 282/321/282 213/254/213 212/251/212 278/315/278
f 278/315/278 212/251/212 188/250/188 261/312/261
f 187/238/187 151/213/151 178/216/178 201/239/201
f 201/239/201 178/216/178 182/220/182 202/242/202
f 219/257/219 165/205/165 164/202/164 215/253/215
f 215/253/215 164/202/164 150/201/150 188/250/188
f 1/1/1 149/185/149 155/188/155 4/2/4
f 4/2/4 155/188/155 159/194/159 5/5/5
f 23/26/23 176/217/176 175/214/175 19/20/19
f 19/20/19 175/214/175 151/213/151 2/17/2
f 186/222/186 39/65/39 56/68/56 189/223/189
f 189/223/189 56/68/56 60/74/60 190/226/190
f 208/247/208 42/53/42 41/50/41 204/241/204
f 204/241/204 41/50/41 38/49/38 187/238/187
f 75/97/75 223/259/223 149/185/149 1/1/1
f 3/33/3 40/81/40 114/173/114 76/113/76
f 151/213/151 187/238/187 38/49/38 2/17/2
f 260/296/260 112/141/112 39/65/39 186/222/186
f 77/129/77 113/157/113 262/324/262 224/275/224
f 225/287/225 261/312/261 188/250/188 150/201/150
usemtl gradient_green
f 5/5/5 6/7/6 10/8/10 9/6/9
f 8/3/8 9/6/9 13/11/13 12/9/12
f 9/6/9 10/8/10 14/12/14 13/11/13
f 11/10/11 12/9/12 33/13/33 29/14/29
f 12/9/12 13/11/13 37/15/37 33/13/33
f 17/21/17 18/23/18 22/24/22 21/22/21
f 20/19/20 21/22/21 25/27/25 24/25/24
f 21/22/21 22/24/22 26/28/26 25/27/25
f 23/26/23 24/25/24 10/29/10 6/30/6
f 24/25/24 25/27/25 14/31/14 10/29/10
f 28/37/28 29/39/29 33/40/33 32/38/32
f 31/35/31 32/38/32 36/43/36 35/41/35
f 32/38/32 33/40/33 37/44/37 36/43/36
f 34/42/34 35/41/35 22/45/22 18/46/18
f 35/41/35 36/43/36 26/47/26 22/45/22
f 42/53/42 43/55/43 47/56/47 46/54/46
f 45/51/45 46/54/46 50/59/50 49/57/49
f 46/54/46 47/56/47 51/60/51 50/59/50
f 48/58/48 49/57/49 70/61/70 66/62/66
f 49/57/49 50/59/50 74/63/74 70/61/70
f 54/69/54 55/71/55 59/72/59 58/70/58
f 57/67/57 58/70/58 62/75/62 61/73/61
f 58/70/58 59/72/59 63/76/63 62/75/62
f 60/74/60 61/73/61 47/77/47 43/78/43
f 61/73/61 62/75/62 51/79/51 47/77/47
f 65/85/65 66/87/66 70/88/70 69/86/69
f 68/83/68 69/86/69 73/91/73 72/89/72
f 69/86/69 70/88/70 74/92/74 73/91/73
f 71/90/71 72/89/72 59/93/59 55/94/55
f 72/89/72 73/91/73 63/95/63 59/93/59
f 79/101/79 80/103/80 84/104/84 83/102/83
f 82/99/82 83/102/83 87/107/87 86/105/86
f 83/102/83 84/104/84 88/108/88 87/107/87
f 85/106/85 86/105/86 107/109/107 103/110/103
f 86/105/86 87/107/87 111/111/111 107/109/107
f 91/117/91 92/119/92 96/120/96 95/118/95
f 94/115/94 95/118/95 99/123/99 98/121/98
f 95/118/95 96/120/96 100/124/100 99/123/99
f 97/122/97 98/121/98 84/125/84 80/126/80
f 98/121/98 99/123/99 88/127/88 84/125/84
f 102/133/102 103/135/103 107/136/107 106/134/106
f 105/131/105 106/134/106 110/139/110 109/137/109
f 106/134/106 107/136/107 111/140/111 110/139/110
f 108/138/108 109/137/109 96/120/96 92/119/92
f 109/137/109 110/139/110 100/124/100 96/120/96
f 116/145/116 117/147/117 121/148/121 120/146/120
f 119/143/119 120/146/120 124/151/124 123/149/123
f 120/146/120 121/148/121 125/152/125 124/151/124
f 122/150/122 123/149/123 144/153/144 140/154/140
f 123/149/123 124/151/124 148/155/148 144/153/144
f 128/161/128 129/163/129 133/164/133 132/162/132
f 131/159/131 132/162/132 136/167/136 135/165/135
f 132/162/132 133/164/133 137/168/137 136/167/136
f 134/166/134 135/165/135 121/169/121 117/170/117
f 135/165/135 136/167/136 125/171/125 121/169/121
f 139/177/139 140/179/140 144/180/144 143/178/143
f 142/175/142 143/178/143 147/183/147 146/181/146
f 143/178/143 144/180/144 148/184/148 147/183/147
f 145/182/145 146/181/146 133/164/133 129/163/129
f 146/181/146 147/183/147 137/168/137 133/164/133
f 153/189/153 154/191/154 158/192/158 157/190/157
f 156/187/156 157/190/157 161/195/161 160/193/160
f 157/190/157 158/192/158 162/196/162 161/195/161
f 159/194/159 160/193/160 181/197/181 177/198/177
f 160/193/160 161/195/161 185/199/185 181/197/181
f 165/205/165 166/207/166 170/208/170 169/206/169
f 168/203/168 169/206/169 173/211/173 172/209/172
f 169/206/169 170/208/170 174/212/174 173/211/173
f 171/210/171 172/209/172 158/192/158 154/191/154
f 172/209/172 173/211/173 162/196/162 158/192/158
f 176/217/176 177/198/177 181/197/181 180/218/180
f 179/215/179 180/218/180 184/221/184 183/219/183
f 180/218/180 181/197/181 185/199/185 184/221/184
f 182/220/182 183/219/183 170/208/170 166/207/166
f 183/219/183 184/221/184 174/212/174 170/208/170
f 190/226/190 191/228/191 195/229/195 194/227/194
f 193/224/193 194/227/194 198/232/198 197/230/197
f 194/227/194 195/229/195 199/233/199 198/232/198
f 196/231/196 197/230/197 218/234/218 214/235/214
f 197/230/197 198/232/198 222/236/222 218/234/218
f 202/242/202 203/244/203 207/245/207 206/243/206
f 205/240/205 206/243/206 210/248/210 209/246/209
f 206/243/206 207/245/207 211/249/211 210/248/210
f 208/247/208 209/246/209 195/229/195 191/228/191
f 209/246/209 210/248/210 199/233/199 195/229/195
f 213/254/213 214/235/214 218/234/218 217/255/217
f 216/252/216 217/255/217 221/258/221 220/256/220
f 217/255/217 218/234/218 222/236/222 221/258/221
f 219/257/219 220/256/220 207/245/207 203/244/203
f 220/256/220 221/258/221 211/249/211 207/245/207
f 227/263/227 228/265/228 232/266/232 231/264/231
f 230/261/230 231/264/231 235/269/235 234/267/234
f 231/264/231 232/266/232 236/270/236 235/269/235
f 233/268/233 234/267/234 255/271/255 251/272/251
f 234/267/234 235/269/235 259/273/259 255/271/255
f 239/279/239 240/281/240 244/282/244 243/280/243
f 242/277/242 243/280/243 247/285/247 246/283/246
f 243/280/243 244/282/244 248/286/248 247/285/247
f 245/284/245 246/283/246 232/266/232 228/265/228
f 246/283/246 247/285/247 236/270/236 232/266/232
f 250/291/250 251/272/251 255/271/255 254/292/254
f 253/289/253 254/292/254 258/295/258 257/293/257
f 254/292/254 255/271/255 259/273/259 258/295/258
f 256/294/256 257/293/257 244/282/244 240/281/240
f 257/293/257 258/295/258 248/286/248 244/282/244
f 264/300/264 265/302/265 269/303/269 268/301/268
f 267/298/267 268/301/268 272/306/272 271/304/271
f 268/301/268 269/303/269 273/307/273 272/306/272
f 270/305/270 271/304/271 292/308/292 288/309/288
f 271/304/271 272/306/272 296/310/296 292/308/292
f 276/316/276 277/318/277 281/319/281 280/317/280
f 279/314/279 280/317/280 284/322/284 283/320/283
f 280/317/280 281/319/281 285/323/285 284/322/284
f 282/321/282 283/320/283 269/303/269 265/302/265
f 283/320/283 284/322/284 273/307/273 269/303/269
f 287/328/287 288/309/288 292/308/292 291/329/291
f 290/326/290 291/329/291 295/332/295 294/330/294
f 291/329/291 292/308/292 296/310/296 295/332/295
f 293/331/293 294/330/294 281/319/281 277/318/277
f 294/330/294 295/332/295 285/323/285 281/319/281
f 79/101/79 11/10/11 29/14/29 80/103/80
f 80/126/80 29/39/29 28/37/28 97/122/97
f 17/21/17 48/58/48 66/62/66 18/23/18
f 18/46/18 66/87/66 65/85/65 34/42/34
f 54/69/54 122/150/122 140/154/140 55/71/55
f 55/94/55 140/179/140 139/177/139 71/90/71
f 128/161/128 108/138/108 92/119/92 129/163/129
f 129/163/129 92/119/92 91/117/91 145/182/145
f 227/263/227 85/106/85 103/110/103 228/265/228
f 228/265/228 103/135/103 102/133/102 245/284/245
f 116/145/116 270/305/270 288/309/288 117/147/117
f 117/170/117 288/309/288 287/328/287 134/166/134
f 276/316/276 256/294/256 240/281/240 277/318/277
f 277/318/277 240/281/240 239/279/239 293/331/293
f 153/189/153 233/268/233 251/272/251 154/191/154
f 154/191/154 251/272/251 250/291/250 171/210/171
f 264/300/264 196/231/196 214/235/214 265/302/265
f 265/302/265 214/235/214 213/254/213 282/321/282
f 202/242/202 182/220/182 166/207/166 203/244/203
f 203/244/203 166/207/166 165/205/165 219/257/219
f 5/5/5 159/194/159 177/198/177 6/7/6
f 6/30/6 177/198/177 176/217/176 23/26/23
f 190/226/190 60/74/60 43/78/43 191/228/191
f 191/228/191 43/55/43 42/53/42 208/247/208
usemtl gradient_green
f 13/11/13 14/12/14 15/16/15 37/15/37
f 25/27/25 26/28/26 15/32/15 14/31/14
f 36/43/36 37/44/37 15/48/15 26/47/26
f 50/59/50 51/60/51 52/64/52 74/63/74
f 62/75/62 63/76/63 52/80/52 51/79/51
f 73/91/73 74/92/74 52/96/52 63/95/63
f 87/107/87 88/108/88 89/112/89 111/111/111
f 99/123/99 100/124/100 89/128/89 88/127/88
f 110/139/110 111/140/111 89/128/89 100/124/100
f 124/151/124 125/152/125 126/156/126 148/155/148
f 136/167/136 137/168/137 126/172/126 125/171/125
f 147/183/147 148/184/148 126/172/126 137/168/137
f 161/195/161 162/196/162 163/200/163 185/199/185
f 173/211/173 174/212/174 163/200/163 162/196/162
f 184/221/184 185/199/185 163/200/163 174/212/174
f 198/232/198 199/233/199 200/237/200 222/236/222
f 210/248/210 211/249/211 200/237/200 199/233/199
f 221/258/221 222/236/222 200/237/200 211/249/211
f 235/269/235 236/270/236 237/274/237 259/273/259
f 247/285/247 248/286/248 237/274/237 236/270/236
f 258/295/258 259/273/259 237/274/237 248/286/248
f 272/306/272 273/307/273 274/311/274 296/310/296
f 284/322/284 285/323/285 274/311/274 273/307/273
f 295/332/295 296/310/296 274/311/274 285/323/285
o ball
v 0.000000 0.022961 -0.055433
v 0.000000 -0.022961 -0.055433
v 0.000000 -0.042426 -0.042426
v 0.000000 -0.055433 -0.022961
v 0.008787 0.055433 -0.021213
v 0.016236 0.042426 -0.039197
v 0.021213 0.022961 -0.051213
v 0.022961 0.000000 -0.055433
v 0.021213 -0.022961 -0.051213
v 0.016236 -0.042426 -0.039197
v 0.008787 -0.055433 -0.021213
v 0.016236 0.055433 -0.016236
v 0.030000 0.042426 -0.030000
v 0.039197 0.022961 -0.039197
v 0.042426 0.000000 -0.042426
v 0.039197 -0.022961 -0.039197
v 0.030000 -0.042426 -0.030000
v 0.016236 -0.055433 -0.016236
v 0.021213 0.055433 -0.008787
v 0.039197 0.042426 -0.016236
v 0.051213 0.022961 -0.021213
v 0.055433 0.000000 -0.022961
v 0.051213 -0.022961 -0.021213
v 0.039197 -0.042426 -0.016236
v 0.021213 -0.055433 -0.008787
v 0.022961 0.055433 0.000000
v 0.042426 0.042426 0.000000
v 0.055433 0.022961 0.000000
v 0.060000 0.000000 0.000000
v 0.055433 -0.022961 0.000000
v 0.042426 -0.042426 0.000000
v 0.022961 -0.055433 0.000000
v 0.021213 0.055433 0.008787
v 0.039197 0.042426 0.016236
v 0.051213 0.022961 0.021213
v 0.055433 0.000000 0.022961
v 0.051213 -0.022961 0.021213
v 0.039197 -0.042426 0.016236
v 0.021213 -0.055433 0.008787
v 0.016236 0.055433 0.016236
v 0.030000 0.042426 0.030000
v 0.039197 0.022961 0.039197
v 0.042426 0.000000 0.042426
v 0.039197 -0.022961 0.039197
v 0.030000 -0.042426 0.030000
v 0.016236 -0.055433 0.016236
v 0.008787 0.055433 0.021213
v 0.016236 0.042426 0.039197
v 0.021213 0.022961 0.051213
v 0.022961 0.000000 0.055433
v 0.021213 -0.022961 0.051213
v 0.016236 -0.042426 0.039197
v 0.008787 -0.055433 0.021213
v -0.000000 0.055433 0.022961
v -0.000000 0.042426 0.042426
v -0.000000 0.022961 0.055433
v -0.000000 0.000000 0.060000
v -0.000000 -0.022961 0.055433
v -0.000000 -0.042426 0.042426
v -0.000000 -0.055433 0.022961
v 0.000000 -0.060000 0.000000
v 0.000000 0.060000 0.000000
v -0.008787 0.055433 0.021213
v -0.016236 0.042426 0.039197
v -0.021213 0.022961 0.051213
v -0.022961 0.000000 0.055433
v -0.021213 -0.022961 0.051213
v -0.016236 -0.042426 0.039197
v -0.008787 -0.055433 0.021213
v -0.016236 0.055433 0.016236
v -0.030000 0.042426 0.030000
v -0.039197 0.022961 0.039197
v -0.042426 0.000000 0.042426
v -0.039197 -0.022961 0.039197
v -0.030000 -0.042426 0.030000
v -0.016236 -0.055433 0.016236
v -0.021213 0.055433 0.008787
v -0.039197 0.042426 0.016236
v -0.051213 0.022961 0.021213
v -0.055433 0.000000 0.022961
v -0.051213 -0.022961 0.021213
v -0.039197 -0.042426 0.016236
v -0.021213 -0.055433 0.008787
v -0.022961 0.055433 -0.000000
v -0.042426 0.042426 -0.000000
v -0.055433 0.022961 -0.000000
v -0.060000 0.000000 -0.000000
v -0.055433 -0.022961 -0.000000
v -0.042426 -0.042426 -0.000000
v -0.022961 -0.055433 -0.000000
v -0.021213 0.055433 -0.008787
v -0.039197 0.042426 -0.016236
v -0.051213 0.022961 -0.021213
v -0.055433 0.000000 -0.022961
v -0.051213 -0.022961 -0.021213
v -0.039197 -0.042426 -0.016236
v -0.021213 -0.055433 -0.008787
v -0.016236 0.055433 -0.016236
v -0.030000 0.042426 -0.030000
v -0.039197 0.022961 -0.039197
v -0.042426 0.000000 -0.042426
v -0.039197 -0.022961 -0.039197
v -0.030000 -0.042426 -0.030000
v -0.016236 -0.055433 -0.016236
v -0.008787 0.055433 -0.021213
v -0.016236 0.042426 -0.039197
v -0.021213 0.022961 -0.051213
v -0.022961 0.000000 -0.055433
v -0.021213 -0.022961 -0.051213
v -0.016236 -0.042426 -0.039197
v -0.008787 -0.055433 -0.021213
v 0.000000 0.055433 -0.022961
v 0.000000 0.042426 -0.042426
v 0.000000 0.000000 -0.060000
vn 0.1915 -0.1915 -0.9626
vn 0.1632 0.5481 -0.8203
vn 0.0388 0.9800 -0.1949
vn 0.0388 -0.9800 -0.1949
vn 0.1632 -0.5481 -0.8203
vn 0.1915 0.1915 -0.9626
vn 0.1098 0.8264 -0.5522
vn 0.1098 -0.8264 -0.5522
vn 0.1104 -0.9800 -0.1653
vn 0.4647 -0.5481 -0.6954
vn 0.5453 0.1915 -0.8161
vn 0.3128 0.8264 -0.4681
vn 0.3128 -0.8264 -0.4681
vn 0.5453 -0.1915 -0.8161
vn 0.4647 0.5481 -0.6954
vn 0.1104 0.9800 -0.1653
vn 0.4681 0.8264 -0.3128
vn 0.4681 -0.8264 -0.3128
vn 0.8161 -0.1915 -0.5453
vn 0.6954 0.5481 -0.4647
vn 0.1653 0.9800 -0.1104
vn 0.1653 -0.9800 -0.1104
vn 0.6954 -0.5481 -0.4647
vn 0.8161 0.1915 -0.5453
vn 0.5522 -0.8264 -0.1098
vn 0.9626 -0.1915 -0.1915
vn 0.8203 0.5481 -0.1632
vn 0.1949 0.9800 -0.0388
vn 0.1949 -0.9800 -0.0388
vn 0.8203 -0.5481 -0.1632
vn 0.9626 0.1915 -0.1915
vn 0.5522 0.8264 -0.1098
vn 0.1949 0.9800 0.0388
vn 0.1949 -0.9800 0.0388
vn 0.8203 -0.5481 0.1632
vn 0.9626 0.1915 0.1915
vn 0.5522 0.8264 0.1098
vn 0.5522 -0.8264 0.1098
vn 0.9626 -0.1915 0.1915
vn 0.8203 0.5481 0.1632
vn 0.6954 -0.5481 0.4647
vn 0.8161 0.1915 0.5453
vn 0.4681 0.8264 0.3128
vn 0.4681 -0.8264 0.3128
vn 0.8161 -0.1915 0.5453
vn 0.6954 0.5481 0.4647
vn 0.1653 0.9800 0.1104
vn 0.1653 -0.9800 0.1104
vn 0.3128 -0.8264 0.4681
vn 0.5453 -0.1915 0.8161
vn 0.4647 0.5481 0.6954
vn 0.1104 0.9800 0.1653
vn 0.1104 -0.9800 0.1653
vn 0.4647 -0.5481 0.6954
vn 0.5453 0.1915 0.8161
vn 0.3128 0.8264 0.4681
vn 0.1915 -0.1915 0.9626
vn 0.1632 0.5481 0.8203
vn 0.0388 0.9800 0.1949
vn 0.0388 -0.9800 0.1949
vn 0.1632 -0.5481 0.8203
vn 0.1915 0.1915 0.9626
vn 0.1098 0.8264 0.5522
vn 0.1098 -0.8264 0.5522
vn -0.0388 -0.9800 0.1949
vn -0.1632 -0.5481 0.8203
vn -0.1915 0.1915 0.9626
vn -0.1098 0.8264 0.5522
vn -0.1098 -0.8264 0.5522
vn -0.1915 -0.1915 0.9626
vn -0.1632 0.5481 0.8203
vn -0.0388 0.9800 0.1949
vn -0.5453 0.1915 0.8161
vn -0.3128 0.8264 0.4681
vn -0.3128 -0.8264 0.4681
vn -0.5453 -0.1915 0.8161
vn -0.4647 0.5481 0.6954
vn -0.1104 0.9800 0.1653
vn -0.1104 -0.9800 0.1653
vn -0.4647 -0.5481 0.6954
vn -0.4681 -0.8264 0.3128
vn -0.8161 -0.1915 0.5453
vn -0.6954 0.5481 0.4647
vn -0.1653 0.9800 0.1104
vn -0.1653 -0.9800 0.1104
vn -0.6954 -0.5481 0.4647
vn -0.8161 0.1915 0.5453
vn -0.4681 0.8264 0.3128
vn -0.8203 0.5481 0.1632
vn -0.1949 0.9800 0.0388
vn -0.1949 -0.9800 0.0388
vn -0.8203 -0.5481 0.1632
vn -0.9626 0.1915 0.1915
vn -0.5522 0.8264 0.1098
vn -0.5522 -0.8264 0.1098
vn -0.9626 -0.1915 0.1915
vn -0.1949 -0.9800 -0.0388
vn -0.8203 -0.5481 -0.1632
vn -0.9626 0.1915 -0.1915
vn -0.5522 0.8264 -0.1098
vn -0.5522 -0.8264 -0.1098
vn -0.9626 -0.1915 -0.1915
vn -0.8203 0.5481 -0.1632
vn -0.1949 0.9800 -0.0388
vn -0.4681 0.8264 -0.3128
vn -0.4681 -0.8264 -0.3128
vn -0.8161 -0.1915 -0.5453
vn -0.6954 0.5481 -0.4647
vn -0.1653 0.9800 -0.1104
vn -0.1653 -0.9800 -0.1104
vn -0.6954 -0.5481 -0.4647
vn -0.8161 0.1915 -0.5453
vn -0.3128 -0.8264 -0.4681
vn -0.5453 -0.1915 -0.8161
vn -0.4647 0.5481 -0.6954
vn -0.1104 0.9800 -0.1653
vn -0.1104 -0.9800 -0.1653
vn -0.4647 -0.5481 -0.6954
vn -0.5453 0.1915 -0.8161
vn -0.3128 0.8264 -0.4681
vn -0.0388 0.9800 -0.1949
vn -0.0388 -0.9800 -0.1949
vn -0.1632 -0.5481 -0.8203
vn -0.1915 0.1915 -0.9626
vn -0.1098 0.8264 -0.5522
vn -0.1098 -0.8264 -0.5522
vn -0.1915 -0.1915 -0.9626
vn -0.1632 0.5481 -0.8203
vt 0.750000 0.375000
vt 0.750000 0.500000
vt 0.687500 0.500000
vt 0.687500 0.375000
vt 0.750000 0.625000
vt 0.750000 0.750000
vt 0.687500 0.750000
vt 0.687500 0.625000
vt 0.750000 0.875000
vt 0.718750 1.000000
vt 0.687500 0.875000
vt 0.718750 0.000000
vt 0.750000 0.125000
vt 0.687500 0.125000
vt 0.750000 0.250000
vt 0.687500 0.250000
vt 0.656250 0.000000
vt 0.625000 0.125000
vt 0.625000 0.375000
vt 0.625000 0.250000
vt 0.625000 0.625000
vt 0.625000 0.500000
vt 0.625000 0.875000
vt 0.625000 0.750000
vt 0.656250 1.000000
vt 0.562500 0.875000
vt 0.562500 0.750000
vt 0.562500 0.250000
vt 0.562500 0.125000
vt 0.562500 0.500000
vt 0.562500 0.375000
vt 0.562500 0.625000
vt 0.593750 1.000000
vt 0.593750 0.000000
vt 0.500000 0.250000
vt 0.500000 0.125000
vt 0.500000 0.500000
vt 0.500000 0.375000
vt 0.500000 0.750000
vt 0.500000 0.625000
vt 0.531250 1.000000
vt 0.500000 0.875000
vt 0.531250 0.000000
vt 0.468750 1.000000
vt 0.437500 0.875000
vt 0.468750 0.000000
vt 0.437500 0.125000
vt 0.437500 0.375000
vt 0.437500 0.250000
vt 0.437500 0.625000
vt 0.437500 0.500000
vt 0.437500 0.750000
vt 0.375000 0.375000
vt 0.375000 0.250000
vt 0.375000 0.625000
vt 0.375000 0.500000
vt 0.375000 0.875000
vt 0.375000 0.750000
vt 0.375000 0.125000
vt 0.406250 1.000000
vt 0.406250 0.000000
vt 0.312500 0.250000
vt 0.312500 0.125000
vt 0.312500 0.500000
vt 0.312500 0.375000
vt 0.312500 0.750000
vt 0.312500 0.625000
vt 0.343750 1.000000
vt 0.312500 0.875000
vt 0.343750 0.000000
vt 0.250000 0.500000
vt 0.250000 0.375000
vt 0.250000 0.750000
vt 0.250000 0.625000
vt 0.281250 1.000000
vt 0.250000 0.875000
vt 0.281250 0.000000
vt 0.250000 0.125000
vt 0.250000 0.250000
vt 0.218750 0.000000
vt 0.187500 0.125000
vt 0.187500 0.375000
vt 0.187500 0.250000
vt 0.187500 0.625000
vt 0.187500 0.500000
vt 0.187500 0.875000
vt 0.187500 0.750000
vt 0.218750 1.000000
vt 0.125000 0.625000
vt 0.125000 0.500000
vt 0.125000 0.875000
vt 0.125000 0.750000
vt 0.125000 0.250000
vt 0.125000 0.125000
vt 0.125000 0.375000
vt 0.156250 1.000000
vt 0.156250 0.000000
vt 0.062500 0.250000
vt 0.062500 0.125000
vt 0.062500 0.500000
vt 0.062500 0.375000
vt 0.062500 0.750000
vt 0.062500 0.625000
vt 0.093750 1.000000
vt 0.062500 0.875000
vt 0.093750 0.000000
vt 0.000000 0.750000
vt 0.000000 0.625000
vt 0.031250 1.000000
vt 0.000000 0.875000
vt 0.031250 0.000000
vt 0.000000 0.125000
vt 0.000000 0.375000
vt 0.000000 0.250000
vt 0.000000 0.500000
vt 0.968750 0.000000
vt 1.000000 0.125000
vt 0.937500 0.125000
vt 1.000000 0.250000
vt 1.000000 0.375000
vt 0.937500 0.375000
vt 0.937500 0.250000
vt 1.000000 0.500000
vt 1.000000 0.625000
vt 0.937500 0.625000
vt 0.937500 0.500000
vt 1.000000 0.750000
vt 1.000000 0.875000
vt 0.937500 0.875000
vt 0.937500 0.750000
vt 0.968750 1.000000
vt 0.875000 0.875000
vt 0.875000 0.750000
vt 0.875000 0.250000
vt 0.875000 0.125000
vt 0.875000 0.500000
vt 0.875000 0.375000
vt 0.875000 0.625000
vt 0.906250 1.000000
vt 0.906250 0.000000
vt 0.812500 0.250000
vt 0.812500 0.125000
vt 0.812500 0.500000
vt 0.812500 0.375000
vt 0.812500 0.750000
vt 0.812500 0.625000
vt 0.843750 1.000000
vt 0.812500 0.875000
vt 0.843750 0.000000
vt 0.781250 1.000000
vt 0.781250 0.000000
s 0
usemtl Material.001
f 298/333/297 410/334/297 304/335/297 305/336/297
f 297/337/298 409/338/298 302/339/298 303/340/298
f 408/341/299 358/342/299 301/343/299
f 357/344/300 300/345/300 307/346/300
f 299/347/301 298/333/301 305/336/301 306/348/301
f 410/334/302 297/337/302 303/340/302 304/335/302
f 409/338/303 408/341/303 301/343/303 302/339/303
f 300/345/304 299/347/304 306/348/304 307/346/304
f 357/349/305 307/346/305 314/350/305
f 306/348/306 305/336/306 312/351/306 313/352/306
f 304/335/307 303/340/307 310/353/307 311/354/307
f 302/339/308 301/343/308 308/355/308 309/356/308
f 307/346/309 306/348/309 313/352/309 314/350/309
f 305/336/310 304/335/310 311/354/310 312/351/310
f 303/340/311 302/339/311 309/356/311 310/353/311
f 301/343/312 358/357/312 308/355/312
f 309/356/313 308/355/313 315/358/313 316/359/313
f 314/350/314 313/352/314 320/360/314 321/361/314
f 312/351/315 311/354/315 318/362/315 319/363/315
f 310/353/316 309/356/316 316/359/316 317/364/316
f 308/355/317 358/365/317 315/358/317
f 357/366/318 314/350/318 321/361/318
f 313/352/319 312/351/319 319/363/319 320/360/319
f 311/354/320 310/353/320 317/364/320 318/362/320
f 321/361/321 320/360/321 327/367/321 328/368/321
f 319/363/322 318/362/322 325/369/322 326/370/322
f 317/364/323 316/359/323 323/371/323 324/372/323
f 315/358/324 358/373/324 322/374/324
f 357/375/325 321/361/325 328/368/325
f 320/360/326 319/363/326 326/370/326 327/367/326
f 318/362/327 317/364/327 324/372/327 325/369/327
f 316/359/328 315/358/328 322/374/328 323/371/328
f 322/374/329 358/376/329 329/377/329
f 357/378/330 328/368/330 335/379/330
f 327/367/331 326/370/331 333/380/331 334/381/331
f 325/369/332 324/372/332 331/382/332 332/383/332
f 323/371/333 322/374/333 329/377/333 330/384/333
f 328/368/334 327/367/334 334/381/334 335/379/334
f 326/370/335 325/369/335 332/383/335 333/380/335
f 324/372/336 323/371/336 330/384/336 331/382/336
f 334/381/337 333/380/337 340/385/337 341/386/337
f 332/383/338 331/382/338 338/387/338 339/388/338
f 330/384/339 329/377/339 336/389/339 337/390/339
f 335/379/340 334/381/340 341/386/340 342/391/340
f 333/380/341 332/383/341 339/388/341 340/385/341
f 331/382/342 330/384/342 337/390/342 338/387/342
f 329/377/343 358/392/343 336/389/343
f 357/393/344 335/379/344 342/391/344
f 342/391/345 341/386/345 348/394/345 349/395/345
f 340/385/346 339/388/346 346/396/346 347/397/346
f 338/387/347 337/390/347 344/398/347 345/399/347
f 336/389/348 358/400/348 343/401/348
f 357/402/349 342/391/349 349/395/349
f 341/386/350 340/385/350 347/397/350 348/394/350
f 339/388/351 338/387/351 345/399/351 346/396/351
f 337/390/352 336/389/352 343/401/352 344/398/352
f 347/397/353 346/396/353 353/403/353 354/404/353
f 345/399/354 344/398/354 351/405/354 352/406/354
f 343/401/355 358/407/355 350/408/355
f 357/409/356 349/395/356 356/410/356
f 348/394/357 347/397/357 354/404/357 355/411/357
f 346/396/358 345/399/358 352/406/358 353/403/358
f 344/398/359 343/401/359 350/408/359 351/405/359
f 349/395/360 348/394/360 355/411/360 356/410/360
f 357/412/361 356/410/361 365/413/361
f 355/411/362 354/404/362 363/414/362 364/415/362
f 353/403/363 352/406/363 361/416/363 362/417/363
f 351/405/364 350/408/364 359/418/364 360/419/364
f 356/410/365 355/411/365 364/415/365 365/413/365
f 354/404/366 353/403/366 362/417/366 363/414/366
f 352/406/367 351/405/367 360/419/367 361/416/367
f 350/408/368 358/420/368 359/418/368
f 362/417/369 361/416/369 368/421/369 369/422/369
f 360/419/370 359/418/370 366/423/370 367/424/370
f 365/413/371 364/415/371 371/425/371 372/426/371
f 363/414/372 362/417/372 369/422/372 370/427/372
f 361/416/373 360/419/373 367/424/373 368/421/373
f 359/418/374 358/428/374 366/423/374
f 357/429/375 365/413/375 372/426/375
f 364/415/376 363/414/376 370/427/376 371/425/376
f 372/426/377 371/425/377 378/430/377 379/431/377
f 370/427/378 369/422/378 376/432/378 377/433/378
f 368/421/379 367/424/379 374/434/379 375/435/379
f 366/423/380 358/436/380 373/437/380
f 357/438/381 372/426/381 379/431/381
f 371/425/382 370/427/382 377/433/382 378/430/382
f 369/422/383 368/421/383 375/435/383 376/432/383
f 367/424/384 366/423/384 373/437/384 374/434/384
f 375/435/385 374/434/385 381/439/385 382/440/385
f 373/437/386 358/441/386 380/442/386
f 357/443/387 379/431/387 386/444/387
f 378/430/388 377/433/388 384/445/388 385/446/388
f 376/432/389 375/435/389 382/440/389 383/447/389
f 374/434/390 373/437/390 380/442/390 381/439/390
f 379/431/391 378/430/391 385/446/391 386/444/391
f 377/433/392 376/432/392 383/447/392 384/445/392
f 357/448/393 386/449/393 393/450/393
f 385/451/394 384/452/394 391/453/394 392/454/394
f 383/455/395 382/456/395 389/457/395 390/458/395
f 381/459/396 380/460/396 387/461/396 388/462/396
f 386/449/397 385/451/397 392/454/397 393/450/397
f 384/452/398 383/455/398 390/458/398 391/453/398
f 382/456/399 381/459/399 388/462/399 389/457/399
f 380/460/400 358/463/400 387/461/400
f 388/462/401 387/461/401 394/464/401 395/465/401
f 393/450/402 392/454/402 399/466/402 400/467/402
f 391/453/403 390/458/403 397/468/403 398/469/403
f 389/457/404 388/462/404 395/465/404 396/470/404
f 387/461/405 358/471/405 394/464/405
f 357/472/406 393/450/406 400/467/406
f 392/454/407 391/453/407 398/469/407 399/466/407
f 390/458/408 389/457/408 396/470/408 397/468/408
f 400/467/409 399/466/409 406/473/409 407/474/409
f 398/469/410 397/468/410 404/475/410 405/476/410
f 396/470/411 395/465/411 402/477/411 403/478/411
f 394/464/412 358/479/412 401/480/412
f 357/481/413 400/467/413 407/474/413
f 399/466/414 398/469/414 405/476/414 406/473/414
f 397/468/415 396/470/415 403/478/415 404/475/415
f 395/465/416 394/464/416 401/480/416 402/477/416
f 401/480/417 358/482/417 408/341/417
f 357/483/418 407/474/418 300/345/418
f 406/473/419 405/476/419 298/333/419 299/347/419
f 404/475/420 403/478/420 297/337/420 410/334/420
f 402/477/421 401/480/421 408/341/421 409/338/421
f 407/474/422 406/473/422 299/347/422 300/345/422
f 405/476/423 404/475/423 410/334/423 298/333/423
f 403/478/424 402/477/424 409/338/424 297/337/424
o edges
v 0.903304 0.920189 -0.915556
v 0.908090 0.922123 -0.915170
v 0.912432 0.922830 -0.912442
v 0.915167 0.922123 -0.908105
v 0.915561 0.920189 -0.903319
v 0.913510 0.917547 -0.899368
v 0.909563 0.914906 -0.897310
v 0.904777 0.912972 -0.897697
v 0.900435 0.912264 -0.900424
v 0.897700 0.912972 -0.904762
v 0.897305 0.914906 -0.909547
v 0.899356 0.917547 -0.913498
v 0.906050 0.919060 -0.914155
v 0.910912 0.918404 -0.915805
v 0.915353 0.915745 -0.915725
v 0.918183 0.911797 -0.913936
v 0.918644 0.907618 -0.910917
v 0.916612 0.904327 -0.907476
v 0.912631 0.902806 -0.904537
v 0.907769 0.903463 -0.902886
v 0.903329 0.906121 -0.902966
v 0.900499 0.910069 -0.904756
v 0.900038 0.914249 -0.907775
v 0.902070 0.917540 -0.911215
v 0.902080 0.921978 -0.915709
v 0.904392 0.920288 -0.920021
v 0.905774 0.916390 -0.923133
v 0.905855 0.911328 -0.924213
v 0.904613 0.906459 -0.922971
v 0.902382 0.903087 -0.919739
v 0.899758 0.902116 -0.915384
v 0.897446 0.903806 -0.911072
v 0.896064 0.907704 -0.907959
v 0.895983 0.912766 -0.906879
v 0.897225 0.917635 -0.908122
v 0.899456 0.921007 -0.911354
v 0.887828 0.923185 -0.921969
v 0.889149 0.921561 -0.926703
v 0.889999 0.917698 -0.930043
v 0.890150 0.912632 -0.931093
v 0.889562 0.907719 -0.929572
v 0.888392 0.904276 -0.925887
v 0.886954 0.903226 -0.921027
v 0.885633 0.904850 -0.916293
v 0.884783 0.908713 -0.912953
v 0.884632 0.913779 -0.911903
v 0.885220 0.918692 -0.913424
v 0.886390 0.922135 -0.917109
v 0.865600 0.922731 -0.925327
v 0.865983 0.921116 -0.930230
v 0.866281 0.917259 -0.933669
v 0.866413 0.912193 -0.934722
v 0.866343 0.907275 -0.933108
v 0.866092 0.903823 -0.929258
v 0.865725 0.902763 -0.924205
v 0.865342 0.904378 -0.919302
v 0.865044 0.908236 -0.915863
v 0.864912 0.913302 -0.914809
v 0.864981 0.918220 -0.916424
v 0.865233 0.921671 -0.920273
v -0.865559 0.922745 -0.925322
v -0.865947 0.921130 -0.930224
v -0.866249 0.917273 -0.933663
v -0.866385 0.912207 -0.934716
v -0.866317 0.907289 -0.933102
v -0.866063 0.903837 -0.929252
v -0.865693 0.902777 -0.924199
v -0.865305 0.904392 -0.919297
v -0.865002 0.908249 -0.915858
v -0.864867 0.913315 -0.914805
v -0.864935 0.918233 -0.916419
v -0.865188 0.921685 -0.920268
v -0.887982 0.923224 -0.921896
v -0.889302 0.921599 -0.926630
v -0.890147 0.917737 -0.929971
v -0.890290 0.912670 -0.931023
v -0.889693 0.907758 -0.929504
v -0.888516 0.904316 -0.925822
v -0.887075 0.903266 -0.920962
v -0.885755 0.904890 -0.916228
v -0.884910 0.908753 -0.912887
v -0.884767 0.913819 -0.911835
v -0.885364 0.918732 -0.913354
v -0.886541 0.922174 -0.917037
v -0.902110 0.921962 -0.915705
v -0.904420 0.920270 -0.920018
v -0.905795 0.916371 -0.923132
v -0.905868 0.911309 -0.924214
v -0.904619 0.906442 -0.922973
v -0.902382 0.903072 -0.919742
v -0.899757 0.902103 -0.915387
v -0.897447 0.903795 -0.911075
v -0.896071 0.907695 -0.907961
v -0.895998 0.912756 -0.906879
v -0.897248 0.917624 -0.908119
v -0.899485 0.920993 -0.911350
v -0.909942 0.920897 -0.909946
v -0.913387 0.919138 -0.913386
v -0.915749 0.915180 -0.915742
v -0.916395 0.910084 -0.916383
v -0.915152 0.905216 -0.915137
v -0.912354 0.901880 -0.912338
v -0.908750 0.900969 -0.908736
v -0.905305 0.902729 -0.905296
v -0.902943 0.906687 -0.902940
v -0.902297 0.911783 -0.902299
v -0.903539 0.916651 -0.903545
v -0.906338 0.919987 -0.906344
v -0.915713 0.921978 -0.902082
v -0.920025 0.920285 -0.904394
v -0.923136 0.916385 -0.905775
v -0.924213 0.911323 -0.905854
v -0.922968 0.906455 -0.904611
v -0.919735 0.903085 -0.902379
v -0.915379 0.902116 -0.899755
v -0.911068 0.903809 -0.897444
v -0.907957 0.907709 -0.896063
v -0.906879 0.912771 -0.895983
v -0.908124 0.917640 -0.897226
v -0.911358 0.921009 -0.899459
v -0.921974 0.923184 -0.887830
v -0.926708 0.921558 -0.889150
v -0.930045 0.917693 -0.890000
v -0.931093 0.912626 -0.890150
v -0.929569 0.907714 -0.889561
v -0.925883 0.904274 -0.888391
v -0.921022 0.903226 -0.886953
v -0.916288 0.904853 -0.885632
v -0.912951 0.908717 -0.884783
v -0.911904 0.913784 -0.884632
v -0.913427 0.918696 -0.885221
v -0.917113 0.922137 -0.886391
v -0.925332 0.922731 -0.865600
v -0.930234 0.921113 -0.865984
v -0.933671 0.917254 -0.866281
v -0.934722 0.912187 -0.866413
v -0.933105 0.907270 -0.866343
v -0.929253 0.903821 -0.866091
v -0.924199 0.902764 -0.865725
v -0.919297 0.904381 -0.865341
v -0.915860 0.908240 -0.865044
v -0.914810 0.913307 -0.864912
v -0.916427 0.918224 -0.864982
v -0.920278 0.921674 -0.865233
v -0.925327 0.922745 0.865559
v -0.930229 0.921127 0.865947
v -0.933665 0.917268 0.866250
v -0.934716 0.912201 0.866385
v -0.933099 0.907284 0.866316
v -0.929248 0.903835 0.866063
v -0.924194 0.902777 0.865693
v -0.919292 0.904395 0.865304
v -0.915856 0.908254 0.865002
v -0.914805 0.913321 0.864867
v -0.916422 0.918238 0.864935
v -0.920273 0.921687 0.865188
v -0.921901 0.923223 0.887984
v -0.926635 0.921597 0.889304
v -0.929974 0.917732 0.890148
v -0.931023 0.912665 0.890290
v -0.929502 0.907753 0.889692
v -0.925817 0.904313 0.888515
v -0.920957 0.903266 0.887073
v -0.916224 0.904893 0.885754
v -0.912885 0.908758 0.884909
v -0.911836 0.913825 0.884767
v -0.913357 0.918736 0.885365
v -0.917041 0.922176 0.886542
v -0.915710 0.921962 0.902112
v -0.920021 0.920267 0.904422
v -0.923134 0.916366 0.905796
v -0.924214 0.911304 0.905867
v -0.922971 0.906437 0.904617
v -0.919738 0.903070 0.902379
v -0.915383 0.902104 0.899754
v -0.911071 0.903798 0.897445
v -0.907958 0.907699 0.896071
v -0.906879 0.912761 0.895999
v -0.908122 0.917628 0.897250
v -0.911354 0.920996 0.899487
v -0.909950 0.920897 0.909946
v -0.913389 0.919135 0.913390
v -0.915743 0.915175 0.915750
v -0.916382 0.910079 0.916395
v -0.915135 0.905211 0.915150
v -0.912334 0.901877 0.912351
v -0.908732 0.900970 0.908746
v -0.905293 0.902732 0.905302
v -0.902938 0.906692 0.902942
v -0.902299 0.911788 0.902297
v -0.903547 0.916655 0.903542
v -0.906347 0.919989 0.906341
v -0.902085 0.921977 0.915718
v -0.904396 0.920282 0.920029
v -0.905776 0.916381 0.923138
v -0.905854 0.911318 0.924213
v -0.904610 0.906450 0.922966
v -0.902376 0.903083 0.919731
v -0.899753 0.902117 0.915374
v -0.897442 0.903812 0.911064
v -0.896062 0.907714 0.907955
v -0.895984 0.912777 0.906879
v -0.897228 0.917644 0.908126
v -0.899461 0.921012 0.911362
v -0.887831 0.923184 0.921979
v -0.889151 0.921555 0.926712
v -0.890000 0.917689 0.930047
v -0.890150 0.912621 0.931092
v -0.889560 0.907710 0.929566
v -0.888389 0.904271 0.925878
v -0.886951 0.903227 0.921017
v -0.885631 0.904856 0.916284
v -0.884782 0.908722 0.912949
v -0.884632 0.913790 0.911904
v -0.885222 0.918701 0.913430
v -0.886393 0.922139 0.917118
v -0.865601 0.922731 0.925337
v -0.865984 0.921111 0.930238
v -0.866281 0.917249 0.933673
v -0.866413 0.912182 0.934721
v -0.866343 0.907266 0.933102
v -0.866091 0.903819 0.929248
v -0.865724 0.902764 0.924194
v -0.865341 0.904384 0.919293
v -0.865044 0.908245 0.915858
v -0.864912 0.913313 0.914810
v -0.864982 0.918229 0.916429
v -0.865234 0.921676 0.920283
v 0.865559 0.922744 0.925332
v 0.865948 0.921124 0.930233
v 0.866250 0.917263 0.933668
v 0.866385 0.912196 0.934716
v 0.866316 0.907280 0.933096
v 0.866063 0.903833 0.929243
v 0.865692 0.902778 0.924189
v 0.865304 0.904398 0.919288
v 0.865002 0.908259 0.915853
v 0.864867 0.913326 0.914805
v 0.864935 0.918242 0.916425
v 0.865189 0.921689 0.920278
v 0.887985 0.923223 0.921906
v 0.889305 0.921594 0.926639
v 0.890148 0.917727 0.929976
v 0.890290 0.912660 0.931023
v 0.889691 0.907749 0.929499
v 0.888514 0.904311 0.925813
v 0.887072 0.903267 0.920952
v 0.885752 0.904896 0.916219
v 0.884909 0.908763 0.912882
v 0.884767 0.913830 0.911836
v 0.885366 0.918741 0.913360
v 0.886544 0.922179 0.917046
v 0.902115 0.921961 0.915714
v 0.904423 0.920264 0.920025
v 0.905797 0.916361 0.923136
v 0.905867 0.911299 0.924214
v 0.904615 0.906433 0.922968
v 0.902377 0.903067 0.919734
v 0.899751 0.902104 0.915378
v 0.897443 0.903801 0.911067
v 0.896070 0.907704 0.907956
v 0.896000 0.912767 0.906879
v 0.897252 0.917633 0.908124
v 0.899490 0.920998 0.911358
v 0.915779 0.918260 0.907119
v 0.916453 0.917373 0.912174
v 0.915222 0.914760 0.916470
v 0.912417 0.911122 0.918856
v 0.908789 0.907433 0.918692
v 0.905310 0.904683 0.916022
v 0.902913 0.903607 0.911563
v 0.902239 0.904494 0.906508
v 0.903470 0.907107 0.902212
v 0.906275 0.910745 0.899826
v 0.909903 0.914433 0.899990
v 0.913381 0.917184 0.902659
v 0.922526 0.899730 0.910597
v 0.922262 0.900609 0.915692
v 0.919488 0.900901 0.920052
v 0.914948 0.900528 0.922511
v 0.909858 0.899590 0.922408
v 0.905583 0.898338 0.919772
v 0.903267 0.897109 0.915309
v 0.903531 0.896230 0.910215
v 0.906305 0.895938 0.905854
v 0.910845 0.896311 0.903396
v 0.915935 0.897249 0.903498
v 0.920210 0.898501 0.906134
v 0.924450 0.877230 0.912473
v 0.924260 0.877434 0.917642
v 0.921511 0.877497 0.922027
v 0.916940 0.877405 0.924455
v 0.911772 0.877180 0.924274
v 0.907391 0.876884 0.921532
v 0.904971 0.876595 0.916965
v 0.905162 0.876392 0.911797
v 0.907910 0.876328 0.907411
v 0.912481 0.876421 0.904983
v 0.917650 0.876645 0.905164
v 0.922030 0.876942 0.907906
v 0.924459 -0.854989 0.912464
v 0.924269 -0.855199 0.917633
v 0.921520 -0.855270 0.922018
v 0.916949 -0.855186 0.924446
v 0.911781 -0.854966 0.924265
v 0.907399 -0.854672 0.921524
v 0.904979 -0.854381 0.916957
v 0.905169 -0.854172 0.911789
v 0.907918 -0.854100 0.907403
v 0.912489 -0.854185 0.904975
v 0.917657 -0.854404 0.905156
v 0.922039 -0.854698 0.907897
v 0.922580 -0.877516 0.910537
v 0.922317 -0.878389 0.915633
v 0.919545 -0.878672 0.919995
v 0.915007 -0.878292 0.922455
v 0.909918 -0.877348 0.922354
v 0.905643 -0.876095 0.919719
v 0.903326 -0.874867 0.915256
v 0.903589 -0.873995 0.910160
v 0.906361 -0.873711 0.905798
v 0.910900 -0.874092 0.903338
v 0.915988 -0.875035 0.903439
v 0.920264 -0.876289 0.906074
v 0.918675 -0.891123 0.906696
v 0.918219 -0.892717 0.911600
v 0.915384 -0.893237 0.915899
v 0.910930 -0.892542 0.918443
v 0.906050 -0.890819 0.918549
v 0.902052 -0.888530 0.916189
v 0.900006 -0.886288 0.911996
v 0.900462 -0.884694 0.907092
v 0.903297 -0.884175 0.902792
v 0.907752 -0.884870 0.900249
v 0.912632 -0.886593 0.900142
v 0.916630 -0.888882 0.902502
v 0.913062 -0.901943 0.902941
v 0.913408 -0.902291 0.908095
v 0.911884 -0.900771 0.912802
v 0.908901 -0.897790 0.915804
v 0.905256 -0.894148 0.916294
v 0.901926 -0.890819 0.914143
v 0.899805 -0.888696 0.909925
v 0.899459 -0.888348 0.904772
v 0.900982 -0.889868 0.900064
v 0.903966 -0.892849 0.897063
v 0.907611 -0.896491 0.896572
v 0.910940 -0.899820 0.898724
v 0.902217 -0.907574 0.906700
v 0.903820 -0.907114 0.911600
v 0.904351 -0.904274 0.915895
v 0.903668 -0.899815 0.918434
v 0.901954 -0.894932 0.918536
v 0.899668 -0.890933 0.916175
v 0.897422 -0.888890 0.911982
v 0.895819 -0.889350 0.907082
v 0.895288 -0.892190 0.902787
v 0.895971 -0.896649 0.900248
v 0.897685 -0.901532 0.900146
v 0.899971 -0.905531 0.902507
v 0.888618 -0.911413 0.910602
v 0.889496 -0.911146 0.915697
v 0.889787 -0.908370 0.920056
v 0.889413 -0.903829 0.922512
v 0.888475 -0.898739 0.922407
v 0.887223 -0.894465 0.919769
v 0.885994 -0.892152 0.915304
v 0.885116 -0.892419 0.910210
v 0.884824 -0.895195 0.905850
v 0.885198 -0.899736 0.903394
v 0.886136 -0.904826 0.903500
v 0.887388 -0.909100 0.906138
v 0.866117 -0.913337 0.912478
v 0.866320 -0.913145 0.917647
v 0.866384 -0.910394 0.922031
v 0.866291 -0.905821 0.924456
v 0.866066 -0.900653 0.924272
v 0.865770 -0.896274 0.921529
v 0.865481 -0.893857 0.916960
v 0.865278 -0.894049 0.911792
v 0.865214 -0.896800 0.907407
v 0.865307 -0.901372 0.904982
v 0.865532 -0.906541 0.905166
v 0.865828 -0.910920 0.907910
v -0.866103 -0.913346 0.912469
v -0.866313 -0.913153 0.917638
v -0.866384 -0.910402 0.922022
v -0.866299 -0.905830 0.924447
v -0.866080 -0.900662 0.924264
v -0.865785 -0.896282 0.921520
v -0.865495 -0.893864 0.916952
v -0.865285 -0.894057 0.911784
v -0.865213 -0.896808 0.907400
v -0.865299 -0.901380 0.904974
v -0.865518 -0.906549 0.905158
v -0.865812 -0.910928 0.907901
v -0.888631 -0.911467 0.910542
v -0.889503 -0.911202 0.915638
v -0.889786 -0.908428 0.919999
v -0.889405 -0.903888 0.922457
v -0.888461 -0.898799 0.922353
v -0.887207 -0.894525 0.919715
v -0.885980 -0.892211 0.915251
v -0.885108 -0.892477 0.910155
v -0.884825 -0.895251 0.905794
v -0.885207 -0.899791 0.903336
v -0.886150 -0.904879 0.903440
v -0.887404 -0.909153 0.906078
v -0.902239 -0.907562 0.906701
v -0.903832 -0.907104 0.911604
v -0.904350 -0.904267 0.915903
v -0.903654 -0.899811 0.918445
v -0.901930 -0.894931 0.918548
v -0.899641 -0.890935 0.916186
v -0.897400 -0.888892 0.911991
v -0.895807 -0.889350 0.907087
v -0.895289 -0.892187 0.902789
v -0.895985 -0.896643 0.900247
v -0.897709 -0.901523 0.900144
v -0.899998 -0.905520 0.902506
v -0.913058 -0.901949 0.902946
v -0.913404 -0.902293 0.908100
v -0.911883 -0.900768 0.912807
v -0.908901 -0.897783 0.915806
v -0.905258 -0.894138 0.916293
v -0.901930 -0.890810 0.914139
v -0.899809 -0.888690 0.909920
v -0.899462 -0.888346 0.904767
v -0.900984 -0.889871 0.900060
v -0.903966 -0.892856 0.897061
v -0.907609 -0.896501 0.896573
v -0.910937 -0.899829 0.898727
v -0.918689 -0.891105 0.906704
v -0.918226 -0.892707 0.911605
v -0.915384 -0.893237 0.915898
v -0.910924 -0.892553 0.918435
v -0.906041 -0.890838 0.918535
v -0.902044 -0.888552 0.916171
v -0.900003 -0.886306 0.911977
v -0.900465 -0.884704 0.907077
v -0.903307 -0.884174 0.902783
v -0.907767 -0.884858 0.900247
v -0.912650 -0.886573 0.900147
v -0.916648 -0.888860 0.902510
v -0.922528 -0.877505 0.910607
v -0.922258 -0.878382 0.915702
v -0.919480 -0.878673 0.920059
v -0.914938 -0.878299 0.922513
v -0.909848 -0.877360 0.922405
v -0.905576 -0.876108 0.919765
v -0.903265 -0.874879 0.915299
v -0.903534 -0.874001 0.910205
v -0.906313 -0.873711 0.905847
v -0.910855 -0.874085 0.903393
v -0.915945 -0.875024 0.903501
v -0.920217 -0.876275 0.906142
v -0.924452 -0.855003 0.912483
v -0.924257 -0.855206 0.917652
v -0.921504 -0.855270 0.922035
v -0.916930 -0.855177 0.924457
v -0.911762 -0.854952 0.924271
v -0.907384 -0.854655 0.921525
v -0.904969 -0.854367 0.916955
v -0.905165 -0.854164 0.911787
v -0.907918 -0.854100 0.907404
v -0.912491 -0.854193 0.904981
v -0.917660 -0.854418 0.905167
v -0.922038 -0.854715 0.907913
v -0.924461 0.877217 0.912474
v -0.924266 0.877426 0.917643
v -0.921513 0.877498 0.922026
v -0.916939 0.877413 0.924448
v -0.911771 0.877194 0.924262
v -0.907392 0.876899 0.921516
v -0.904977 0.876608 0.916947
v -0.905172 0.876399 0.911779
v -0.907926 0.876327 0.907396
v -0.912499 0.876413 0.904973
v -0.917668 0.876632 0.905159
v -0.922046 0.876926 0.907905
v -0.922582 0.899746 0.910547
v -0.922314 0.900617 0.915643
v -0.919538 0.900900 0.920002
v -0.914997 0.900518 0.922458
v -0.909908 0.899573 0.922351
v -0.905636 0.898320 0.919712
v -0.903324 0.897093 0.915246
v -0.903592 0.896221 0.910150
v -0.906369 0.895939 0.905791
v -0.910910 0.896321 0.903335
v -0.915998 0.897265 0.903441
v -0.920271 0.898519 0.906081
v -0.918808 0.912954 0.906836
v -0.918437 0.914264 0.911830
v -0.915629 0.914681 0.916159
v -0.911136 0.914095 0.918662
v -0.906162 0.912661 0.918669
v -0.902040 0.910764 0.916177
v -0.899874 0.908913 0.911856
v -0.900245 0.907603 0.906861
v -0.903053 0.907185 0.902533
v -0.907546 0.907772 0.900030
v -0.912520 0.909206 0.900023
v -0.916642 0.911103 0.902515
v 0.915556 0.920189 0.903304
v 0.915170 0.922123 0.908090
v 0.912442 0.922830 0.912432
v 0.908105 0.922123 0.915167
v 0.903319 0.920189 0.915561
v 0.899368 0.917547 0.913510
v 0.897310 0.914906 0.909563
v 0.897697 0.912972 0.904777
v 0.900424 0.912264 0.900435
v 0.904762 0.912972 0.897700
v 0.909547 0.914906 0.897305
v 0.913498 0.917547 0.899356
v 0.914155 0.919060 0.906050
v 0.915805 0.918404 0.910912
v 0.915725 0.915745 0.915353
v 0.913936 0.911797 0.918183
v 0.910917 0.907618 0.918644
v 0.907476 0.904327 0.916612
v 0.904537 0.902806 0.912631
v 0.902886 0.903463 0.907769
v 0.902966 0.906121 0.903329
v 0.904756 0.910069 0.900499
v 0.907775 0.914249 0.900038
v 0.911215 0.917540 0.902070
v 0.915709 0.921978 0.902080
v 0.920021 0.920288 0.904392
v 0.923133 0.916390 0.905774
v 0.924213 0.911328 0.905855
v 0.922971 0.906459 0.904613
v 0.919739 0.903087 0.902382
v 0.915384 0.902116 0.899758
v 0.911072 0.903806 0.897446
v 0.907959 0.907704 0.896064
v 0.906879 0.912766 0.895983
v 0.908122 0.917635 0.897225
v 0.911354 0.921007 0.899456
v 0.921969 0.923185 0.887828
v 0.926703 0.921561 0.889149
v 0.930043 0.917698 0.889999
v 0.931093 0.912632 0.890150
v 0.929572 0.907719 0.889562
v 0.925887 0.904276 0.888392
v 0.921027 0.903226 0.886954
v 0.916293 0.904850 0.885633
v 0.912953 0.908713 0.884783
v 0.911903 0.913779 0.884632
v 0.913424 0.918692 0.885220
v 0.917109 0.922135 0.886390
v 0.925327 0.922731 0.865600
v 0.930230 0.921116 0.865983
v 0.933669 0.917259 0.866281
v 0.934722 0.912193 0.866413
v 0.933108 0.907275 0.866343
v 0.929258 0.903823 0.866092
v 0.924205 0.902763 0.865725
v 0.919302 0.904378 0.865342
v 0.915863 0.908236 0.865044
v 0.914809 0.913302 0.864912
v 0.916424 0.918220 0.864981
v 0.920273 0.921671 0.865233
v 0.925322 0.922745 -0.865559
v 0.930224 0.921130 -0.865947
v 0.933663 0.917273 -0.866249
v 0.934716 0.912207 -0.866385
v 0.933102 0.907289 -0.866317
v 0.929252 0.903837 -0.866063
v 0.924199 0.902777 -0.865693
v 0.919297 0.904392 -0.865305
v 0.915858 0.908249 -0.865002
v 0.914805 0.913315 -0.864867
v 0.916419 0.918233 -0.864935
v 0.920268 0.921685 -0.865188
v 0.921896 0.923224 -0.887982
v 0.926630 0.921599 -0.889302
v 0.929971 0.917737 -0.890147
v 0.931023 0.912670 -0.890290
v 0.929504 0.907758 -0.889693
v 0.925822 0.904316 -0.888516
v 0.920962 0.903266 -0.887075
v 0.916228 0.904890 -0.885755
v 0.912887 0.908753 -0.884910
v 0.911835 0.913819 -0.884767
v 0.913354 0.918732 -0.885364
v 0.917037 0.922174 -0.886541
v 0.915705 0.921962 -0.902110
v 0.920018 0.920270 -0.904420
v 0.923132 0.916371 -0.905795
v 0.924214 0.911309 -0.905868
v 0.922973 0.906442 -0.904619
v 0.919742 0.903072 -0.902382
v 0.915387 0.902103 -0.899757
v 0.911075 0.903795 -0.897447
v 0.907961 0.907695 -0.896071
v 0.906879 0.912756 -0.895998
v 0.908119 0.917624 -0.897248
v 0.911350 0.920993 -0.899485
v 0.907109 0.918260 -0.915776
v 0.912164 0.917376 -0.916453
v 0.916463 0.914767 -0.915227
v 0.918853 0.911130 -0.912424
v 0.918695 0.907440 -0.908797
v 0.916030 0.904687 -0.905317
v 0.911573 0.903607 -0.902916
v 0.906518 0.904490 -0.902238
v 0.902219 0.907100 -0.903465
v 0.899828 0.910737 -0.906268
v 0.899987 0.914426 -0.909895
v 0.902652 0.917180 -0.913375
v 0.910587 0.899728 -0.922524
v 0.915682 0.900608 -0.922265
v 0.920045 0.900901 -0.919496
v 0.922508 0.900529 -0.914958
v 0.922411 0.899592 -0.909868
v 0.919780 0.898341 -0.905590
v 0.915319 0.897111 -0.903269
v 0.910225 0.896231 -0.903528
v 0.905861 0.895938 -0.906297
v 0.903398 0.896310 -0.910835
v 0.903495 0.897247 -0.915925
v 0.906127 0.898498 -0.920203
v 0.912462 0.877230 -0.924448
v 0.917631 0.877433 -0.924263
v 0.922020 0.877498 -0.921519
v 0.924453 0.877405 -0.916951
v 0.924277 0.877181 -0.911782
v 0.921540 0.876884 -0.907398
v 0.916976 0.876596 -0.904974
v 0.911807 0.876392 -0.905158
v 0.907418 0.876328 -0.907902
v 0.904986 0.876420 -0.912471
v 0.905161 0.876645 -0.917639
v 0.907898 0.876941 -0.922023
v 0.912454 -0.854988 -0.924456
v 0.917623 -0.855198 -0.924272
v 0.922011 -0.855270 -0.921528
v 0.924444 -0.855186 -0.916960
v 0.924268 -0.854967 -0.911791
v 0.921532 -0.854673 -0.907407
v 0.916968 -0.854382 -0.904982
v 0.911799 -0.854172 -0.905166
v 0.907410 -0.854100 -0.907910
v 0.904978 -0.854184 -0.912479
v 0.905153 -0.854403 -0.917647
v 0.907890 -0.854697 -0.922032
v 0.910527 -0.877514 -0.922578
v 0.915623 -0.878387 -0.922321
v 0.919988 -0.878673 -0.919553
v 0.922453 -0.878293 -0.915017
v 0.922357 -0.877350 -0.909928
v 0.919727 -0.876097 -0.905650
v 0.915266 -0.874870 -0.903328
v 0.910170 -0.873996 -0.903586
v 0.905805 -0.873711 -0.906353
v 0.903340 -0.874091 -0.910889
v 0.903436 -0.875033 -0.915978
v 0.906066 -0.876286 -0.920257
v 0.906686 -0.891119 -0.918674
v 0.911590 -0.892715 -0.918223
v 0.915892 -0.893237 -0.915392
v 0.918440 -0.892544 -0.910940
v 0.918552 -0.890823 -0.906059
v 0.916196 -0.888535 -0.902058
v 0.912006 -0.886292 -0.900008
v 0.907102 -0.884696 -0.900459
v 0.902800 -0.884175 -0.903290
v 0.900251 -0.884867 -0.907742
v 0.900140 -0.886588 -0.912622
v 0.902495 -0.888877 -0.916624
v 0.902931 -0.901940 -0.913059
v 0.908084 -0.902292 -0.913409
v 0.912794 -0.900776 -0.911889
v 0.915800 -0.897797 -0.908908
v 0.916296 -0.894155 -0.905263
v 0.914149 -0.890825 -0.901932
v 0.909935 -0.888699 -0.899807
v 0.904783 -0.888347 -0.899458
v 0.900072 -0.889863 -0.900977
v 0.897066 -0.892842 -0.903959
v 0.896570 -0.896484 -0.907603
v 0.898717 -0.899814 -0.910934
v 0.906690 -0.907573 -0.902213
v 0.911590 -0.907118 -0.903818
v 0.915888 -0.904282 -0.904351
v 0.918431 -0.899825 -0.903671
v 0.918539 -0.894942 -0.901958
v 0.916182 -0.890940 -0.899673
v 0.911992 -0.888892 -0.897426
v 0.907092 -0.889346 -0.895821
v 0.902794 -0.892182 -0.895288
v 0.900251 -0.896639 -0.895968
v 0.900143 -0.901523 -0.897681
v 0.902500 -0.905525 -0.899966
v 0.910592 -0.911411 -0.888615
v 0.915687 -0.911150 -0.889494
v 0.920049 -0.908378 -0.889787
v 0.922509 -0.903839 -0.889415
v 0.922410 -0.898749 -0.888477
v 0.919776 -0.894472 -0.887226
v 0.915314 -0.892154 -0.885996
v 0.910220 -0.892416 -0.885117
v 0.905858 -0.895187 -0.884824
v 0.903397 -0.899726 -0.885197
v 0.903497 -0.904816 -0.886134
v 0.906130 -0.909093 -0.887385
v 0.912467 -0.913335 -0.866116
v 0.917636 -0.913148 -0.866320
v 0.922024 -0.910401 -0.866384
v 0.924454 -0.905832 -0.866291
v 0.924275 -0.900663 -0.866066
v 0.921536 -0.896281 -0.865770
v 0.916971 -0.893859 -0.865482
v 0.911802 -0.894046 -0.865278
v 0.907414 -0.896793 -0.865214
v 0.904984 -0.901362 -0.865307
v 0.905163 -0.906531 -0.865531
v 0.907902 -0.910913 -0.865828
v 0.912459 -0.913344 0.866103
v 0.917628 -0.913157 0.866312
v 0.922015 -0.910410 0.866384
v 0.924445 -0.905841 0.866299
v 0.924267 -0.900672 0.866081
v 0.921528 -0.896289 0.865786
v 0.916963 -0.893867 0.865495
v 0.911794 -0.894054 0.865285
v 0.907407 -0.896800 0.865213
v 0.904977 -0.901370 0.865298
v 0.905155 -0.906539 0.865517
v 0.907893 -0.910921 0.865812
v 0.910532 -0.911465 0.888629
v 0.915628 -0.911205 0.889502
v 0.919991 -0.908435 0.889786
v 0.922454 -0.903898 0.889406
v 0.922356 -0.898809 0.888463
v 0.919723 -0.894533 0.887210
v 0.915261 -0.892213 0.885982
v 0.910165 -0.892474 0.885109
v 0.905801 -0.895243 0.884825
v 0.903339 -0.899781 0.885205
v 0.903437 -0.904869 0.886148
v 0.906070 -0.909146 0.887401
v 0.906691 -0.907561 0.902235
v 0.911595 -0.907107 0.903830
v 0.915896 -0.904274 0.904350
v 0.918442 -0.899821 0.903657
v 0.918551 -0.894941 0.901935
v 0.916193 -0.890941 0.899646
v 0.912001 -0.888894 0.897404
v 0.907097 -0.889347 0.895809
v 0.902796 -0.892180 0.895289
v 0.900250 -0.896633 0.895982
v 0.900141 -0.901513 0.897704
v 0.902499 -0.905513 0.899993
v 0.903625 -0.904500 0.909233
v 0.908421 -0.903939 0.911098
v 0.912685 -0.901068 0.911713
v 0.915273 -0.896657 0.910914
v 0.915492 -0.891887 0.908914
v 0.913285 -0.888038 0.906249
v 0.909241 -0.886139 0.903634
v 0.904445 -0.886700 0.901769
v 0.900182 -0.889571 0.901153
v 0.897594 -0.893982 0.901953
v 0.897374 -0.898752 0.903953
v 0.899582 -0.902601 0.906617
v -0.915114 -0.890682 0.908207
v -0.912314 -0.887287 0.905481
v -0.907938 -0.886045 0.903010
v -0.903159 -0.887287 0.901457
v -0.899258 -0.890682 0.901237
v -0.897279 -0.895320 0.902409
v -0.897753 -0.899957 0.904659
v -0.900553 -0.903352 0.907385
v -0.904929 -0.904594 0.909856
v -0.909707 -0.903352 0.911410
v -0.913609 -0.899957 0.911630
v -0.915588 -0.895320 0.910458
v -0.918116 -0.893689 0.901357
v -0.915161 -0.890140 0.899018
v -0.910647 -0.888759 0.896894
v -0.905783 -0.889917 0.895554
v -0.901872 -0.893302 0.895357
v -0.899963 -0.898009 0.896355
v -0.900566 -0.902775 0.898282
v -0.903520 -0.906324 0.900621
v -0.908035 -0.907705 0.902745
v -0.912899 -0.906547 0.904085
v -0.916809 -0.903162 0.904282
v -0.918719 -0.898455 0.903284
v -0.921914 -0.897424 0.888148
v -0.918676 -0.893594 0.886867
v -0.913905 -0.891958 0.885704
v -0.908879 -0.892954 0.884970
v -0.904944 -0.896316 0.884862
v -0.903156 -0.901143 0.885409
v -0.903992 -0.906141 0.886463
v -0.907230 -0.909971 0.887744
v -0.912001 -0.911608 0.888907
v -0.917028 -0.910611 0.889641
v -0.920962 -0.907249 0.889749
v -0.922751 -0.902423 0.889203
v -0.923752 -0.899311 0.865988
v -0.920406 -0.895372 0.865686
v -0.915537 -0.893638 0.865414
v -0.910448 -0.894572 0.865245
v -0.906504 -0.897924 0.865224
v -0.904761 -0.902796 0.865358
v -0.905686 -0.907883 0.865609
v -0.909032 -0.911821 0.865912
v -0.913901 -0.913556 0.866184
v -0.918990 -0.912622 0.866353
v -0.922934 -0.909270 0.866373
v -0.924677 -0.904398 0.866240
v -0.923743 -0.899319 -0.866003
v -0.920398 -0.895381 -0.865701
v -0.915529 -0.893646 -0.865426
v -0.910441 -0.894580 -0.865250
v -0.906496 -0.897932 -0.865221
v -0.904753 -0.902804 -0.865347
v -0.905678 -0.907891 -0.865594
v -0.909023 -0.911830 -0.865896
v -0.913893 -0.913565 -0.866172
v -0.918981 -0.912631 -0.866348
v -0.922925 -0.909279 -0.866376
v -0.924668 -0.904406 -0.866250
v -0.921860 -0.897485 -0.888133
v -0.918623 -0.893654 -0.886852
v -0.913851 -0.892017 -0.885692
v -0.908824 -0.893011 -0.884965
v -0.904887 -0.896371 -0.884865
v -0.903097 -0.901197 -0.885419
v -0.903933 -0.906194 -0.886478
v -0.907170 -0.910025 -0.887760
v -0.911941 -0.911662 -0.888919
v -0.916969 -0.910667 -0.889646
v -0.920905 -0.907307 -0.889746
v -0.922696 -0.902482 -0.889192
v -0.918128 -0.893689 -0.901331
v -0.915172 -0.890142 -0.898991
v -0.910655 -0.888761 -0.896873
v -0.905788 -0.889917 -0.895545
v -0.901873 -0.893299 -0.895361
v -0.899961 -0.898002 -0.896373
v -0.900564 -0.902765 -0.898308
v -0.903520 -0.906312 -0.900648
v -0.908037 -0.907693 -0.902766
v -0.912904 -0.906538 -0.904094
v -0.916818 -0.903155 -0.904278
v -0.918730 -0.898452 -0.903266
v -0.912369 -0.889891 -0.912375
v -0.909654 -0.886419 -0.909660
v -0.906076 -0.885332 -0.906081
v -0.902594 -0.886921 -0.902596
v -0.900140 -0.890760 -0.900139
v -0.899373 -0.895821 -0.899369
v -0.900498 -0.900748 -0.900492
v -0.903213 -0.904220 -0.903206
v -0.906791 -0.905307 -0.906786
v -0.910273 -0.903718 -0.910270
v -0.912726 -0.899879 -0.912727
v -0.913493 -0.894818 -0.913497
v -0.901354 -0.893685 -0.918114
v -0.899015 -0.890137 -0.915157
v -0.896892 -0.888759 -0.910642
v -0.895553 -0.889919 -0.905778
v -0.895357 -0.893307 -0.901869
v -0.896357 -0.898014 -0.899962
v -0.898285 -0.902779 -0.900568
v -0.900624 -0.906327 -0.903524
v -0.902747 -0.907705 -0.908039
v -0.904086 -0.906545 -0.912903
v -0.904282 -0.903158 -0.916812
v -0.903282 -0.898450 -0.918720
v -0.888147 -0.897420 -0.921912
v -0.886866 -0.893591 -0.918672
v -0.885703 -0.891957 -0.913900
v -0.884970 -0.892956 -0.908874
v -0.884862 -0.896320 -0.904941
v -0.885409 -0.901148 -0.903155
v -0.886465 -0.906145 -0.903995
v -0.887745 -0.909974 -0.907234
v -0.888908 -0.911608 -0.912006
v -0.889641 -0.910609 -0.917032
v -0.889749 -0.907245 -0.920965
v -0.889202 -0.902418 -0.922751
v -0.865988 -0.899306 -0.923750
v -0.865685 -0.895369 -0.920402
v -0.865413 -0.893637 -0.915532
v -0.865245 -0.894574 -0.910443
v -0.865224 -0.897928 -0.906501
v -0.865358 -0.902802 -0.904760
v -0.865610 -0.907888 -0.905688
v -0.865912 -0.911824 -0.909036
v -0.866184 -0.913556 -0.913907
v -0.866353 -0.912620 -0.918995
v -0.866373 -0.909266 -0.922937
v -0.866240 -0.904392 -0.924678
v 0.866003 -0.899315 -0.923741
v 0.865701 -0.895378 -0.920394
v 0.865426 -0.893645 -0.915524
v 0.865250 -0.894582 -0.910436
v 0.865221 -0.897936 -0.906493
v 0.865348 -0.902809 -0.904753
v 0.865595 -0.907896 -0.905680
v 0.865897 -0.911833 -0.909028
v 0.866172 -0.913565 -0.913898
v 0.866348 -0.912629 -0.918986
v 0.866376 -0.909274 -0.922928
v 0.866250 -0.904401 -0.924669
v 0.888132 -0.897480 -0.921858
v 0.886850 -0.893651 -0.918619
v 0.885691 -0.892016 -0.913846
v 0.884964 -0.893014 -0.908819
v 0.884865 -0.896376 -0.904884
v 0.885420 -0.901202 -0.903097
v 0.886480 -0.906199 -0.903935
v 0.887761 -0.910028 -0.907174
v 0.888920 -0.911662 -0.911947
v 0.889647 -0.910665 -0.916974
v 0.889746 -0.907303 -0.920908
v 0.889191 -0.902477 -0.922696
v 0.901329 -0.893685 -0.918126
v 0.898989 -0.890139 -0.915168
v 0.896872 -0.888761 -0.910650
v 0.895544 -0.889919 -0.905783
v 0.895362 -0.893303 -0.901870
v 0.896374 -0.898007 -0.899961
v 0.898310 -0.902769 -0.900566
v 0.900650 -0.906315 -0.903524
v 0.902767 -0.907693 -0.908042
v 0.904095 -0.906535 -0.912909
v 0.904277 -0.903151 -0.916822
v 0.903265 -0.898447 -0.918731
v 0.908209 -0.890671 -0.915107
v 0.905484 -0.887279 -0.912303
v 0.903012 -0.886042 -0.907926
v 0.901458 -0.887291 -0.903149
v 0.901236 -0.890691 -0.899252
v 0.902407 -0.895331 -0.897280
v 0.904657 -0.899968 -0.897759
v 0.907383 -0.903360 -0.900564
v 0.909854 -0.904597 -0.904940
v 0.911409 -0.903348 -0.909717
v 0.911631 -0.899948 -0.913614
v 0.910459 -0.895308 -0.915587
v -0.909563 -0.892678 -0.897310
v -0.904777 -0.890744 -0.897697
v -0.900435 -0.890036 -0.900424
v -0.897700 -0.890744 -0.904762
v -0.897305 -0.892678 -0.909547
v -0.899356 -0.895320 -0.913498
v -0.903304 -0.897961 -0.915556
v -0.908090 -0.899895 -0.915170
v -0.912432 -0.900603 -0.912442
v -0.915167 -0.899895 -0.908105
v -0.915561 -0.897961 -0.903319
v -0.913510 -0.895320 -0.899368
v -0.912316 -0.886452 -0.900068
v -0.907423 -0.884787 -0.900348
v -0.903043 -0.884171 -0.903039
v -0.900352 -0.884771 -0.907419
v -0.900068 -0.886425 -0.912316
v -0.902270 -0.888690 -0.916417
v -0.906366 -0.890959 -0.918623
v -0.911259 -0.892625 -0.918344
v -0.915638 -0.893240 -0.915653
v -0.918330 -0.892640 -0.911273
v -0.918613 -0.890986 -0.906376
v -0.916412 -0.888721 -0.902275
v -0.915655 -0.874958 -0.903348
v -0.910560 -0.874046 -0.903427
v -0.906107 -0.873709 -0.906044
v -0.903488 -0.874037 -0.910496
v -0.903405 -0.874943 -0.915592
v -0.905881 -0.876183 -0.919966
v -0.910251 -0.877425 -0.922445
v -0.915346 -0.878337 -0.922366
v -0.919800 -0.878674 -0.919749
v -0.922419 -0.878346 -0.915296
v -0.922502 -0.877441 -0.910201
v -0.920026 -0.876201 -0.905827
v -0.917318 -0.854386 -0.905059
v -0.912146 -0.854174 -0.905061
v -0.907663 -0.854100 -0.907649
v -0.905071 -0.854182 -0.912129
v -0.905064 -0.854399 -0.917300
v -0.907645 -0.854693 -0.921778
v -0.912120 -0.854984 -0.924363
v -0.917292 -0.855196 -0.924361
v -0.921775 -0.855271 -0.921773
v -0.924367 -0.855188 -0.917293
v -0.924374 -0.854971 -0.912121
v -0.921794 -0.854677 -0.907643
v -0.917310 0.876627 -0.905067
v -0.912138 0.876410 -0.905069
v -0.907656 0.876327 -0.907656
v -0.905064 0.876401 -0.912136
v -0.905056 0.876613 -0.917308
v -0.907636 0.876904 -0.921787
v -0.912112 0.877198 -0.924371
v -0.917283 0.877416 -0.924369
v -0.921766 0.877498 -0.921782
v -0.924358 0.877424 -0.917302
v -0.924365 0.877213 -0.912130
v -0.921785 0.876921 -0.907651
v -0.915602 0.897172 -0.903407
v -0.910506 0.896266 -0.903485
v -0.906051 0.895937 -0.906100
v -0.903430 0.896273 -0.910551
v -0.903345 0.897184 -0.915646
v -0.905820 0.898426 -0.920019
v -0.910191 0.899667 -0.922499
v -0.915287 0.900573 -0.922421
v -0.919742 0.900902 -0.919807
v -0.922363 0.900566 -0.915356
v -0.922448 0.899655 -0.910261
v -0.919973 0.898413 -0.905887
v -0.912202 0.909032 -0.899948
v -0.907212 0.907670 -0.900132
v -0.902793 0.907182 -0.902784
v -0.900130 0.907699 -0.907193
v -0.899937 0.909083 -0.912177
v -0.902265 0.910962 -0.916402
v -0.906490 0.912834 -0.918734
v -0.911480 0.914197 -0.918549
v -0.915899 0.914685 -0.915897
v -0.918561 0.914168 -0.911488
v -0.918755 0.912784 -0.906504
v -0.916427 0.910904 -0.902280
vn 0.1474 -0.8623 -0.4844
vn -0.0919 -0.2576 -0.9619
vn 0.3621 0.4819 -0.7979
vn 0.8014 0.4682 -0.3722
vn 0.9732 0.2205 0.0660
vn 0.8928 -0.0580 0.4467
vn 0.6152 -0.2933 0.7318
vn 0.1746 -0.4533 0.8741
vn -0.3627 -0.5188 0.7742
vn -0.7769 -0.5662 0.2755
vn -0.3104 -0.7646 -0.5649
vn 0.2757 -0.8182 -0.5045
vn 0.4533 0.6336 0.6269
vn 0.3745 0.9231 0.0873
vn 0.4938 0.6858 -0.5346
vn 0.6226 0.1405 -0.7698
vn 0.6115 -0.3797 -0.6941
vn 0.4615 -0.7576 -0.4616
vn 0.1981 -0.9684 -0.1515
vn -0.1500 -0.9681 0.2005
vn -0.4844 -0.6830 0.5467
vn -0.5428 -0.1098 0.8326
vn 0.0456 0.4224 0.9052
vn 0.4892 0.4406 0.7527
vn -0.0090 0.9776 0.2104
vn 0.1964 0.9435 -0.2668
vn 0.3479 0.6565 -0.6693
vn 0.4070 0.1969 -0.8919
vn 0.3588 -0.3153 -0.8785
vn 0.2138 -0.7464 -0.6303
vn 0.0088 -0.9775 -0.2105
vn -0.1997 -0.9433 0.2653
vn -0.3533 -0.6561 0.6669
vn -0.4115 -0.1966 0.8900
vn -0.3602 0.3154 0.8779
vn -0.2131 0.7463 0.6306
vn -0.0506 0.9787 0.1991
vn 0.0288 0.9490 -0.3138
vn 0.1004 0.6648 -0.7402
vn 0.1442 0.2050 -0.9681
vn 0.1491 -0.3095 -0.9391
vn 0.1146 -0.7435 -0.6588
vn 0.0505 -0.9787 -0.1991
vn -0.0255 -0.9489 0.3144
vn -0.0938 -0.6647 0.7412
vn -0.1378 -0.2050 0.9690
vn -0.1462 0.3095 0.9396
vn -0.1149 0.7436 0.6587
vn -0.0000 0.9787 0.2054
vn -0.0000 0.9498 -0.3128
vn -0.0000 0.6654 -0.7464
vn -0.0000 0.2036 -0.9791
vn -0.0000 -0.3119 -0.9501
vn -0.0000 -0.7446 -0.6676
vn -0.0000 -0.9787 -0.2054
vn -0.0000 -0.9498 0.3128
vn -0.0000 -0.6655 0.7464
vn -0.0000 -0.2036 0.9791
vn -0.0000 0.3119 0.9501
vn -0.0000 0.7446 0.6676
vn 0.0519 0.9787 0.1988
vn -0.0285 0.9490 -0.3139
vn -0.1010 0.6649 -0.7401
vn -0.1455 0.2051 -0.9679
vn -0.1509 -0.3095 -0.9389
vn -0.1163 -0.7436 -0.6585
vn -0.0518 -0.9787 -0.1988
vn 0.0250 -0.9489 0.3145
vn 0.0944 -0.6648 0.7410
vn 0.1394 -0.2051 0.9688
vn 0.1482 0.3094 0.9393
vn 0.1168 0.7436 0.6584
vn 0.0048 0.9773 0.2119
vn -0.1998 0.9432 -0.2655
vn -0.3498 0.6562 -0.6686
vn -0.4071 0.1966 -0.8920
vn -0.3569 -0.3155 -0.8793
vn -0.2103 -0.7463 -0.6315
vn -0.0045 -0.9772 -0.2121
vn 0.2035 -0.9428 0.2640
vn 0.3556 -0.6557 0.6661
vn 0.4114 -0.1963 0.8901
vn 0.3578 0.3155 0.8789
vn 0.2092 0.7462 0.6320
vn 0.0199 0.9764 0.2150
vn -0.2781 0.9371 -0.2108
vn -0.5059 0.6419 -0.5763
vn -0.6005 0.1749 -0.7803
vn -0.5369 -0.3352 -0.7742
vn -0.3306 -0.7561 -0.5648
vn -0.0324 -0.9781 -0.2056
vn 0.2780 -0.9371 0.2109
vn 0.5103 -0.6415 0.5728
vn 0.5970 -0.1751 0.7829
vn 0.5200 0.3339 0.7862
vn 0.3092 0.7537 0.5800
vn 0.2158 0.9763 0.0187
vn -0.2104 0.9370 -0.2788
vn -0.5762 0.6419 -0.5059
vn -0.7806 0.1750 -0.6000
vn -0.7749 -0.3350 -0.5360
vn -0.5656 -0.7560 -0.3295
vn -0.2064 -0.9780 -0.0312
vn 0.2103 -0.9370 0.2788
vn 0.5726 -0.6415 0.5105
vn 0.7833 -0.1752 0.5965
vn 0.7870 0.3337 0.5189
vn 0.5809 0.7535 0.3078
vn 0.2099 0.9777 0.0088
vn -0.2672 0.9434 -0.1966
vn -0.6696 0.6561 -0.3480
vn -0.8921 0.1964 -0.4070
vn -0.8784 -0.3158 -0.3587
vn -0.6299 -0.7467 -0.2136
vn -0.2101 -0.9777 -0.0086
vn 0.2658 -0.9431 0.1998
vn 0.6672 -0.6557 0.3534
vn 0.8901 -0.1960 0.4115
vn 0.8778 0.3159 0.3601
vn 0.6302 0.7467 0.2129
vn 0.1986 0.9788 0.0505
vn -0.3144 0.9489 -0.0289
vn -0.7406 0.6644 -0.1004
vn -0.9682 0.2045 -0.1442
vn -0.9390 -0.3100 -0.1491
vn -0.6584 -0.7439 -0.1145
vn -0.1986 -0.9788 -0.0505
vn 0.3149 -0.9488 0.0256
vn 0.7415 -0.6643 0.0939
vn 0.9691 -0.2045 0.1379
vn 0.9394 0.3100 0.1462
vn 0.6583 0.7439 0.1148
vn 0.2049 0.9788 -0.0000
vn -0.3133 0.9496 -0.0000
vn -0.7468 0.6650 -0.0000
vn -0.9792 0.2030 -0.0000
vn -0.9499 -0.3124 -0.0000
vn -0.6672 -0.7449 -0.0000
vn -0.2048 -0.9788 -0.0000
vn 0.3133 -0.9496 -0.0000
vn 0.7468 -0.6650 -0.0000
vn 0.9792 -0.2030 -0.0000
vn 0.9499 0.3124 -0.0000
vn 0.6672 0.7449 -0.0000
vn 0.1983 0.9788 -0.0518
vn -0.3144 0.9489 0.0286
vn -0.7404 0.6645 0.1010
vn -0.9680 0.2046 0.1456
vn -0.9387 -0.3100 0.1509
vn -0.6581 -0.7439 0.1163
vn -0.1983 -0.9788 0.0518
vn 0.3150 -0.9488 -0.0251
vn 0.7414 -0.6644 -0.0944
vn 0.9689 -0.2046 -0.1394
vn 0.9391 0.3099 -0.1482
vn 0.6580 0.7439 -0.1168
vn 0.2114 0.9774 -0.0046
vn -0.2660 0.9430 0.2000
vn -0.6690 0.6558 0.3500
vn -0.8921 0.1961 0.4071
vn -0.8791 -0.3160 0.3568
vn -0.6312 -0.7467 0.2101
vn -0.2116 -0.9773 0.0043
vn 0.2644 -0.9426 -0.2037
vn 0.6664 -0.6553 -0.3557
vn 0.8902 -0.1958 -0.4114
vn 0.8787 0.3160 -0.3577
vn 0.6316 0.7466 -0.2090
vn 0.2146 0.9765 -0.0196
vn -0.2113 0.9370 0.2783
vn -0.5766 0.6415 0.5061
vn -0.7804 0.1743 0.6005
vn -0.7741 -0.3357 0.5368
vn -0.5645 -0.7564 0.3304
vn -0.2052 -0.9782 0.0321
vn 0.2114 -0.9370 -0.2782
vn 0.5731 -0.6411 -0.5104
vn 0.7830 -0.1745 -0.5970
vn 0.7861 0.3344 -0.5199
vn 0.5796 0.7540 -0.3090
vn 0.0184 0.9764 -0.2154
vn -0.2790 0.9369 0.2108
vn -0.5061 0.6415 0.5765
vn -0.6000 0.1745 0.7807
vn -0.5359 -0.3355 0.7748
vn -0.3292 -0.7563 0.5654
vn -0.0309 -0.9781 0.2060
vn 0.2791 -0.9369 -0.2107
vn 0.5106 -0.6411 -0.5729
vn 0.5965 -0.1747 -0.7834
vn 0.5187 0.3342 -0.7869
vn 0.3076 0.7538 -0.5806
vn 0.0086 0.9778 -0.2095
vn -0.1968 0.9432 0.2677
vn -0.3481 0.6557 0.6700
vn -0.4070 0.1959 0.8922
vn -0.3586 -0.3163 0.8783
vn -0.2134 -0.7471 0.6295
vn -0.0083 -0.9778 0.2096
vn 0.2000 -0.9429 -0.2663
vn 0.3535 -0.6553 -0.6676
vn 0.4115 -0.1955 -0.8902
vn 0.3600 0.3164 -0.8777
vn 0.2127 0.7470 -0.6298
vn 0.0505 0.9789 -0.1981
vn -0.0290 0.9487 0.3148
vn -0.1005 0.6640 0.7409
vn -0.1443 0.2039 0.9683
vn -0.1491 -0.3105 0.9388
vn -0.1145 -0.7443 0.6580
vn -0.0504 -0.9789 0.1981
vn 0.0256 -0.9486 -0.3154
vn 0.0939 -0.6639 -0.7419
vn 0.1379 -0.2040 -0.9692
vn 0.1462 0.3105 -0.9393
vn 0.1148 0.7443 -0.6579
vn -0.0000 0.9789 -0.2043
vn -0.0000 0.9495 0.3139
vn -0.0000 0.6647 0.7472
vn -0.0000 0.2025 0.9793
vn -0.0000 -0.3129 0.9498
vn -0.0000 -0.7453 0.6668
vn -0.0000 -0.9789 0.2043
vn -0.0000 -0.9495 -0.3139
vn -0.0000 -0.6646 -0.7472
vn -0.0000 -0.2025 -0.9793
vn -0.0000 0.3129 -0.9498
vn -0.0000 0.7453 -0.6668
vn -0.0517 0.9789 -0.1978
vn 0.0286 0.9487 0.3149
vn 0.1011 0.6641 0.7408
vn 0.1456 0.2040 0.9681
vn 0.1508 -0.3104 0.9385
vn 0.1162 -0.7443 0.6577
vn 0.0517 -0.9789 0.1978
vn -0.0252 -0.9486 -0.3155
vn -0.0945 -0.6640 -0.7417
vn -0.1394 -0.2041 -0.9690
vn -0.1482 0.3104 -0.9390
vn -0.1167 0.7443 -0.6576
vn -0.0044 0.9775 -0.2110
vn 0.2002 0.9428 0.2665
vn 0.3501 0.6554 0.6693
vn 0.4071 0.1956 0.8922
vn 0.3567 -0.3165 0.8790
vn 0.2099 -0.7470 0.6308
vn 0.0041 -0.9775 0.2111
vn -0.2039 -0.9425 -0.2649
vn -0.3558 -0.6549 -0.6668
vn -0.4114 -0.1952 -0.8903
vn -0.3576 0.3165 -0.8786
vn -0.2088 0.7469 -0.6313
vn 0.0900 0.9578 -0.2728
vn 0.3348 0.9303 0.1501
vn 0.5151 0.6485 0.5605
vn 0.6055 0.1226 0.7863
vn 0.6138 -0.4563 0.6443
vn 0.5722 -0.7798 0.2538
vn 0.4236 -0.9053 -0.0319
vn -0.0105 -0.9648 -0.2629
vn -0.4799 -0.6633 -0.5742
vn -0.5940 -0.1293 -0.7940
vn -0.4462 0.3874 -0.8067
vn -0.1866 0.7670 -0.6139
vn 0.8401 0.2133 -0.4988
vn 0.9438 0.3283 -0.0378
vn 0.8003 0.3723 0.4700
vn 0.3707 0.3568 0.8575
vn -0.2028 0.3291 0.9222
vn -0.6405 0.3093 0.7029
vn -0.8868 0.2000 0.4167
vn -0.9951 -0.0907 0.0400
vn -0.8111 -0.3496 -0.4689
vn -0.3748 -0.3502 -0.8584
vn 0.1238 -0.1771 -0.9764
vn 0.5517 0.0356 -0.8333
vn 0.8825 0.0362 -0.4689
vn 0.9955 0.0884 0.0348
vn 0.8419 0.1171 0.5268
vn 0.4650 0.1141 0.8779
vn -0.0366 0.0802 0.9961
vn -0.5307 0.0250 0.8472
vn -0.8826 -0.0357 0.4688
vn -0.9958 -0.0851 -0.0351
vn -0.8424 -0.1110 -0.5274
vn -0.4655 -0.1081 -0.8784
vn 0.0363 -0.0771 -0.9964
vn 0.5307 -0.0246 -0.8472
vn 0.8836 -0.0000 -0.4682
vn 0.9993 -0.0000 0.0367
vn 0.8473 -0.0000 0.5311
vn 0.4690 -0.0000 0.8832
vn -0.0350 -0.0000 0.9994
vn -0.5304 -0.0000 0.8477
vn -0.8836 -0.0000 0.4682
vn -0.9993 -0.0000 -0.0367
vn -0.8473 -0.0000 -0.5310
vn -0.4690 -0.0000 -0.8832
vn 0.0350 -0.0000 -0.9994
vn 0.5304 -0.0000 -0.8477
vn 0.8828 -0.0333 -0.4686
vn 0.9957 -0.0864 0.0348
vn 0.8421 -0.1164 0.5267
vn 0.4651 -0.1149 0.8778
vn -0.0367 -0.0823 0.9959
vn -0.5310 -0.0280 0.8469
vn -0.8828 0.0326 0.4686
vn -0.9959 0.0828 -0.0352
vn -0.8425 0.1103 -0.5272
vn -0.4656 0.1091 -0.8782
vn 0.0364 0.0795 -0.9962
vn 0.5310 0.0277 -0.8469
vn 0.8683 -0.1132 -0.4829
vn 0.9612 -0.2757 0.0011
vn 0.7970 -0.3635 0.4823
vn 0.4217 -0.3553 0.8342
vn -0.0671 -0.2529 0.9652
vn -0.5404 -0.0815 0.8374
vn -0.8681 0.1140 0.4831
vn -0.9601 0.2798 -0.0000
vn -0.7950 0.3704 -0.4803
vn -0.4199 0.3616 -0.8324
vn 0.0679 0.2559 -0.9643
vn 0.5405 0.0817 -0.8374
vn 0.8144 -0.2403 -0.5282
vn 0.8984 -0.4330 -0.0737
vn 0.7434 -0.5224 0.4177
vn 0.3422 -0.5039 0.7931
vn -0.2101 -0.4314 0.8773
vn -0.6771 -0.3743 0.6336
vn -0.9143 -0.2291 0.3340
vn -0.9837 0.1784 0.0237
vn -0.7581 0.4971 -0.4220
vn -0.3463 0.4983 -0.7948
vn 0.1213 0.2980 -0.9468
vn 0.5363 0.0219 -0.8438
vn 0.2407 -0.8142 -0.5283
vn 0.4333 -0.8982 -0.0740
vn 0.5225 -0.7434 0.4176
vn 0.5038 -0.3423 0.7931
vn 0.4316 0.2103 0.8772
vn 0.3763 0.6776 0.6319
vn 0.2321 0.9142 0.3323
vn -0.1782 0.9837 0.0236
vn -0.4974 0.7580 -0.4219
vn -0.4980 0.3465 -0.7949
vn -0.2974 -0.1211 -0.9470
vn -0.0213 -0.5361 -0.8439
vn 0.1077 -0.8700 -0.4811
vn 0.2720 -0.9623 0.0025
vn 0.3623 -0.7972 0.4829
vn 0.3569 -0.4209 0.8339
vn 0.2569 0.0686 0.9640
vn 0.0871 0.5423 0.8357
vn -0.1082 0.8699 0.4812
vn -0.2754 0.9613 -0.0016
vn -0.3689 0.7953 -0.4810
vn -0.3635 0.4191 -0.8320
vn -0.2605 -0.0696 -0.9630
vn -0.0876 -0.5424 -0.8355
vn 0.0362 -0.8828 -0.4684
vn 0.0884 -0.9955 0.0353
vn 0.1171 -0.8416 0.5273
vn 0.1141 -0.4645 0.8782
vn 0.0801 0.0372 0.9961
vn 0.0249 0.5312 0.8469
vn -0.0358 0.8828 0.4683
vn -0.0852 0.9957 -0.0356
vn -0.1111 0.8421 -0.5278
vn -0.1081 0.4651 -0.8786
vn -0.0770 -0.0368 -0.9964
vn -0.0245 -0.5311 -0.8469
vn -0.0000 -0.8839 -0.4677
vn -0.0000 -0.9993 0.0372
vn -0.0000 -0.8471 0.5315
vn -0.0000 -0.4686 0.8834
vn -0.0000 0.0355 0.9994
vn -0.0000 0.5309 0.8475
vn -0.0000 0.8839 0.4677
vn -0.0000 0.9993 -0.0372
vn -0.0000 0.8471 -0.5315
vn -0.0000 0.4686 -0.8834
vn -0.0000 -0.0355 -0.9994
vn -0.0000 -0.5309 -0.8475
vn -0.0333 -0.8830 -0.4682
vn -0.0864 -0.9956 0.0353
vn -0.1165 -0.8418 0.5271
vn -0.1149 -0.4646 0.8780
vn -0.0823 0.0372 0.9959
vn -0.0279 0.5314 0.8466
vn 0.0327 0.8831 0.4681
vn 0.0828 0.9959 -0.0357
vn 0.1103 0.8423 -0.5277
vn 0.1091 0.4652 -0.8785
vn 0.0795 -0.0369 -0.9962
vn 0.0277 -0.5314 -0.8467
vn -0.1134 -0.8686 -0.4824
vn -0.2758 -0.9612 0.0016
vn -0.3636 -0.7968 0.4827
vn -0.3552 -0.4213 0.8345
vn -0.2528 0.0677 0.9652
vn -0.0813 0.5409 0.8372
vn 0.1142 0.8683 0.4826
vn 0.2799 0.9600 -0.0005
vn 0.3704 0.7948 -0.4807
vn 0.3616 0.4195 -0.8327
vn 0.2557 -0.0685 -0.9643
vn 0.0815 -0.5409 -0.8371
vn -0.2405 -0.8146 -0.5278
vn -0.4332 -0.8983 -0.0733
vn -0.5224 -0.7431 0.4182
vn -0.5039 -0.3417 0.7933
vn -0.4314 0.2107 0.8772
vn -0.3743 0.6774 0.6332
vn -0.2289 0.9144 0.3338
vn 0.1788 0.9836 0.0232
vn 0.4972 0.7578 -0.4225
vn 0.4982 0.3458 -0.7951
vn 0.2978 -0.1218 -0.9468
vn 0.0216 -0.5366 -0.8435
vn -0.8144 -0.2409 -0.5279
vn -0.8982 -0.4334 -0.0735
vn -0.7431 -0.5225 0.4180
vn -0.3418 -0.5037 0.7934
vn 0.2108 -0.4315 0.8771
vn 0.6779 -0.3762 0.6316
vn 0.9143 -0.2319 0.3320
vn 0.9836 0.1786 0.0232
vn 0.7577 0.4975 -0.4223
vn 0.3461 0.4979 -0.7952
vn -0.1215 0.2972 -0.9471
vn -0.5364 0.0210 -0.8437
vn -0.8702 -0.1079 -0.4807
vn -0.9623 -0.2721 0.0030
vn -0.7969 -0.3624 0.4833
vn -0.4205 -0.3568 0.8342
vn 0.0691 -0.2568 0.9640
vn 0.5427 -0.0869 0.8354
vn 0.8701 0.1084 0.4808
vn 0.9613 0.2756 -0.0021
vn 0.7950 0.3690 -0.4815
vn 0.4186 0.3635 -0.8323
vn -0.0701 0.2604 -0.9630
vn -0.5428 0.0874 -0.8353
vn -0.8830 -0.0363 -0.4679
vn -0.9954 -0.0885 0.0358
vn -0.8413 -0.1171 0.5277
vn -0.4641 -0.1141 0.8784
vn 0.0377 -0.0801 0.9961
vn 0.5316 -0.0249 0.8466
vn 0.8831 0.0358 0.4679
vn 0.9957 0.0852 -0.0362
vn 0.8418 0.1111 -0.5282
vn 0.4646 0.1081 -0.8789
vn -0.0373 0.0770 -0.9963
vn -0.5316 0.0245 -0.8467
vn -0.8841 -0.0000 -0.4673
vn -0.9993 -0.0000 0.0378
vn -0.8468 -0.0000 0.5319
vn -0.4681 -0.0000 0.8837
vn 0.0361 -0.0000 0.9993
vn 0.5313 -0.0000 0.8472
vn 0.8841 -0.0000 0.4673
vn 0.9993 -0.0000 -0.0378
vn 0.8468 -0.0000 -0.5319
vn 0.4681 -0.0000 -0.8837
vn -0.0361 -0.0000 -0.9994
vn -0.5313 -0.0000 -0.8472
vn -0.8833 0.0334 -0.4677
vn -0.9956 0.0865 0.0359
vn -0.8415 0.1165 0.5275
vn -0.4642 0.1149 0.8782
vn 0.0378 0.0823 0.9959
vn 0.5319 0.0279 0.8464
vn 0.8833 -0.0327 0.4676
vn 0.9959 -0.0829 -0.0362
vn 0.8420 -0.1103 -0.5281
vn 0.4647 -0.1091 -0.8787
vn -0.0374 -0.0794 -0.9961
vn -0.5318 -0.0276 -0.8464
vn -0.8687 0.1133 -0.4823
vn -0.9616 0.2745 0.0016
vn -0.7974 0.3613 0.4834
vn -0.4209 0.3529 0.8357
vn 0.0689 0.2511 0.9655
vn 0.5417 0.0807 0.8367
vn 0.8684 -0.1145 0.4826
vn 0.9597 -0.2812 -0.0000
vn 0.7940 -0.3727 -0.4803
vn 0.4179 -0.3637 -0.8325
vn -0.0702 -0.2565 -0.9640
vn -0.5418 -0.0812 -0.8366
vn 0.4844 -0.8623 0.1474
vn 0.9619 -0.2576 -0.0919
vn 0.7979 0.4819 0.3621
vn 0.3722 0.4682 0.8014
vn -0.0660 0.2205 0.9732
vn -0.4467 -0.0580 0.8928
vn -0.7318 -0.2933 0.6152
vn -0.8741 -0.4533 0.1745
vn -0.7742 -0.5188 -0.3627
vn -0.2754 -0.5662 -0.7769
vn 0.5648 -0.7646 -0.3104
vn 0.5045 -0.8182 0.2757
vn -0.6269 0.6337 0.4533
vn -0.0873 0.9231 0.3745
vn 0.5346 0.6858 0.4938
vn 0.7698 0.1405 0.6226
vn 0.6941 -0.3797 0.6116
vn 0.4616 -0.7576 0.4615
vn 0.1515 -0.9684 0.1981
vn -0.2005 -0.9681 -0.1500
vn -0.5467 -0.6830 -0.4844
vn -0.8326 -0.1098 -0.5428
vn -0.9053 0.4224 0.0455
vn -0.7527 0.4406 0.4892
vn -0.2104 0.9776 -0.0090
vn 0.2668 0.9435 0.1964
vn 0.6693 0.6565 0.3479
vn 0.8919 0.1969 0.4070
vn 0.8786 -0.3153 0.3588
vn 0.6303 -0.7464 0.2138
vn 0.2105 -0.9776 0.0088
vn -0.2654 -0.9433 -0.1996
vn -0.6669 -0.6561 -0.3533
vn -0.8899 -0.1966 -0.4115
vn -0.8779 0.3154 -0.3602
vn -0.6305 0.7463 -0.2131
vn -0.1991 0.9787 -0.0506
vn 0.3138 0.9490 0.0288
vn 0.7402 0.6648 0.1004
vn 0.9681 0.2050 0.1442
vn 0.9391 -0.3095 0.1491
vn 0.6588 -0.7435 0.1146
vn 0.1991 -0.9787 0.0505
vn -0.3144 -0.9489 -0.0255
vn -0.7412 -0.6647 -0.0938
vn -0.9690 -0.2050 -0.1378
vn -0.9396 0.3095 -0.1462
vn -0.6587 0.7435 -0.1149
vn -0.2054 0.9787 -0.0000
vn 0.3128 0.9498 -0.0000
vn 0.7464 0.6655 -0.0000
vn 0.9791 0.2036 -0.0000
vn 0.9501 -0.3119 -0.0000
vn 0.6676 -0.7446 -0.0000
vn 0.2053 -0.9787 -0.0000
vn -0.3128 -0.9498 -0.0000
vn -0.7464 -0.6654 -0.0000
vn -0.9791 -0.2036 -0.0000
vn -0.9501 0.3119 -0.0000
vn -0.6676 0.7446 -0.0000
vn -0.1988 0.9787 0.0519
vn 0.3139 0.9490 -0.0285
vn 0.7401 0.6649 -0.1010
vn 0.9679 0.2051 -0.1455
vn 0.9389 -0.3095 -0.1509
vn 0.6585 -0.7436 -0.1164
vn 0.1988 -0.9787 -0.0518
vn -0.3145 -0.9489 0.0250
vn -0.7411 -0.6648 0.0944
vn -0.9688 -0.2051 0.1394
vn -0.9393 0.3094 0.1482
vn -0.6584 0.7436 0.1168
vn -0.2119 0.9773 0.0048
vn 0.2655 0.9432 -0.1998
vn 0.6686 0.6561 -0.3498
vn 0.8920 0.1966 -0.4071
vn 0.8793 -0.3155 -0.3569
vn 0.6315 -0.7463 -0.2103
vn 0.2120 -0.9772 -0.0045
vn -0.2639 -0.9428 0.2035
vn -0.6661 -0.6557 0.3555
vn -0.8901 -0.1963 0.4114
vn -0.8789 0.3155 0.3578
vn -0.6320 0.7462 0.2092
vn -0.2736 0.9577 -0.0895
vn 0.1492 0.9306 -0.3343
vn 0.5598 0.6493 -0.5148
vn 0.7862 0.1239 -0.6054
vn 0.6449 -0.4553 -0.6138
vn 0.2546 -0.7795 -0.5724
vn -0.0315 -0.9050 -0.4242
vn -0.2623 -0.9649 0.0094
vn -0.5736 -0.6643 0.4793
vn -0.7937 -0.1304 0.5941
vn -0.8069 0.3865 0.4466
vn -0.6145 0.7664 0.1872
vn -0.4997 0.2130 -0.8396
vn -0.0388 0.3281 -0.9438
vn 0.4690 0.3722 -0.8009
vn 0.8570 0.3569 -0.3718
vn 0.9225 0.3292 0.2017
vn 0.7034 0.3094 0.6399
vn 0.4173 0.2004 0.8864
vn 0.0410 -0.0901 0.9951
vn -0.4679 -0.3494 0.8118
vn -0.8578 -0.3505 0.3759
vn -0.9764 -0.1775 -0.1228
vn -0.8338 0.0352 -0.5510
vn -0.4698 0.0361 -0.8820
vn 0.0337 0.0883 -0.9955
vn 0.5259 0.1171 -0.8424
vn 0.8774 0.1141 -0.4659
vn 0.9961 0.0803 0.0356
vn 0.8477 0.0251 0.5298
vn 0.4698 -0.0356 0.8821
vn -0.0341 -0.0850 0.9958
vn -0.5265 -0.1110 0.8429
vn -0.8779 -0.1082 0.4665
vn -0.9964 -0.0771 -0.0352
vn -0.8478 -0.0247 -0.5298
vn -0.4691 -0.0000 -0.8831
vn 0.0357 -0.0000 -0.9994
vn 0.5301 -0.0000 -0.8479
vn 0.8827 -0.0000 -0.4700
vn 0.9994 -0.0000 0.0339
vn 0.8483 -0.0000 0.5295
vn 0.4691 -0.0000 0.8831
vn -0.0357 -0.0000 0.9994
vn -0.5301 -0.0000 0.8479
vn -0.8827 -0.0000 0.4700
vn -0.9994 -0.0000 -0.0339
vn -0.8483 -0.0000 -0.5295
vn -0.4696 -0.0331 -0.8823
vn 0.0338 -0.0863 -0.9957
vn 0.5258 -0.1164 -0.8426
vn 0.8773 -0.1150 -0.4661
vn 0.9960 -0.0824 0.0356
vn 0.8475 -0.0281 0.5301
vn 0.4695 0.0325 0.8823
vn -0.0341 0.0827 0.9960
vn -0.5263 0.1102 0.8431
vn -0.8777 0.1092 0.4666
vn -0.9962 0.0796 -0.0353
vn -0.8475 0.0278 -0.5300
vn -0.4838 -0.1128 -0.8679
vn 0.0001 -0.2754 -0.9613
vn 0.4814 -0.3634 -0.7976
vn 0.8337 -0.3554 -0.4226
vn 0.9651 -0.2532 0.0661
vn 0.8379 -0.0819 0.5396
vn 0.4840 0.1136 0.8677
vn 0.0010 0.2795 0.9601
vn -0.4794 0.3703 0.7956
vn -0.8319 0.3617 0.4209
vn -0.9643 0.2562 -0.0669
vn -0.8379 0.0821 -0.5397
vn -0.5290 -0.2398 -0.8141
vn -0.0748 -0.4327 -0.8984
vn 0.4168 -0.5223 -0.7440
vn 0.7925 -0.5040 -0.3433
vn 0.8775 -0.4316 0.2090
vn 0.6343 -0.3745 0.6764
vn 0.3345 -0.2297 0.9140
vn 0.0245 0.1775 0.9838
vn -0.4211 0.4968 0.7588
vn -0.7943 0.4986 0.3472
vn -0.9468 0.2986 -0.1204
vn -0.8442 0.0225 -0.5356
vn -0.5291 -0.8138 -0.2402
vn -0.0750 -0.8983 -0.4330
vn 0.4166 -0.7440 -0.5224
vn 0.7926 -0.3434 -0.5039
vn 0.8774 0.2091 -0.4317
vn 0.6326 0.6769 -0.3764
vn 0.3328 0.9138 -0.2327
vn 0.0244 0.9839 0.1772
vn -0.4210 0.7588 0.4971
vn -0.7943 0.3475 0.4983
vn -0.9470 -0.1202 0.2979
vn -0.8444 -0.5353 0.0218
vn -0.4820 -0.8696 -0.1074
vn 0.0015 -0.9624 -0.2717
vn 0.4820 -0.7978 -0.3622
vn 0.8334 -0.4219 -0.3570
vn 0.9640 0.0676 -0.2572
vn 0.8362 0.5414 -0.0875
vn 0.4821 0.8695 0.1078
vn -0.0005 0.9614 0.2752
vn -0.4802 0.7959 0.3688
vn -0.8315 0.4200 0.3636
vn -0.9629 -0.0685 0.2608
vn -0.8361 -0.5415 0.0880
vn -0.4693 -0.8823 -0.0361
vn 0.0342 -0.9955 -0.0883
vn 0.5264 -0.8422 -0.1171
vn 0.8777 -0.4655 -0.1141
vn 0.9961 0.0361 -0.0802
vn 0.8475 0.5303 -0.0250
vn 0.4693 0.8823 0.0357
vn -0.0346 0.9958 0.0851
vn -0.5269 0.8426 0.1110
vn -0.8781 0.4660 0.1081
vn -0.9964 -0.0357 0.0771
vn -0.8475 -0.5302 0.0247
vn -0.4687 -0.8834 -0.0000
vn 0.0362 -0.9993 -0.0000
vn 0.5306 -0.8476 -0.0000
vn 0.8829 -0.4695 -0.0000
vn 0.9994 0.0345 -0.0000
vn 0.8480 0.5300 -0.0000
vn 0.4687 0.8834 -0.0000
vn -0.0362 0.9993 -0.0000
vn -0.5306 0.8476 -0.0000
vn -0.8829 0.4695 -0.0000
vn -0.9994 -0.0345 -0.0000
vn -0.8480 -0.5300 -0.0000
vn -0.4691 -0.8825 0.0332
vn 0.0342 -0.9957 0.0864
vn 0.5262 -0.8423 0.1164
vn 0.8775 -0.4656 0.1149
vn 0.9959 0.0362 0.0824
vn 0.8472 0.5305 0.0280
vn 0.4690 0.8826 -0.0326
vn -0.0347 0.9960 -0.0828
vn -0.5268 0.8428 -0.1102
vn -0.8780 0.4661 -0.1092
vn -0.9962 -0.0359 -0.0796
vn -0.8472 -0.5305 -0.0278
vn -0.4833 -0.8681 0.1130
vn 0.0006 -0.9613 0.2756
vn 0.4818 -0.7974 0.3635
vn 0.8340 -0.4222 0.3554
vn 0.9651 0.0666 0.2531
vn 0.8377 0.5400 0.0817
vn 0.4835 0.8679 -0.1138
vn 0.0005 0.9601 -0.2797
vn -0.4799 0.7953 -0.3704
vn -0.8321 0.4204 -0.3617
vn -0.9643 -0.0674 -0.2560
vn -0.8376 -0.5401 -0.0819
vn -0.4995 -0.8524 0.1544
vn -0.0408 -0.9221 0.3848
vn 0.4283 -0.7449 0.5115
vn 0.7824 -0.3686 0.5020
vn 0.9272 0.1069 0.3589
vn 0.8239 0.5542 0.1189
vn 0.4997 0.8522 -0.1550
vn 0.0425 0.9203 -0.3889
vn -0.4251 0.7416 -0.5189
vn -0.7791 0.3655 -0.5093
vn -0.9256 -0.1084 -0.3628
vn -0.8237 -0.5544 -0.1194
vn -0.9238 0.2388 0.2994
vn -0.7538 0.6557 0.0426
vn -0.3820 0.8957 -0.2276
vn 0.0912 0.8943 -0.4380
vn 0.5391 0.6538 -0.5310
vn 0.8435 0.2393 -0.4810
vn 0.9227 -0.2398 -0.3018
vn 0.7538 -0.6558 -0.0426
vn 0.3814 -0.8964 0.2260
vn -0.0934 -0.8968 0.4325
vn -0.5425 -0.6573 0.5231
vn -0.8463 -0.2419 0.4746
vn -0.9544 0.2066 0.2155
vn -0.7574 0.6520 0.0336
vn -0.3556 0.9210 -0.1593
vn 0.1397 0.9404 -0.3101
vn 0.5953 0.7092 -0.3778
vn 0.8928 0.2906 -0.3442
vn 0.9537 -0.2072 -0.2181
vn 0.7574 -0.6521 -0.0337
vn 0.3554 -0.9212 0.1582
vn -0.1410 -0.9417 0.3056
vn -0.5973 -0.7112 0.3708
vn -0.8946 -0.2922 0.3381
vn -0.9814 0.1801 0.0665
vn -0.7621 0.6474 0.0080
vn -0.3364 0.9403 -0.0512
vn 0.1784 0.9794 -0.0950
vn 0.6434 0.7571 -0.1132
vn 0.9370 0.3340 -0.1022
vn 0.9816 -0.1798 -0.0642
vn 0.7621 -0.6474 -0.0079
vn 0.3366 -0.9402 0.0522
vn -0.1780 -0.9790 0.0992
vn -0.6428 -0.7566 0.1196
vn -0.9366 -0.3335 0.1076
vn -0.9839 0.1789 -0.0000
vn -0.7621 0.6474 -0.0000
vn -0.3356 0.9420 -0.0000
vn 0.1805 0.9836 -0.0000
vn 0.6476 0.7620 -0.0000
vn 0.9416 0.3368 -0.0000
vn 0.9839 -0.1789 -0.0000
vn 0.7622 -0.6474 -0.0000
vn 0.3356 -0.9420 -0.0000
vn -0.1805 -0.9836 -0.0000
vn -0.6476 -0.7620 -0.0000
vn -0.9416 -0.3368 -0.0000
vn -0.9812 0.1802 -0.0689
vn -0.7618 0.6477 -0.0111
vn -0.3362 0.9406 0.0482
vn 0.1784 0.9795 0.0930
vn 0.6432 0.7573 0.1129
vn 0.9368 0.3341 0.1037
vn 0.9814 -0.1800 0.0670
vn 0.7618 -0.6477 0.0111
vn 0.3363 -0.9404 -0.0495
vn -0.1780 -0.9792 -0.0975
vn -0.6427 -0.7568 -0.1193
vn -0.9364 -0.3336 -0.1088
vn -0.9557 0.2055 -0.2108
vn -0.7590 0.6506 -0.0275
vn -0.3570 0.9194 0.1651
vn 0.1389 0.9393 0.3139
vn 0.5952 0.7090 0.3783
vn 0.8937 0.2912 0.3413
vn 0.9551 -0.2060 0.2128
vn 0.7589 -0.6506 0.0275
vn 0.3566 -0.9198 -0.1635
vn -0.1403 -0.9407 -0.3088
vn -0.5972 -0.7110 -0.3712
vn -0.8953 -0.2927 -0.3358
vn -0.8901 0.2737 -0.3644
vn -0.7195 0.6806 -0.1380
vn -0.3766 0.9160 0.1383
vn 0.0724 0.9153 0.3963
vn 0.5303 0.6615 0.5303
vn 0.8842 0.2326 0.4052
vn 0.9851 -0.1711 -0.0142
vn 0.8363 -0.4452 -0.3199
vn 0.5120 -0.7615 -0.3976
vn -0.0250 -0.8865 -0.4621
vn -0.5356 -0.6633 -0.5227
vn -0.8386 -0.2178 -0.4994
vn -0.3641 0.2734 -0.8903
vn -0.1374 0.6805 -0.7198
vn 0.1389 0.9158 -0.3768
vn 0.3968 0.9151 0.0721
vn 0.5304 0.6615 0.5302
vn 0.4048 0.2327 0.8843
vn -0.0126 -0.1717 0.9851
vn -0.3170 -0.4475 0.8362
vn -0.3965 -0.7623 0.5115
vn -0.4622 -0.8864 -0.0249
vn -0.5227 -0.6633 -0.5355
vn -0.4992 -0.2180 -0.8386
vn -0.2154 0.2071 -0.9543
vn -0.0334 0.6524 -0.7571
vn 0.1595 0.9211 -0.3552
vn 0.3102 0.9403 0.1402
vn 0.3778 0.7089 0.5957
vn 0.3441 0.2901 0.8930
vn 0.2180 -0.2077 0.9536
vn 0.0335 -0.6525 0.7571
vn -0.1584 -0.9214 0.3549
vn -0.3057 -0.9416 -0.1415
vn -0.3708 -0.7109 -0.5976
vn -0.3381 -0.2917 -0.8948
vn -0.0664 0.1806 -0.9813
vn -0.0079 0.6478 -0.7617
vn 0.0512 0.9405 -0.3359
vn 0.0950 0.9793 0.1789
vn 0.1132 0.7568 0.6438
vn 0.1022 0.3335 0.9372
vn 0.0642 -0.1803 0.9815
vn 0.0079 -0.6478 0.7617
vn -0.0523 -0.9404 0.3360
vn -0.0992 -0.9789 -0.1785
vn -0.1196 -0.7563 -0.6432
vn -0.1075 -0.3330 -0.9368
vn -0.0000 0.1794 -0.9838
vn -0.0000 0.6478 -0.7618
vn -0.0000 0.9422 -0.3351
vn -0.0000 0.9835 0.1810
vn -0.0000 0.7616 0.6480
vn -0.0000 0.3364 0.9417
vn -0.0000 -0.1794 0.9838
vn -0.0000 -0.6478 0.7618
vn -0.0000 -0.9422 0.3351
vn -0.0000 -0.9835 -0.1810
vn -0.0000 -0.7616 -0.6480
vn -0.0000 -0.3363 -0.9417
vn 0.0689 0.1807 -0.9811
vn 0.0110 0.6481 -0.7615
vn -0.0482 0.9407 -0.3357
vn -0.0931 0.9794 0.1789
vn -0.1129 0.7570 0.6436
vn -0.1036 0.3336 0.9370
vn -0.0669 -0.1805 0.9813
vn -0.0110 -0.6481 0.7615
vn 0.0495 -0.9406 0.3358
vn 0.0976 -0.9791 -0.1785
vn 0.1193 -0.7565 -0.6431
vn 0.1088 -0.3331 -0.9366
vn 0.2106 0.2060 -0.9556
vn 0.0273 0.6510 -0.7586
vn -0.1652 0.9196 -0.3565
vn -0.3140 0.9391 0.1394
vn -0.3783 0.7086 0.5956
vn -0.3412 0.2907 0.8939
vn -0.2126 -0.2065 0.9551
vn -0.0273 -0.6509 0.7586
vn 0.1637 -0.9200 0.3561
vn 0.3089 -0.9406 -0.1408
vn 0.3712 -0.7106 -0.5976
vn 0.3357 -0.2922 -0.8955
vn 0.2995 0.2399 -0.9234
vn 0.0428 0.6567 -0.7529
vn -0.2273 0.8963 -0.3808
vn -0.4377 0.8943 0.0924
vn -0.5309 0.6531 0.5399
vn -0.4812 0.2381 0.8437
vn -0.3022 -0.2410 0.9223
vn -0.0429 -0.6567 0.7529
vn 0.2259 -0.8968 0.3803
vn 0.4325 -0.8966 -0.0945
vn 0.5231 -0.6566 -0.5434
vn 0.4746 -0.2409 -0.8466
vn -0.5281 0.1373 0.8380
vn -0.0763 0.3762 0.9234
vn 0.3948 0.5145 0.7612
vn 0.7605 0.5144 0.3963
vn 0.9236 0.3760 -0.0746
vn 0.8389 0.1372 -0.5267
vn 0.5278 -0.1367 -0.8383
vn 0.0747 -0.3720 -0.9252
vn -0.3980 -0.5070 -0.7645
vn -0.7638 -0.5071 -0.3994
vn -0.9253 -0.3722 0.0731
vn -0.8391 -0.1367 0.5265
vn -0.5118 0.0947 0.8539
vn -0.0339 0.2656 0.9635
vn 0.4501 0.3654 0.8148
vn 0.8137 0.3673 0.4506
vn 0.9621 0.2705 -0.0341
vn 0.8527 0.1011 -0.5125
vn 0.5117 -0.0944 -0.8539
vn 0.0331 -0.2624 -0.9644
vn -0.4520 -0.3590 -0.8166
vn -0.8156 -0.3605 -0.4525
vn -0.9632 -0.2667 0.0331
vn -0.8529 -0.1005 0.5123
vn -0.5006 0.0317 0.8651
vn -0.0011 0.0823 0.9966
vn 0.4964 0.1102 0.8611
vn 0.8608 0.1093 0.4971
vn 0.9968 0.0800 -0.0001
vn 0.8658 0.0287 -0.4995
vn 0.5007 -0.0320 -0.8650
vn 0.0015 -0.0854 -0.9963
vn -0.4959 -0.1161 -0.8606
vn -0.8603 -0.1154 -0.4966
vn -0.9965 -0.0834 0.0004
vn -0.8658 -0.0292 0.4996
vn -0.5000 -0.0000 0.8660
vn 0.0004 -0.0000 1.0000
vn 0.4999 -0.0000 0.8661
vn 0.8656 -0.0000 0.5008
vn 1.0000 -0.0000 0.0014
vn 0.8665 -0.0000 -0.4992
vn 0.5000 -0.0000 -0.8660
vn -0.0004 -0.0000 -1.0000
vn -0.5000 -0.0000 -0.8661
vn -0.8656 -0.0000 -0.5008
vn -1.0000 -0.0000 -0.0013
vn -0.8665 -0.0000 0.4992
vn -0.5004 -0.0286 0.8653
vn -0.0010 -0.0799 0.9968
vn 0.4963 -0.1092 0.8613
vn 0.8606 -0.1102 0.4973
vn 0.9966 -0.0824 -0.0001
vn 0.8656 -0.0318 -0.4998
vn 0.5004 0.0291 -0.8653
vn 0.0014 0.0833 -0.9965
vn -0.4957 0.1153 -0.8608
vn -0.8601 0.1161 -0.4967
vn -0.9963 0.0855 0.0005
vn -0.8655 0.0322 0.4998
vn -0.5135 -0.1008 0.8521
vn -0.0360 -0.2713 0.9618
vn 0.4489 -0.3694 0.8137
vn 0.8138 -0.3678 0.4499
vn 0.9631 -0.2669 -0.0342
vn 0.8540 -0.0950 -0.5115
vn 0.5133 0.0999 -0.8524
vn 0.0345 0.2650 -0.9636
vn -0.4519 0.3581 -0.8170
vn -0.8171 0.3567 -0.4529
vn -0.9647 0.2611 0.0329
vn -0.8542 0.0943 0.5114
vt 0.000000 1.000000
vt 0.024390 1.000000
vt 0.024390 0.916667
vt 0.000000 0.916667
vt 0.000000 0.083333
vt 0.024390 0.083333
vt 0.024390 0.000000
vt 0.000000 0.000000
vt 0.000000 0.166667
vt 0.024390 0.166667
vt 0.000000 0.250000
vt 0.024390 0.250000
vt 0.000000 0.333333
vt 0.024390 0.333333
vt 0.000000 0.416667
vt 0.024390 0.416667
vt 0.000000 0.500000
vt 0.024390 0.500000
vt 0.000000 0.583333
vt 0.024390 0.583333
vt 0.000000 0.666667
vt 0.024390 0.666667
vt 0.000000 0.750000
vt 0.024390 0.750000
vt 0.000000 0.833333
vt 0.024390 0.833333
vt 0.048780 1.000000
vt 0.048780 0.916667
vt 0.048780 0.083333
vt 0.048780 0.000000
vt 0.048780 0.166667
vt 0.048780 0.250000
vt 0.048780 0.333333
vt 0.048780 0.416667
vt 0.048780 0.500000
vt 0.048780 0.583333
vt 0.048780 0.666667
vt 0.048780 0.750000
vt 0.048780 0.833333
vt 0.073171 1.000000
vt 0.073171 0.916667
vt 0.073171 0.083333
vt 0.073171 0.000000
vt 0.073171 0.166667
vt 0.073171 0.250000
vt 0.073171 0.333333
vt 0.073171 0.416667
vt 0.073171 0.500000
vt 0.073171 0.583333
vt 0.073171 0.666667
vt 0.073171 0.750000
vt 0.073171 0.833333
vt 0.097561 1.000000
vt 0.097561 0.916667
vt 0.097561 0.083333
vt 0.097561 0.000000
vt 0.097561 0.166667
vt 0.097561 0.250000
vt 0.097561 0.333333
vt 0.097561 0.416667
vt 0.097561 0.500000
vt 0.097561 0.583333
vt 0.097561 0.666667
vt 0.097561 0.750000
vt 0.097561 0.833333
vt 0.121951 1.000000
vt 0.121951 0.916667
vt 0.121951 0.083333
vt 0.121951 0.000000
vt 0.121951 0.166667
vt 0.121951 0.250000
vt 0.121951 0.333333
vt 0.121951 0.416667
vt 0.121951 0.500000
vt 0.121951 0.583333
vt 0.121951 0.666667
vt 0.121951 0.750000
vt 0.121951 0.833333
vt 0.146341 1.000000
vt 0.146341 0.916667
vt 0.146341 0.083333
vt 0.146341 0.000000
vt 0.146341 0.166667
vt 0.146341 0.250000
vt 0.146341 0.333333
vt 0.146341 0.416667
vt 0.146341 0.500000
vt 0.146341 0.583333
vt 0.146341 0.666667
vt 0.146341 0.750000
vt 0.146341 0.833333
vt 0.170732 1.000000
vt 0.170732 0.916667
vt 0.170732 0.083333
vt 0.170732 0.000000
vt 0.170732 0.166667
vt 0.170732 0.250000
vt 0.170732 0.333333
vt 0.170732 0.416667
vt 0.170732 0.500000
vt 0.170732 0.583333
vt 0.170732 0.666667
vt 0.170732 0.750000
vt 0.170732 0.833333
vt 0.195122 1.000000
vt 0.195122 0.916667
vt 0.195122 0.083333
vt 0.195122 0.000000
vt 0.195122 0.166667
vt 0.195122 0.250000
vt 0.195122 0.333333
vt 0.195122 0.416667
vt 0.195122 0.500000
vt 0.195122 0.583333
vt 0.195122 0.666667
vt 0.195122 0.750000
vt 0.195122 0.833333
vt 0.219512 1.000000
vt 0.219512 0.916667
vt 0.219512 0.083333
vt 0.219512 0.000000
vt 0.219512 0.166667
vt 0.219512 0.250000
vt 0.219512 0.333333
vt 0.219512 0.416667
vt 0.219512 0.500000
vt 0.219512 0.583333
vt 0.219512 0.666667
vt 0.219512 0.750000
vt 0.219512 0.833333
vt 0.243902 1.000000
vt 0.243902 0.916667
vt 0.243902 0.083333
vt 0.243902 0.000000
vt 0.243902 0.166667
vt 0.243902 0.250000
vt 0.243902 0.333333
vt 0.243902 0.416667
vt 0.243902 0.500000
vt 0.243902 0.583333
vt 0.243902 0.666667
vt 0.243902 0.750000
vt 0.243902 0.833333
vt 0.268293 1.000000
vt 0.268293 0.916667
vt 0.268293 0.083333
vt 0.268293 0.000000
vt 0.268293 0.166667
vt 0.268293 0.250000
vt 0.268293 0.333333
vt 0.268293 0.416667
vt 0.268293 0.500000
vt 0.268293 0.583333
vt 0.268293 0.666667
vt 0.268293 0.750000
vt 0.268293 0.833333
vt 0.292683 1.000000
vt 0.292683 0.916667
vt 0.292683 0.083333
vt 0.292683 0.000000
vt 0.292683 0.166667
vt 0.292683 0.250000
vt 0.292683 0.333333
vt 0.292683 0.416667
vt 0.292683 0.500000
vt 0.292683 0.583333
vt 0.292683 0.666667
vt 0.292683 0.750000
vt 0.292683 0.833333
vt 0.317073 1.000000
vt 0.317073 0.916667
vt 0.317073 0.083333
vt 0.317073 0.000000
vt 0.317073 0.166667
vt 0.317073 0.250000
vt 0.317073 0.333333
vt 0.317073 0.416667
vt 0.317073 0.500000
vt 0.317073 0.583333
vt 0.317073 0.666667
vt 0.317073 0.750000
vt 0.317073 0.833333
vt 0.341463 1.000000
vt 0.341463 0.916667
vt 0.341463 0.083333
vt 0.341463 0.000000
vt 0.341463 0.166667
vt 0.341463 0.250000
vt 0.341463 0.333333
vt 0.341463 0.416667
vt 0.341463 0.500000
vt 0.341463 0.583333
vt 0.341463 0.666667
vt 0.341463 0.750000
vt 0.341463 0.833333
vt 0.365854 1.000000
vt 0.365854 0.916667
vt 0.365854 0.083333
vt 0.365854 0.000000
vt 0.365854 0.166667
vt 0.365854 0.250000
vt 0.365854 0.333333
vt 0.365854 0.416667
vt 0.365854 0.500000
vt 0.365854 0.583333
vt 0.365854 0.666667
vt 0.365854 0.750000
vt 0.365854 0.833333
vt 0.390244 1.000000
vt 0.390244 0.916667
vt 0.390244 0.083333
vt 0.390244 0.000000
vt 0.390244 0.166667
vt 0.390244 0.250000
vt 0.390244 0.333333
vt 0.390244 0.416667
vt 0.390244 0.500000
vt 0.390244 0.583333
vt 0.390244 0.666667
vt 0.390244 0.750000
vt 0.390244 0.833333
vt 0.414634 1.000000
vt 0.414634 0.916667
vt 0.414634 0.083333
vt 0.414634 0.000000
vt 0.414634 0.166667
vt 0.414634 0.250000
vt 0.414634 0.333333
vt 0.414634 0.416667
vt 0.414634 0.500000
vt 0.414634 0.583333
vt 0.414634 0.666667
vt 0.414634 0.750000
vt 0.414634 0.833333
vt 0.439024 1.000000
vt 0.439024 0.916667
vt 0.439024 0.083333
vt 0.439024 0.000000
vt 0.439024 0.166667
vt 0.439024 0.250000
vt 0.439024 0.333333
vt 0.439024 0.416667
vt 0.439024 0.500000
vt 0.439024 0.583333
vt 0.439024 0.666667
vt 0.439024 0.750000
vt 0.439024 0.833333
vt 0.463415 1.000000
vt 0.463415 0.916667
vt 0.463415 0.083333
vt 0.463415 0.000000
vt 0.463415 0.166667
vt 0.463415 0.250000
vt 0.463415 0.333333
vt 0.463415 0.416667
vt 0.463415 0.500000
vt 0.463415 0.583333
vt 0.463415 0.666667
vt 0.463415 0.750000
vt 0.463415 0.833333
vt 0.487805 1.000000
vt 0.487805 0.916667
vt 0.487805 0.083333
vt 0.487805 0.000000
vt 0.487805 0.166667
vt 0.487805 0.250000
vt 0.487805 0.333333
vt 0.487805 0.416667
vt 0.487805 0.500000
vt 0.487805 0.583333
vt 0.487805 0.666667
vt 0.487805 0.750000
vt 0.487805 0.833333
vt 0.512195 1.000000
vt 0.512195 0.916667
vt 0.512195 0.083333
vt 0.512195 0.000000
vt 0.512195 0.166667
vt 0.512195 0.250000
vt 0.512195 0.333333
vt 0.512195 0.416667
vt 0.512195 0.500000
vt 0.512195 0.583333
vt 0.512195 0.666667
vt 0.512195 0.750000
vt 0.512195 0.833333
vt 0.536585 1.000000
vt 0.536585 0.916667
vt 0.536585 0.083333
vt 0.536585 0.000000
vt 0.536585 0.166667
vt 0.536585 0.250000
vt 0.536585 0.333333
vt 0.536585 0.416667
vt 0.536585 0.500000
vt 0.536585 0.583333
vt 0.536585 0.666667
vt 0.536585 0.750000
vt 0.536585 0.833333
vt 0.560976 1.000000
vt 0.560976 0.916667
vt 0.560976 0.083333
vt 0.560976 0.000000
vt 0.560976 0.166667
vt 0.560976 0.250000
vt 0.560976 0.333333
vt 0.560976 0.416667
vt 0.560976 0.500000
vt 0.560976 0.583333
vt 0.560976 0.666667
vt 0.560976 0.750000
vt 0.560976 0.833333
vt 0.585366 1.000000
vt 0.585366 0.916667
vt 0.585366 0.083333
vt 0.585366 0.000000
vt 0.585366 0.166667
vt 0.585366 0.250000
vt 0.585366 0.333333
vt 0.585366 0.416667
vt 0.585366 0.500000
vt 0.585366 0.583333
vt 0.585366 0.666667
vt 0.585366 0.750000
vt 0.585366 0.833333
vt 0.609756 1.000000
vt 0.609756 0.916667
vt 0.609756 0.083333
vt 0.609756 0.000000
vt 0.609756 0.166667
vt 0.609756 0.250000
vt 0.609756 0.333333
vt 0.609756 0.416667
vt 0.609756 0.500000
vt 0.609756 0.583333
vt 0.609756 0.666667
vt 0.609756 0.750000
vt 0.609756 0.833333
vt 0.634146 1.000000
vt 0.634146 0.916667
vt 0.634146 0.083333
vt 0.634146 0.000000
vt 0.634146 0.166667
vt 0.634146 0.250000
vt 0.634146 0.333333
vt 0.634146 0.416667
vt 0.634146 0.500000
vt 0.634146 0.583333
vt 0.634146 0.666667
vt 0.634146 0.750000
vt 0.634146 0.833333
vt 0.658537 1.000000
vt 0.658537 0.916667
vt 0.658537 0.083333
vt 0.658537 0.000000
vt 0.658537 0.166667
vt 0.658537 0.250000
vt 0.658537 0.333333
vt 0.658537 0.416667
vt 0.658537 0.500000
vt 0.658537 0.583333
vt 0.658537 0.666667
vt 0.658537 0.750000
vt 0.658537 0.833333
vt 0.682927 1.000000
vt 0.682927 0.916667
vt 0.682927 0.083333
vt 0.682927 0.000000
vt 0.682927 0.166667
vt 0.682927 0.250000
vt 0.682927 0.333333
vt 0.682927 0.416667
vt 0.682927 0.500000
vt 0.682927 0.583333
vt 0.682927 0.666667
vt 0.682927 0.750000
vt 0.682927 0.833333
vt 0.707317 1.000000
vt 0.707317 0.916667
vt 0.707317 0.083333
vt 0.707317 0.000000
vt 0.707317 0.166667
vt 0.707317 0.250000
vt 0.707317 0.333333
vt 0.707317 0.416667
vt 0.707317 0.500000
vt 0.707317 0.583333
vt 0.707317 0.666667
vt 0.707317 0.750000
vt 0.707317 0.833333
vt 0.731707 1.000000
vt 0.731707 0.916667
vt 0.731707 0.083333
vt 0.731707 0.000000
vt 0.731707 0.166667
vt 0.731707 0.250000
vt 0.731707 0.333333
vt 0.731707 0.416667
vt 0.731707 0.500000
vt 0.731707 0.583333
vt 0.731707 0.666667
vt 0.731707 0.750000
vt 0.731707 0.833333
vt 0.756098 1.000000
vt 0.756098 0.916667
vt 0.756098 0.083333
vt 0.756098 0.000000
vt 0.756098 0.166667
vt 0.756098 0.250000
vt 0.756098 0.333333
vt 0.756098 0.416667
vt 0.756098 0.500000
vt 0.756098 0.583333
vt 0.756098 0.666667
vt 0.756098 0.750000
vt 0.756098 0.833333
vt 0.780488 1.000000
vt 0.780488 0.916667
vt 0.780488 0.083333
vt 0.780488 0.000000
vt 0.780488 0.166667
vt 0.780488 0.250000
vt 0.780488 0.333333
vt 0.780488 0.416667
vt 0.780488 0.500000
vt 0.780488 0.583333
vt 0.780488 0.666667
vt 0.780488 0.750000
vt 0.780488 0.833333
vt 0.804878 1.000000
vt 0.804878 0.916667
vt 0.804878 0.083333
vt 0.804878 0.000000
vt 0.804878 0.166667
vt 0.804878 0.250000
vt 0.804878 0.333333
vt 0.804878 0.416667
vt 0.804878 0.500000
vt 0.804878 0.583333
vt 0.804878 0.666667
vt 0.804878 0.750000
vt 0.804878 0.833333
vt 0.829268 1.000000
vt 0.829268 0.916667
vt 0.829268 0.083333
vt 0.829268 0.000000
vt 0.829268 0.166667
vt 0.829268 0.250000
vt 0.829268 0.333333
vt 0.829268 0.416667
vt 0.829268 0.500000
vt 0.829268 0.583333
vt 0.829268 0.666667
vt 0.829268 0.750000
vt 0.829268 0.833333
vt 0.853659 1.000000
vt 0.853659 0.916667
vt 0.853659 0.083333
vt 0.853659 0.000000
vt 0.853659 0.166667
vt 0.853659 0.250000
vt 0.853659 0.333333
vt 0.853659 0.416667
vt 0.853659 0.500000
vt 0.853659 0.583333
vt 0.853659 0.666667
vt 0.853659 0.750000
vt 0.853659 0.833333
vt 0.878049 1.000000
vt 0.878049 0.916667
vt 0.878049 0.083333
vt 0.878049 0.000000
vt 0.878049 0.166667
vt 0.878049 0.250000
vt 0.878049 0.333333
vt 0.878049 0.416667
vt 0.878049 0.500000
vt 0.878049 0.583333
vt 0.878049 0.666667
vt 0.878049 0.750000
vt 0.878049 0.833333
vt 0.902439 1.000000
vt 0.902439 0.916667
vt 0.902439 0.083333
vt 0.902439 0.000000
vt 0.902439 0.166667
vt 0.902439 0.250000
vt 0.902439 0.333333
vt 0.902439 0.416667
vt 0.902439 0.500000
vt 0.902439 0.583333
vt 0.902439 0.666667
vt 0.902439 0.750000
vt 0.902439 0.833333
vt 0.926829 1.000000
vt 0.926829 0.916667
vt 0.926829 0.083333
vt 0.926829 0.000000
vt 0.926829 0.166667
vt 0.926829 0.250000
vt 0.926829 0.333333
vt 0.926829 0.416667
vt 0.926829 0.500000
vt 0.926829 0.583333
vt 0.926829 0.666667
vt 0.926829 0.750000
vt 0.926829 0.833333
vt 0.951219 1.000000
vt 0.951219 0.916667
vt 0.951219 0.083333
vt 0.951219 0.000000
vt 0.951219 0.166667
vt 0.951219 0.250000
vt 0.951219 0.333333
vt 0.951219 0.416667
vt 0.951219 0.500000
vt 0.951219 0.583333
vt 0.951219 0.666667
vt 0.951219 0.750000
vt 0.951219 0.833333
vt 0.975610 1.000000
vt 0.975610 0.916667
vt 0.975610 0.083333
vt 0.975610 0.000000
vt 0.975610 0.166667
vt 0.975610 0.250000
vt 0.975610 0.333333
vt 0.975610 0.416667
vt 0.975610 0.500000
vt 0.975610 0.583333
vt 0.975610 0.666667
vt 0.975610 0.750000
vt 0.975610 0.833333
vt 1.000000 1.000000
vt 1.000000 0.916667
vt 1.000000 0.083333
vt 1.000000 0.000000
vt 1.000000 0.166667
vt 1.000000 0.250000
vt 1.000000 0.333333
vt 1.000000 0.416667
vt 1.000000 0.500000
vt 1.000000 0.583333
vt 1.000000 0.666667
vt 1.000000 0.750000
vt 1.000000 0.833333
vt 0.047619 1.000000
vt 0.047619 0.916667
vt 0.047619 0.083333
vt 0.047619 0.000000
vt 0.047619 0.166667
vt 0.047619 0.250000
vt 0.047619 0.333333
vt 0.047619 0.416667
vt 0.047619 0.500000
vt 0.047619 0.583333
vt 0.047619 0.666667
vt 0.047619 0.750000
vt 0.047619 0.833333
vt 0.095238 1.000000
vt 0.095238 0.916667
vt 0.095238 0.083333
vt 0.095238 0.000000
vt 0.095238 0.166667
vt 0.095238 0.250000
vt 0.095238 0.333333
vt 0.095238 0.416667
vt 0.095238 0.500000
vt 0.095238 0.583333
vt 0.095238 0.666667
vt 0.095238 0.750000
vt 0.095238 0.833333
vt 0.142857 1.000000
vt 0.142857 0.916667
vt 0.142857 0.083333
vt 0.142857 0.000000
vt 0.142857 0.166667
vt 0.142857 0.250000
vt 0.142857 0.333333
vt 0.142857 0.416667
vt 0.142857 0.500000
vt 0.142857 0.583333
vt 0.142857 0.666667
vt 0.142857 0.750000
vt 0.142857 0.833333
vt 0.190476 1.000000
vt 0.190476 0.916667
vt 0.190476 0.083333
vt 0.190476 0.000000
vt 0.190476 0.166667
vt 0.190476 0.250000
vt 0.190476 0.333333
vt 0.190476 0.416667
vt 0.190476 0.500000
vt 0.190476 0.583333
vt 0.190476 0.666667
vt 0.190476 0.750000
vt 0.190476 0.833333
vt 0.238095 1.000000
vt 0.238095 0.916667
vt 0.238095 0.083333
vt 0.238095 0.000000
vt 0.238095 0.166667
vt 0.238095 0.250000
vt 0.238095 0.333333
vt 0.238095 0.416667
vt 0.238095 0.500000
vt 0.238095 0.583333
vt 0.238095 0.666667
vt 0.238095 0.750000
vt 0.238095 0.833333
vt 0.285714 1.000000
vt 0.285714 0.916667
vt 0.285714 0.083333
vt 0.285714 0.000000
vt 0.285714 0.166667
vt 0.285714 0.250000
vt 0.285714 0.333333
vt 0.285714 0.416667
vt 0.285714 0.500000
vt 0.285714 0.583333
vt 0.285714 0.666667
vt 0.285714 0.750000
vt 0.285714 0.833333
vt 0.333333 1.000000
vt 0.333333 0.916667
vt 0.333333 0.083333
vt 0.333333 0.000000
vt 0.333333 0.166667
vt 0.333333 0.250000
vt 0.333333 0.333333
vt 0.333333 0.416667
vt 0.333333 0.500000
vt 0.333333 0.583333
vt 0.333333 0.666667
vt 0.333333 0.750000
vt 0.333333 0.833333
vt 0.380952 1.000000
vt 0.380952 0.916667
vt 0.380952 0.083333
vt 0.380952 0.000000
vt 0.380952 0.166667
vt 0.380952 0.250000
vt 0.380952 0.333333
vt 0.380952 0.416667
vt 0.380952 0.500000
vt 0.380952 0.583333
vt 0.380952 0.666667
vt 0.380952 0.750000
vt 0.380952 0.833333
vt 0.428571 1.000000
vt 0.428571 0.916667
vt 0.428571 0.083333
vt 0.428571 0.000000
vt 0.428571 0.166667
vt 0.428571 0.250000
vt 0.428571 0.333333
vt 0.428571 0.416667
vt 0.428571 0.500000
vt 0.428571 0.583333
vt 0.428571 0.666667
vt 0.428571 0.750000
vt 0.428571 0.833333
vt 0.476190 1.000000
vt 0.476190 0.916667
vt 0.476190 0.083333
vt 0.476190 0.000000
vt 0.476190 0.166667
vt 0.476190 0.250000
vt 0.476190 0.333333
vt 0.476190 0.416667
vt 0.476190 0.500000
vt 0.476190 0.583333
vt 0.476190 0.666667
vt 0.476190 0.750000
vt 0.476190 0.833333
vt 0.523810 1.000000
vt 0.523810 0.916667
vt 0.523810 0.083333
vt 0.523810 0.000000
vt 0.523810 0.166667
vt 0.523810 0.250000
vt 0.523810 0.333333
vt 0.523810 0.416667
vt 0.523810 0.500000
vt 0.523810 0.583333
vt 0.523810 0.666667
vt 0.523810 0.750000
vt 0.523810 0.833333
vt 0.571429 1.000000
vt 0.571429 0.916667
vt 0.571429 0.083333
vt 0.571429 0.000000
vt 0.571429 0.166667
vt 0.571429 0.250000
vt 0.571429 0.333333
vt 0.571429 0.416667
vt 0.571429 0.500000
vt 0.571429 0.583333
vt 0.571429 0.666667
vt 0.571429 0.750000
vt 0.571429 0.833333
vt 0.619048 1.000000
vt 0.619048 0.916667
vt 0.619048 0.083333
vt 0.619048 0.000000
vt 0.619048 0.166667
vt 0.619048 0.250000
vt 0.619048 0.333333
vt 0.619048 0.416667
vt 0.619048 0.500000
vt 0.619048 0.583333
vt 0.619048 0.666667
vt 0.619048 0.750000
vt 0.619048 0.833333
vt 0.666667 1.000000
vt 0.666667 0.916667
vt 0.666667 0.083333
vt 0.666667 0.000000
vt 0.666667 0.166667
vt 0.666667 0.250000
vt 0.666667 0.333333
vt 0.666667 0.416667
vt 0.666667 0.500000
vt 0.666667 0.583333
vt 0.666667 0.666667
vt 0.666667 0.750000
vt 0.666667 0.833333
vt 0.714286 1.000000
vt 0.714286 0.916667
vt 0.714286 0.083333
vt 0.714286 0.000000
vt 0.714286 0.166667
vt 0.714286 0.250000
vt 0.714286 0.333333
vt 0.714286 0.416667
vt 0.714286 0.500000
vt 0.714286 0.583333
vt 0.714286 0.666667
vt 0.714286 0.750000
vt 0.714286 0.833333
vt 0.761905 1.000000
vt 0.761905 0.916667
vt 0.761905 0.083333
vt 0.761905 0.000000
vt 0.761905 0.166667
vt 0.761905 0.250000
vt 0.761905 0.333333
vt 0.761905 0.416667
vt 0.761905 0.500000
vt 0.761905 0.583333
vt 0.761905 0.666667
vt 0.761905 0.750000
vt 0.761905 0.833333
vt 0.809524 1.000000
vt 0.809524 0.916667
vt 0.809524 0.083333
vt 0.809524 0.000000
vt 0.809524 0.166667
vt 0.809524 0.250000
vt 0.809524 0.333333
vt 0.809524 0.416667
vt 0.809524 0.500000
vt 0.809524 0.583333
vt 0.809524 0.666667
vt 0.809524 0.750000
vt 0.809524 0.833333
vt 0.857143 1.000000
vt 0.857143 0.916667
vt 0.857143 0.083333
vt 0.857143 0.000000
vt 0.857143 0.166667
vt 0.857143 0.250000
vt 0.857143 0.333333
vt 0.857143 0.416667
vt 0.857143 0.500000
vt 0.857143 0.583333
vt 0.857143 0.666667
vt 0.857143 0.750000
vt 0.857143 0.833333
vt 0.904762 1.000000
vt 0.904762 0.916667
vt 0.904762 0.083333
vt 0.904762 0.000000
vt 0.904762 0.166667
vt 0.904762 0.250000
vt 0.904762 0.333333
vt 0.904762 0.416667
vt 0.904762 0.500000
vt 0.904762 0.583333
vt 0.904762 0.666667
vt 0.904762 0.750000
vt 0.904762 0.833333
vt 0.952381 1.000000
vt 0.952381 0.916667
vt 0.952381 0.083333
vt 0.952381 0.000000
vt 0.952381 0.166667
vt 0.952381 0.250000
vt 0.952381 0.333333
vt 0.952381 0.416667
vt 0.952381 0.500000
vt 0.952381 0.583333
vt 0.952381 0.666667
vt 0.952381 0.750000
vt 0.952381 0.833333
vt 0.071429 1.000000
vt 0.071429 0.916667
vt 0.071429 0.083333
vt 0.071429 0.000000
vt 0.071429 0.166667
vt 0.071429 0.250000
vt 0.071429 0.333333
vt 0.071429 0.416667
vt 0.071429 0.500000
vt 0.071429 0.583333
vt 0.071429 0.666667
vt 0.071429 0.750000
vt 0.071429 0.833333
vt 0.214286 1.000000
vt 0.214286 0.916667
vt 0.214286 0.083333
vt 0.214286 0.000000
vt 0.214286 0.166667
vt 0.214286 0.250000
vt 0.214286 0.333333
vt 0.214286 0.416667
vt 0.214286 0.500000
vt 0.214286 0.583333
vt 0.214286 0.666667
vt 0.214286 0.750000
vt 0.214286 0.833333
vt 0.357143 1.000000
vt 0.357143 0.916667
vt 0.357143 0.083333
vt 0.357143 0.000000
vt 0.357143 0.166667
vt 0.357143 0.250000
vt 0.357143 0.333333
vt 0.357143 0.416667
vt 0.357143 0.500000
vt 0.357143 0.583333
vt 0.357143 0.666667
vt 0.357143 0.750000
vt 0.357143 0.833333
vt 0.500000 1.000000
vt 0.500000 0.916667
vt 0.500000 0.083333
vt 0.500000 0.000000
vt 0.500000 0.166667
vt 0.500000 0.250000
vt 0.500000 0.333333
vt 0.500000 0.416667
vt 0.500000 0.500000
vt 0.500000 0.583333
vt 0.500000 0.666667
vt 0.500000 0.750000
vt 0.500000 0.833333
vt 0.642857 1.000000
vt 0.642857 0.916667
vt 0.642857 0.083333
vt 0.642857 0.000000
vt 0.642857 0.166667
vt 0.642857 0.250000
vt 0.642857 0.333333
vt 0.642857 0.416667
vt 0.642857 0.500000
vt 0.642857 0.583333
vt 0.642857 0.666667
vt 0.642857 0.750000
vt 0.642857 0.833333
vt 0.785714 1.000000
vt 0.785714 0.916667
vt 0.785714 0.083333
vt 0.785714 0.000000
vt 0.785714 0.166667
vt 0.785714 0.250000
vt 0.785714 0.333333
vt 0.785714 0.416667
vt 0.785714 0.500000
vt 0.785714 0.583333
vt 0.785714 0.666667
vt 0.785714 0.750000
vt 0.785714 0.833333
vt 0.928571 1.000000
vt 0.928571 0.916667
vt 0.928571 0.083333
vt 0.928571 0.000000
vt 0.928571 0.166667
vt 0.928571 0.250000
vt 0.928571 0.333333
vt 0.928571 0.416667
vt 0.928571 0.500000
vt 0.928571 0.583333
vt 0.928571 0.666667
vt 0.928571 0.750000
vt 0.928571 0.833333
vt 0.166667 1.000000
vt 0.166667 0.916667
vt 0.166667 0.083333
vt 0.166667 0.000000
vt 0.166667 0.166667
vt 0.166667 0.250000
vt 0.166667 0.333333
vt 0.166667 0.416667
vt 0.166667 0.500000
vt 0.166667 0.583333
vt 0.166667 0.666667
vt 0.166667 0.750000
vt 0.166667 0.833333
vt 0.833333 1.000000
vt 0.833333 0.916667
vt 0.833333 0.083333
vt 0.833333 0.000000
vt 0.833333 0.166667
vt 0.833333 0.250000
vt 0.833333 0.333333
vt 0.833333 0.416667
vt 0.833333 0.500000
vt 0.833333 0.583333
vt 0.833333 0.666667
vt 0.833333 0.750000
vt 0.833333 0.833333
s 0
usemtl Material
f 411/484/425 423/485/425 434/486/425 422/487/425
f 412/488/426 424/489/426 423/490/426 411/491/426
f 413/492/427 425/493/427 424/489/427 412/488/427
f 414/494/428 426/495/428 425/493/428 413/492/428
f 415/496/429 427/497/429 426/495/429 414/494/429
f 416/498/430 428/499/430 427/497/430 415/496/430
f 417/500/431 429/501/431 428/499/431 416/498/431
f 418/502/432 430/503/432 429/501/432 417/500/432
f 419/504/433 431/505/433 430/503/433 418/502/433
f 420/506/434 432/507/434 431/505/434 419/504/434
f 421/508/435 433/509/435 432/507/435 420/506/435
f 422/487/436 434/486/436 433/509/436 421/508/436
f 423/485/437 435/510/437 446/511/437 434/486/437
f 424/489/438 436/512/438 435/513/438 423/490/438
f 425/493/439 437/514/439 436/512/439 424/489/439
f 426/495/440 438/515/440 437/514/440 425/493/440
f 427/497/441 439/516/441 438/515/441 426/495/441
f 428/499/442 440/517/442 439/516/442 427/497/442
f 429/501/443 441/518/443 440/517/443 428/499/443
f 430/503/444 442/519/444 441/518/444 429/501/444
f 431/505/445 443/520/445 442/519/445 430/503/445
f 432/507/446 444/521/446 443/520/446 431/505/446
f 433/509/447 445/522/447 444/521/447 432/507/447
f 434/486/448 446/511/448 445/522/448 433/509/448
f 435/510/449 447/523/449 458/524/449 446/511/449
f 436/512/450 448/525/450 447/526/450 435/513/450
f 437/514/451 449/527/451 448/525/451 436/512/451
f 438/515/452 450/528/452 449/527/452 437/514/452
f 439/516/453 451/529/453 450/528/453 438/515/453
f 440/517/454 452/530/454 451/529/454 439/516/454
f 441/518/455 453/531/455 452/530/455 440/517/455
f 442/519/456 454/532/456 453/531/456 441/518/456
f 443/520/457 455/533/457 454/532/457 442/519/457
f 444/521/458 456/534/458 455/533/458 443/520/458
f 445/522/459 457/535/459 456/534/459 444/521/459
f 446/511/460 458/524/460 457/535/460 445/522/460
f 447/523/461 459/536/461 470/537/461 458/524/461
f 448/525/462 460/538/462 459/539/462 447/526/462
f 449/527/463 461/540/463 460/538/463 448/525/463
f 450/528/464 462/541/464 461/540/464 449/527/464
f 451/529/465 463/542/465 462/541/465 450/528/465
f 452/530/466 464/543/466 463/542/466 451/529/466
f 453/531/467 465/544/467 464/543/467 452/530/467
f 454/532/468 466/545/468 465/544/468 453/531/468
f 455/533/469 467/546/469 466/545/469 454/532/469
f 456/534/470 468/547/470 467/546/470 455/533/470
f 457/535/471 469/548/471 468/547/471 456/534/471
f 458/524/472 470/537/472 469/548/472 457/535/472
f 459/536/473 471/549/473 482/550/473 470/537/473
f 460/538/474 472/551/474 471/552/474 459/539/474
f 461/540/475 473/553/475 472/551/475 460/538/475
f 462/541/476 474/554/476 473/553/476 461/540/476
f 463/542/477 475/555/477 474/554/477 462/541/477
f 464/543/478 476/556/478 475/555/478 463/542/478
f 465/544/479 477/557/479 476/556/479 464/543/479
f 466/545/480 478/558/480 477/557/480 465/544/480
f 467/546/481 479/559/481 478/558/481 466/545/481
f 468/547/482 480/560/482 479/559/482 467/546/482
f 469/548/483 481/561/483 480/560/483 468/547/483
f 470/537/484 482/550/484 481/561/484 469/548/484
f 471/549/485 483/562/485 494/563/485 482/550/485
f 472/551/486 484/564/486 483/565/486 471/552/486
f 473/553/487 485/566/487 484/564/487 472/551/487
f 474/554/488 486/567/488 485/566/488 473/553/488
f 475/555/489 487/568/489 486/567/489 474/554/489
f 476/556/490 488/569/490 487/568/490 475/555/490
f 477/557/491 489/570/491 488/569/491 476/556/491
f 478/558/492 490/571/492 489/570/492 477/557/492
f 479/559/493 491/572/493 490/571/493 478/558/493
f 480/560/494 492/573/494 491/572/494 479/559/494
f 481/561/495 493/574/495 492/573/495 480/560/495
f 482/550/496 494/563/496 493/574/496 481/561/496
f 483/562/497 495/575/497 506/576/497 494/563/497
f 484/564/498 496/577/498 495/578/498 483/565/498
f 485/566/499 497/579/499 496/577/499 484/564/499
f 486/567/500 498/580/500 497/579/500 485/566/500
f 487/568/501 499/581/501 498/580/501 486/567/501
f 488/569/502 500/582/502 499/581/502 487/568/502
f 489/570/503 501/583/503 500/582/503 488/569/503
f 490/571/504 502/584/504 501/583/504 489/570/504
f 491/572/505 503/585/505 502/584/505 490/571/505
f 492/573/506 504/586/506 503/585/506 491/572/506
f 493/574/507 505/587/507 504/586/507 492/573/507
f 494/563/508 506/576/508 505/587/508 493/574/508
f 495/575/509 507/588/509 518/589/509 506/576/509
f 496/577/510 508/590/510 507/591/510 495/578/510
f 497/579/511 509/592/511 508/590/511 496/577/511
f 498/580/512 510/593/512 509/592/512 497/579/512
f 499/581/513 511/594/513 510/593/513 498/580/513
f 500/582/514 512/595/514 511/594/514 499/581/514
f 501/583/515 513/596/515 512/595/515 500/582/515
f 502/584/516 514/597/516 513/596/516 501/583/516
f 503/585/517 515/598/517 514/597/517 502/584/517
f 504/586/518 516/599/518 515/598/518 503/585/518
f 505/587/519 517/600/519 516/599/519 504/586/519
f 506/576/520 518/589/520 517/600/520 505/587/520
f 507/588/521 519/601/521 530/602/521 518/589/521
f 508/590/522 520/603/522 519/604/522 507/591/522
f 509/592/523 521/605/523 520/603/523 508/590/523
f 510/593/524 522/606/524 521/605/524 509/592/524
f 511/594/525 523/607/525 522/606/525 510/593/525
f 512/595/526 524/608/526 523/607/526 511/594/526
f 513/596/527 525/609/527 524/608/527 512/595/527
f 514/597/528 526/610/528 525/609/528 513/596/528
f 515/598/529 527/611/529 526/610/529 514/597/529
f 516/599/530 528/612/530 527/611/530 515/598/530
f 517/600/531 529/613/531 528/612/531 516/599/531
f 518/589/532 530/602/532 529/613/532 517/600/532
f 519/601/533 531/614/533 542/615/533 530/602/533
f 520/603/534 532/616/534 531/617/534 519/604/534
f 521/605/535 533/618/535 532/616/535 520/603/535
f 522/606/536 534/619/536 533/618/536 521/605/536
f 523/607/537 535/620/537 534/619/537 522/606/537
f 524/608/538 536/621/538 535/620/538 523/607/538
f 525/609/539 537/622/539 536/621/539 524/608/539
f 526/610/540 538/623/540 537/622/540 525/609/540
f 527/611/541 539/624/541 538/623/541 526/610/541
f 528/612/542 540/625/542 539/624/542 527/611/542
f 529/613/543 541/626/543 540/625/543 528/612/543
f 530/602/544 542/615/544 541/626/544 529/613/544
f 531/614/545 543/627/545 554/628/545 542/615/545
f 532/616/546 544/629/546 543/630/546 531/617/546
f 533/618/547 545/631/547 544/629/547 532/616/547
f 534/619/548 546/632/548 545/631/548 533/618/548
f 535/620/549 547/633/549 546/632/549 534/619/549
f 536/621/550 548/634/550 547/633/550 535/620/550
f 537/622/551 549/635/551 548/634/551 536/621/551
f 538/623/552 550/636/552 549/635/552 537/622/552
f 539/624/553 551/637/553 550/636/553 538/623/553
f 540/625/554 552/638/554 551/637/554 539/624/554
f 541/626/555 553/639/555 552/638/555 540/625/555
f 542/615/556 554/628/556 553/639/556 541/626/556
f 543/627/557 555/640/557 566/641/557 554/628/557
f 544/629/558 556/642/558 555/643/558 543/630/558
f 545/631/559 557/644/559 556/642/559 544/629/559
f 546/632/560 558/645/560 557/644/560 545/631/560
f 547/633/561 559/646/561 558/645/561 546/632/561
f 548/634/562 560/647/562 559/646/562 547/633/562
f 549/635/563 561/648/563 560/647/563 548/634/563
f 550/636/564 562/649/564 561/648/564 549/635/564
f 551/637/565 563/650/565 562/649/565 550/636/565
f 552/638/566 564/651/566 563/650/566 551/637/566
f 553/639/567 565/652/567 564/651/567 552/638/567
f 554/628/568 566/641/568 565/652/568 553/639/568
f 555/640/569 567/653/569 578/654/569 566/641/569
f 556/642/570 568/655/570 567/656/570 555/643/570
f 557/644/571 569/657/571 568/655/571 556/642/571
f 558/645/572 570/658/572 569/657/572 557/644/572
f 559/646/573 571/659/573 570/658/573 558/645/573
f 560/647/574 572/660/574 571/659/574 559/646/574
f 561/648/575 573/661/575 572/660/575 560/647/575
f 562/649/576 574/662/576 573/661/576 561/648/576
f 563/650/577 575/663/577 574/662/577 562/649/577
f 564/651/578 576/664/578 575/663/578 563/650/578
f 565/652/579 577/665/579 576/664/579 564/651/579
f 566/641/580 578/654/580 577/665/580 565/652/580
f 567/653/581 579/666/581 590/667/581 578/654/581
f 568/655/582 580/668/582 579/669/582 567/656/582
f 569/657/583 581/670/583 580/668/583 568/655/583
f 570/658/584 582/671/584 581/670/584 569/657/584
f 571/659/585 583/672/585 582/671/585 570/658/585
f 572/660/586 584/673/586 583/672/586 571/659/586
f 573/661/587 585/674/587 584/673/587 572/660/587
f 574/662/588 586/675/588 585/674/588 573/661/588
f 575/663/589 587/676/589 586/675/589 574/662/589
f 576/664/590 588/677/590 587/676/590 575/663/590
f 577/665/591 589/678/591 588/677/591 576/664/591
f 578/654/592 590/667/592 589/678/592 577/665/592
f 579/666/593 591/679/593 602/680/593 590/667/593
f 580/668/594 592/681/594 591/682/594 579/669/594
f 581/670/595 593/683/595 592/681/595 580/668/595
f 582/671/596 594/684/596 593/683/596 581/670/596
f 583/672/597 595/685/597 594/684/597 582/671/597
f 584/673/598 596/686/598 595/685/598 583/672/598
f 585/674/599 597/687/599 596/686/599 584/673/599
f 586/675/600 598/688/600 597/687/600 585/674/600
f 587/676/601 599/689/601 598/688/601 586/675/601
f 588/677/602 600/690/602 599/689/602 587/676/602
f 589/678/603 601/691/603 600/690/603 588/677/603
f 590/667/604 602/680/604 601/691/604 589/678/604
f 591/679/605 603/692/605 614/693/605 602/680/605
f 592/681/606 604/694/606 603/695/606 591/682/606
f 593/683/607 605/696/607 604/694/607 592/681/607
f 594/684/608 606/697/608 605/696/608 593/683/608
f 595/685/609 607/698/609 606/697/609 594/684/609
f 596/686/610 608/699/610 607/698/610 595/685/610
f 597/687/611 609/700/611 608/699/611 596/686/611
f 598/688/612 610/701/612 609/700/612 597/687/612
f 599/689/613 611/702/613 610/701/613 598/688/613
f 600/690/614 612/703/614 611/702/614 599/689/614
f 601/691/615 613/704/615 612/703/615 600/690/615
f 602/680/616 614/693/616 613/704/616 601/691/616
f 603/692/617 615/705/617 626/706/617 614/693/617
f 604/694/618 616/707/618 615/708/618 603/695/618
f 605/696/619 617/709/619 616/707/619 604/694/619
f 606/697/620 618/710/620 617/709/620 605/696/620
f 607/698/621 619/711/621 618/710/621 606/697/621
f 608/699/622 620/712/622 619/711/622 607/698/622
f 609/700/623 621/713/623 620/712/623 608/699/623
f 610/701/624 622/714/624 621/713/624 609/700/624
f 611/702/625 623/715/625 622/714/625 610/701/625
f 612/703/626 624/716/626 623/715/626 611/702/626
f 613/704/627 625/717/627 624/716/627 612/703/627
f 614/693/628 626/706/628 625/717/628 613/704/628
f 615/705/629 627/718/629 638/719/629 626/706/629
f 616/707/630 628/720/630 627/721/630 615/708/630
f 617/709/631 629/722/631 628/720/631 616/707/631
f 618/710/632 630/723/632 629/722/632 617/709/632
f 619/711/633 631/724/633 630/723/633 618/710/633
f 620/712/634 632/725/634 631/724/634 619/711/634
f 621/713/635 633/726/635 632/725/635 620/712/635
f 622/714/636 634/727/636 633/726/636 621/713/636
f 623/715/637 635/728/637 634/727/637 622/714/637
f 624/716/638 636/729/638 635/728/638 623/715/638
f 625/717/639 637/730/639 636/729/639 624/716/639
f 626/706/640 638/719/640 637/730/640 625/717/640
f 627/718/641 639/731/641 650/732/641 638/719/641
f 628/720/642 640/733/642 639/734/642 627/721/642
f 629/722/643 641/735/643 640/733/643 628/720/643
f 630/723/644 642/736/644 641/735/644 629/722/644
f 631/724/645 643/737/645 642/736/645 630/723/645
f 632/725/646 644/738/646 643/737/646 631/724/646
f 633/726/647 645/739/647 644/738/647 632/725/647
f 634/727/648 646/740/648 645/739/648 633/726/648
f 635/728/649 647/741/649 646/740/649 634/727/649
f 636/729/650 648/742/650 647/741/650 635/728/650
f 637/730/651 649/743/651 648/742/651 636/729/651
f 638/719/652 650/732/652 649/743/652 637/730/652
f 639/731/653 651/744/653 662/745/653 650/732/653
f 640/733/654 652/746/654 651/747/654 639/734/654
f 641/735/655 653/748/655 652/746/655 640/733/655
f 642/736/656 654/749/656 653/748/656 641/735/656
f 643/737/657 655/750/657 654/749/657 642/736/657
f 644/738/658 656/751/658 655/750/658 643/737/658
f 645/739/659 657/752/659 656/751/659 644/738/659
f 646/740/660 658/753/660 657/752/660 645/739/660
f 647/741/661 659/754/661 658/753/661 646/740/661
f 648/742/662 660/755/662 659/754/662 647/741/662
f 649/743/663 661/756/663 660/755/663 648/742/663
f 650/732/664 662/745/664 661/756/664 649/743/664
f 651/744/665 663/757/665 674/758/665 662/745/665
f 652/746/666 664/759/666 663/760/666 651/747/666
f 653/748/667 665/761/667 664/759/667 652/746/667
f 654/749/668 666/762/668 665/761/668 653/748/668
f 655/750/669 667/763/669 666/762/669 654/749/669
f 656/751/670 668/764/670 667/763/670 655/750/670
f 657/752/671 669/765/671 668/764/671 656/751/671
f 658/753/672 670/766/672 669/765/672 657/752/672
f 659/754/673 671/767/673 670/766/673 658/753/673
f 660/755/674 672/768/674 671/767/674 659/754/674
f 661/756/675 673/769/675 672/768/675 660/755/675
f 662/745/676 674/758/676 673/769/676 661/756/676
f 663/757/677 675/770/677 686/771/677 674/758/677
f 664/759/678 676/772/678 675/773/678 663/760/678
f 665/761/679 677/774/679 676/772/679 664/759/679
f 666/762/680 678/775/680 677/774/680 665/761/680
f 667/763/681 679/776/681 678/775/681 666/762/681
f 668/764/682 680/777/682 679/776/682 667/763/682
f 669/765/683 681/778/683 680/777/683 668/764/683
f 670/766/684 682/779/684 681/778/684 669/765/684
f 671/767/685 683/780/685 682/779/685 670/766/685
f 672/768/686 684/781/686 683/780/686 671/767/686
f 673/769/687 685/782/687 684/781/687 672/768/687
f 674/758/688 686/771/688 685/782/688 673/769/688
f 675/770/689 687/783/689 698/784/689 686/771/689
f 676/772/690 688/785/690 687/786/690 675/773/690
f 677/774/691 689/787/691 688/785/691 676/772/691
f 678/775/692 690/788/692 689/787/692 677/774/692
f 679/776/693 691/789/693 690/788/693 678/775/693
f 680/777/694 692/790/694 691/789/694 679/776/694
f 681/778/695 693/791/695 692/790/695 680/777/695
f 682/779/696 694/792/696 693/791/696 681/778/696
f 683/780/697 695/793/697 694/792/697 682/779/697
f 684/781/698 696/794/698 695/793/698 683/780/698
f 685/782/699 697/795/699 696/794/699 684/781/699
f 686/771/700 698/784/700 697/795/700 685/782/700
f 687/783/701 699/796/701 710/797/701 698/784/701
f 688/785/702 700/798/702 699/799/702 687/786/702
f 689/787/703 701/800/703 700/798/703 688/785/703
f 690/788/704 702/801/704 701/800/704 689/787/704
f 691/789/705 703/802/705 702/801/705 690/788/705
f 692/790/706 704/803/706 703/802/706 691/789/706
f 693/791/707 705/804/707 704/803/707 692/790/707
f 694/792/708 706/805/708 705/804/708 693/791/708
f 695/793/709 707/806/709 706/805/709 694/792/709
f 696/794/710 708/807/710 707/806/710 695/793/710
f 697/795/711 709/808/711 708/807/711 696/794/711
f 698/784/712 710/797/712 709/808/712 697/795/712
f 699/796/713 711/809/713 722/810/713 710/797/713
f 700/798/714 712/811/714 711/812/714 699/799/714
f 701/800/715 713/813/715 712/811/715 700/798/715
f 702/801/716 714/814/716 713/813/716 701/800/716
f 703/802/717 715/815/717 714/814/717 702/801/717
f 704/803/718 716/816/718 715/815/718 703/802/718
f 705/804/719 717/817/719 716/816/719 704/803/719
f 706/805/720 718/818/720 717/817/720 705/804/720
f 707/806/721 719/819/721 718/818/721 706/805/721
f 708/807/722 720/820/722 719/819/722 707/806/722
f 709/808/723 721/821/723 720/820/723 708/807/723
f 710/797/724 722/810/724 721/821/724 709/808/724
f 711/809/725 723/822/725 734/823/725 722/810/725
f 712/811/726 724/824/726 723/825/726 711/812/726
f 713/813/727 725/826/727 724/824/727 712/811/727
f 714/814/728 726/827/728 725/826/728 713/813/728
f 715/815/729 727/828/729 726/827/729 714/814/729
f 716/816/730 728/829/730 727/828/730 715/815/730
f 717/817/731 729/830/731 728/829/731 716/816/731
f 718/818/732 730/831/732 729/830/732 717/817/732
f 719/819/733 731/832/733 730/831/733 718/818/733
f 720/820/734 732/833/734 731/832/734 719/819/734
f 721/821/735 733/834/735 732/833/735 720/820/735
f 722/810/736 734/823/736 733/834/736 721/821/736
f 723/822/737 735/835/737 746/836/737 734/823/737
f 724/824/738 736/837/738 735/838/738 723/825/738
f 725/826/739 737/839/739 736/837/739 724/824/739
f 726/827/740 738/840/740 737/839/740 725/826/740
f 727/828/741 739/841/741 738/840/741 726/827/741
f 728/829/742 740/842/742 739/841/742 727/828/742
f 729/830/743 741/843/743 740/842/743 728/829/743
f 730/831/744 742/844/744 741/843/744 729/830/744
f 731/832/745 743/845/745 742/844/745 730/831/745
f 732/833/746 744/846/746 743/845/746 731/832/746
f 733/834/747 745/847/747 744/846/747 732/833/747
f 734/823/748 746/836/748 745/847/748 733/834/748
f 735/835/749 747/848/749 758/849/749 746/836/749
f 736/837/750 748/850/750 747/851/750 735/838/750
f 737/839/751 749/852/751 748/850/751 736/837/751
f 738/840/752 750/853/752 749/852/752 737/839/752
f 739/841/753 751/854/753 750/853/753 738/840/753
f 740/842/754 752/855/754 751/854/754 739/841/754
f 741/843/755 753/856/755 752/855/755 740/842/755
f 742/844/756 754/857/756 753/856/756 741/843/756
f 743/845/757 755/858/757 754/857/757 742/844/757
f 744/846/758 756/859/758 755/858/758 743/845/758
f 745/847/759 757/860/759 756/859/759 744/846/759
f 746/836/760 758/849/760 757/860/760 745/847/760
f 747/848/761 759/861/761 770/862/761 758/849/761
f 748/850/762 760/863/762 759/864/762 747/851/762
f 749/852/763 761/865/763 760/863/763 748/850/763
f 750/853/764 762/866/764 761/865/764 749/852/764
f 751/854/765 763/867/765 762/866/765 750/853/765
f 752/855/766 764/868/766 763/867/766 751/854/766
f 753/856/767 765/869/767 764/868/767 752/855/767
f 754/857/768 766/870/768 765/869/768 753/856/768
f 755/858/769 767/871/769 766/870/769 754/857/769
f 756/859/770 768/872/770 767/871/770 755/858/770
f 757/860/771 769/873/771 768/872/771 756/859/771
f 758/849/772 770/862/772 769/873/772 757/860/772
f 759/861/773 771/874/773 782/875/773 770/862/773
f 760/863/774 772/876/774 771/877/774 759/864/774
f 761/865/775 773/878/775 772/876/775 760/863/775
f 762/866/776 774/879/776 773/878/776 761/865/776
f 763/867/777 775/880/777 774/879/777 762/866/777
f 764/868/778 776/881/778 775/880/778 763/867/778
f 765/869/779 777/882/779 776/881/779 764/868/779
f 766/870/780 778/883/780 777/882/780 765/869/780
f 767/871/781 779/884/781 778/883/781 766/870/781
f 768/872/782 780/885/782 779/884/782 767/871/782
f 769/873/783 781/886/783 780/885/783 768/872/783
f 770/862/784 782/875/784 781/886/784 769/873/784
f 771/874/785 783/887/785 794/888/785 782/875/785
f 772/876/786 784/889/786 783/890/786 771/877/786
f 773/878/787 785/891/787 784/889/787 772/876/787
f 774/879/788 786/892/788 785/891/788 773/878/788
f 775/880/789 787/893/789 786/892/789 774/879/789
f 776/881/790 788/894/790 787/893/790 775/880/790
f 777/882/791 789/895/791 788/894/791 776/881/791
f 778/883/792 790/896/792 789/895/792 777/882/792
f 779/884/793 791/897/793 790/896/793 778/883/793
f 780/885/794 792/898/794 791/897/794 779/884/794
f 781/886/795 793/899/795 792/898/795 780/885/795
f 782/875/796 794/888/796 793/899/796 781/886/796
f 783/887/797 795/900/797 806/901/797 794/888/797
f 784/889/798 796/902/798 795/903/798 783/890/798
f 785/891/799 797/904/799 796/902/799 784/889/799
f 786/892/800 798/905/800 797/904/800 785/891/800
f 787/893/801 799/906/801 798/905/801 786/892/801
f 788/894/802 800/907/802 799/906/802 787/893/802
f 789/895/803 801/908/803 800/907/803 788/894/803
f 790/896/804 802/909/804 801/908/804 789/895/804
f 791/897/805 803/910/805 802/909/805 790/896/805
f 792/898/806 804/911/806 803/910/806 791/897/806
f 793/899/807 805/912/807 804/911/807 792/898/807
f 794/888/808 806/901/808 805/912/808 793/899/808
f 795/900/809 807/913/809 818/914/809 806/901/809
f 796/902/810 808/915/810 807/916/810 795/903/810
f 797/904/811 809/917/811 808/915/811 796/902/811
f 798/905/812 810/918/812 809/917/812 797/904/812
f 799/906/813 811/919/813 810/918/813 798/905/813
f 800/907/814 812/920/814 811/919/814 799/906/814
f 801/908/815 813/921/815 812/920/815 800/907/815
f 802/909/816 814/922/816 813/921/816 801/908/816
f 803/910/817 815/923/817 814/922/817 802/909/817
f 804/911/818 816/924/818 815/923/818 803/910/818
f 805/912/819 817/925/819 816/924/819 804/911/819
f 806/901/820 818/914/820 817/925/820 805/912/820
f 807/913/821 819/926/821 830/927/821 818/914/821
f 808/915/822 820/928/822 819/929/822 807/916/822
f 809/917/823 821/930/823 820/928/823 808/915/823
f 810/918/824 822/931/824 821/930/824 809/917/824
f 811/919/825 823/932/825 822/931/825 810/918/825
f 812/920/826 824/933/826 823/932/826 811/919/826
f 813/921/827 825/934/827 824/933/827 812/920/827
f 814/922/828 826/935/828 825/934/828 813/921/828
f 815/923/829 827/936/829 826/935/829 814/922/829
f 816/924/830 828/937/830 827/936/830 815/923/830
f 817/925/831 829/938/831 828/937/831 816/924/831
f 818/914/832 830/927/832 829/938/832 817/925/832
f 819/926/833 831/939/833 842/940/833 830/927/833
f 820/928/834 832/941/834 831/942/834 819/929/834
f 821/930/835 833/943/835 832/941/835 820/928/835
f 822/931/836 834/944/836 833/943/836 821/930/836
f 823/932/837 835/945/837 834/944/837 822/931/837
f 824/933/838 836/946/838 835/945/838 823/932/838
f 825/934/839 837/947/839 836/946/839 824/933/839
f 826/935/840 838/948/840 837/947/840 825/934/840
f 827/936/841 839/949/841 838/948/841 826/935/841
f 828/937/842 840/950/842 839/949/842 827/936/842
f 829/938/843 841/951/843 840/950/843 828/937/843
f 830/927/844 842/940/844 841/951/844 829/938/844
f 831/939/845 843/952/845 854/953/845 842/940/845
f 832/941/846 844/954/846 843/955/846 831/942/846
f 833/943/847 845/956/847 844/954/847 832/941/847
f 834/944/848 846/957/848 845/956/848 833/943/848
f 835/945/849 847/958/849 846/957/849 834/944/849
f 836/946/850 848/959/850 847/958/850 835/945/850
f 837/947/851 849/960/851 848/959/851 836/946/851
f 838/948/852 850/961/852 849/960/852 837/947/852
f 839/949/853 851/962/853 850/961/853 838/948/853
f 840/950/854 852/963/854 851/962/854 839/949/854
f 841/951/855 853/964/855 852/963/855 840/950/855
f 842/940/856 854/953/856 853/964/856 841/951/856
f 843/952/857 855/965/857 866/966/857 854/953/857
f 844/954/858 856/967/858 855/968/858 843/955/858
f 845/956/859 857/969/859 856/967/859 844/954/859
f 846/957/860 858/970/860 857/969/860 845/956/860
f 847/958/861 859/971/861 858/970/861 846/957/861
f 848/959/862 860/972/862 859/971/862 847/958/862
f 849/960/863 861/973/863 860/972/863 848/959/863
f 850/961/864 862/974/864 861/973/864 849/960/864
f 851/962/865 863/975/865 862/974/865 850/961/865
f 852/963/866 864/976/866 863/975/866 851/962/866
f 853/964/867 865/977/867 864/976/867 852/963/867
f 854/953/868 866/966/868 865/977/868 853/964/868
f 855/965/869 867/978/869 878/979/869 866/966/869
f 856/967/870 868/980/870 867/981/870 855/968/870
f 857/969/871 869/982/871 868/980/871 856/967/871
f 858/970/872 870/983/872 869/982/872 857/969/872
f 859/971/873 871/984/873 870/983/873 858/970/873
f 860/972/874 872/985/874 871/984/874 859/971/874
f 861/973/875 873/986/875 872/985/875 860/972/875
f 862/974/876 874/987/876 873/986/876 861/973/876
f 863/975/877 875/988/877 874/987/877 862/974/877
f 864/976/878 876/989/878 875/988/878 863/975/878
f 865/977/879 877/990/879 876/989/879 864/976/879
f 866/966/880 878/979/880 877/990/880 865/977/880
f 867/978/881 879/991/881 890/992/881 878/979/881
f 868/980/882 880/993/882 879/994/882 867/981/882
f 869/982/883 881/995/883 880/993/883 868/980/883
f 870/983/884 882/996/884 881/995/884 869/982/884
f 871/984/885 883/997/885 882/996/885 870/983/885
f 872/985/886 884/998/886 883/997/886 871/984/886
f 873/986/887 885/999/887 884/998/887 872/985/887
f 874/987/888 886/1000/888 885/999/888 873/986/888
f 875/988/889 887/1001/889 886/1000/889 874/987/889
f 876/989/890 888/1002/890 887/1001/890 875/988/890
f 877/990/891 889/1003/891 888/1002/891 876/989/891
f 878/979/892 890/992/892 889/1003/892 877/990/892
f 879/991/893 891/1004/893 902/1005/893 890/992/893
f 880/993/894 892/1006/894 891/1007/894 879/994/894
f 881/995/895 893/1008/895 892/1006/895 880/993/895
f 882/996/896 894/1009/896 893/1008/896 881/995/896
f 883/997/897 895/1010/897 894/1009/897 882/996/897
f 884/998/898 896/1011/898 895/1010/898 883/997/898
f 885/999/899 897/1012/899 896/1011/899 884/998/899
f 886/1000/900 898/1013/900 897/1012/900 885/999/900
f 887/1001/901 899/1014/901 898/1013/901 886/1000/901
f 888/1002/902 900/1015/902 899/1014/902 887/1001/902
f 889/1003/903 901/1016/903 900/1015/903 888/1002/903
f 890/992/904 902/1005/904 901/1016/904 889/1003/904
f 891/1004/905 903/1017/905 914/1018/905 902/1005/905
f 892/1006/906 904/1019/906 903/1020/906 891/1007/906
f 893/1008/907 905/1021/907 904/1019/907 892/1006/907
f 894/1009/908 906/1022/908 905/1021/908 893/1008/908
f 895/1010/909 907/1023/909 906/1022/909 894/1009/909
f 896/1011/910 908/1024/910 907/1023/910 895/1010/910
f 897/1012/911 909/1025/911 908/1024/911 896/1011/911
f 898/1013/912 910/1026/912 909/1025/912 897/1012/912
f 899/1014/913 911/1027/913 910/1026/913 898/1013/913
f 900/1015/914 912/1028/914 911/1027/914 899/1014/914
f 901/1016/915 913/1029/915 912/1028/915 900/1015/915
f 902/1005/916 914/1018/916 913/1029/916 901/1016/916
f 915/484/917 927/1030/917 938/1031/917 926/487/917
f 916/488/918 928/1032/918 927/1033/918 915/491/918
f 917/492/919 929/1034/919 928/1032/919 916/488/919
f 918/494/920 930/1035/920 929/1034/920 917/492/920
f 919/496/921 931/1036/921 930/1035/921 918/494/921
f 920/498/922 932/1037/922 931/1036/922 919/496/922
f 921/500/923 933/1038/923 932/1037/923 920/498/923
f 922/502/924 934/1039/924 933/1038/924 921/500/924
f 923/504/925 935/1040/925 934/1039/925 922/502/925
f 924/506/926 936/1041/926 935/1040/926 923/504/926
f 925/508/927 937/1042/927 936/1041/927 924/506/927
f 926/487/928 938/1031/928 937/1042/928 925/508/928
f 927/1030/929 939/1043/929 950/1044/929 938/1031/929
f 928/1032/930 940/1045/930 939/1046/930 927/1033/930
f 929/1034/931 941/1047/931 940/1045/931 928/1032/931
f 930/1035/932 942/1048/932 941/1047/932 929/1034/932
f 931/1036/933 943/1049/933 942/1048/933 930/1035/933
f 932/1037/934 944/1050/934 943/1049/934 931/1036/934
f 933/1038/935 945/1051/935 944/1050/935 932/1037/935
f 934/1039/936 946/1052/936 945/1051/936 933/1038/936
f 935/1040/937 947/1053/937 946/1052/937 934/1039/937
f 936/1041/938 948/1054/938 947/1053/938 935/1040/938
f 937/1042/939 949/1055/939 948/1054/939 936/1041/939
f 938/1031/940 950/1044/940 949/1055/940 937/1042/940
f 939/1043/941 951/1056/941 962/1057/941 950/1044/941
f 940/1045/942 952/1058/942 951/1059/942 939/1046/942
f 941/1047/943 953/1060/943 952/1058/943 940/1045/943
f 942/1048/944 954/1061/944 953/1060/944 941/1047/944
f 943/1049/945 955/1062/945 954/1061/945 942/1048/945
f 944/1050/946 956/1063/946 955/1062/946 943/1049/946
f 945/1051/947 957/1064/947 956/1063/947 944/1050/947
f 946/1052/948 958/1065/948 957/1064/948 945/1051/948
f 947/1053/949 959/1066/949 958/1065/949 946/1052/949
f 948/1054/950 960/1067/950 959/1066/950 947/1053/950
f 949/1055/951 961/1068/951 960/1067/951 948/1054/951
f 950/1044/952 962/1057/952 961/1068/952 949/1055/952
f 951/1056/953 963/1069/953 974/1070/953 962/1057/953
f 952/1058/954 964/1071/954 963/1072/954 951/1059/954
f 953/1060/955 965/1073/955 964/1071/955 952/1058/955
f 954/1061/956 966/1074/956 965/1073/956 953/1060/956
f 955/1062/957 967/1075/957 966/1074/957 954/1061/957
f 956/1063/958 968/1076/958 967/1075/958 955/1062/958
f 957/1064/959 969/1077/959 968/1076/959 956/1063/959
f 958/1065/960 970/1078/960 969/1077/960 957/1064/960
f 959/1066/961 971/1079/961 970/1078/961 958/1065/961
f 960/1067/962 972/1080/962 971/1079/962 959/1066/962
f 961/1068/963 973/1081/963 972/1080/963 960/1067/963
f 962/1057/964 974/1070/964 973/1081/964 961/1068/964
f 963/1069/965 975/1082/965 986/1083/965 974/1070/965
f 964/1071/966 976/1084/966 975/1085/966 963/1072/966
f 965/1073/967 977/1086/967 976/1084/967 964/1071/967
f 966/1074/968 978/1087/968 977/1086/968 965/1073/968
f 967/1075/969 979/1088/969 978/1087/969 966/1074/969
f 968/1076/970 980/1089/970 979/1088/970 967/1075/970
f 969/1077/971 981/1090/971 980/1089/971 968/1076/971
f 970/1078/972 982/1091/972 981/1090/972 969/1077/972
f 971/1079/973 983/1092/973 982/1091/973 970/1078/973
f 972/1080/974 984/1093/974 983/1092/974 971/1079/974
f 973/1081/975 985/1094/975 984/1093/975 972/1080/975
f 974/1070/976 986/1083/976 985/1094/976 973/1081/976
f 975/1082/977 987/1095/977 998/1096/977 986/1083/977
f 976/1084/978 988/1097/978 987/1098/978 975/1085/978
f 977/1086/979 989/1099/979 988/1097/979 976/1084/979
f 978/1087/980 990/1100/980 989/1099/980 977/1086/980
f 979/1088/981 991/1101/981 990/1100/981 978/1087/981
f 980/1089/982 992/1102/982 991/1101/982 979/1088/982
f 981/1090/983 993/1103/983 992/1102/983 980/1089/983
f 982/1091/984 994/1104/984 993/1103/984 981/1090/984
f 983/1092/985 995/1105/985 994/1104/985 982/1091/985
f 984/1093/986 996/1106/986 995/1105/986 983/1092/986
f 985/1094/987 997/1107/987 996/1106/987 984/1093/987
f 986/1083/988 998/1096/988 997/1107/988 985/1094/988
f 987/1095/989 999/1108/989 1010/1109/989 998/1096/989
f 988/1097/990 1000/1110/990 999/1111/990 987/1098/990
f 989/1099/991 1001/1112/991 1000/1110/991 988/1097/991
f 990/1100/992 1002/1113/992 1001/1112/992 989/1099/992
f 991/1101/993 1003/1114/993 1002/1113/993 990/1100/993
f 992/1102/994 1004/1115/994 1003/1114/994 991/1101/994
f 993/1103/995 1005/1116/995 1004/1115/995 992/1102/995
f 994/1104/996 1006/1117/996 1005/1116/996 993/1103/996
f 995/1105/997 1007/1118/997 1006/1117/997 994/1104/997
f 996/1106/998 1008/1119/998 1007/1118/998 995/1105/998
f 997/1107/999 1009/1120/999 1008/1119/999 996/1106/999
f 998/1096/1000 1010/1109/1000 1009/1120/1000 997/1107/1000
f 999/1108/1001 1011/1121/1001 1022/1122/1001 1010/1109/1001
f 1000/1110/1002 1012/1123/1002 1011/1124/1002 999/1111/1002
f 1001/1112/1003 1013/1125/1003 1012/1123/1003 1000/1110/1003
f 1002/1113/1004 1014/1126/1004 1013/1125/1004 1001/1112/1004
f 1003/1114/1005 1015/1127/1005 1014/1126/1005 1002/1113/1005
f 1004/1115/1006 1016/1128/1006 1015/1127/1006 1003/1114/1006
f 1005/1116/1007 1017/1129/1007 1016/1128/1007 1004/1115/1007
f 1006/1117/1008 1018/1130/1008 1017/1129/1008 1005/1116/1008
f 1007/1118/1009 1019/1131/1009 1018/1130/1009 1006/1117/1009
f 1008/1119/1010 1020/1132/1010 1019/1131/1010 1007/1118/1010
f 1009/1120/1011 1021/1133/1011 1020/1132/1011 1008/1119/1011
f 1010/1109/1012 1022/1122/1012 1021/1133/1012 1009/1120/1012
f 1011/1121/1013 1023/1134/1013 1034/1135/1013 1022/1122/1013
f 1012/1123/1014 1024/1136/1014 1023/1137/1014 1011/1124/1014
f 1013/1125/1015 1025/1138/1015 1024/1136/1015 1012/1123/1015
f 1014/1126/1016 1026/1139/1016 1025/1138/1016 1013/1125/1016
f 1015/1127/1017 1027/1140/1017 1026/1139/1017 1014/1126/1017
f 1016/1128/1018 1028/1141/1018 1027/1140/1018 1015/1127/1018
f 1017/1129/1019 1029/1142/1019 1028/1141/1019 1016/1128/1019
f 1018/1130/1020 1030/1143/1020 1029/1142/1020 1017/1129/1020
f 1019/1131/1021 1031/1144/1021 1030/1143/1021 1018/1130/1021
f 1020/1132/1022 1032/1145/1022 1031/1144/1022 1019/1131/1022
f 1021/1133/1023 1033/1146/1023 1032/1145/1023 1020/1132/1023
f 1022/1122/1024 1034/1135/1024 1033/1146/1024 1021/1133/1024
f 1023/1134/1025 1035/1147/1025 1046/1148/1025 1034/1135/1025
f 1024/1136/1026 1036/1149/1026 1035/1150/1026 1023/1137/1026
f 1025/1138/1027 1037/1151/1027 1036/1149/1027 1024/1136/1027
f 1026/1139/1028 1038/1152/1028 1037/1151/1028 1025/1138/1028
f 1027/1140/1029 1039/1153/1029 1038/1152/1029 1026/1139/1029
f 1028/1141/1030 1040/1154/1030 1039/1153/1030 1027/1140/1030
f 1029/1142/1031 1041/1155/1031 1040/1154/1031 1028/1141/1031
f 1030/1143/1032 1042/1156/1032 1041/1155/1032 1029/1142/1032
f 1031/1144/1033 1043/1157/1033 1042/1156/1033 1030/1143/1033
f 1032/1145/1034 1044/1158/1034 1043/1157/1034 1031/1144/1034
f 1033/1146/1035 1045/1159/1035 1044/1158/1035 1032/1145/1035
f 1034/1135/1036 1046/1148/1036 1045/1159/1036 1033/1146/1036
f 1035/1147/1037 1047/1160/1037 1058/1161/1037 1046/1148/1037
f 1036/1149/1038 1048/1162/1038 1047/1163/1038 1035/1150/1038
f 1037/1151/1039 1049/1164/1039 1048/1162/1039 1036/1149/1039
f 1038/1152/1040 1050/1165/1040 1049/1164/1040 1037/1151/1040
f 1039/1153/1041 1051/1166/1041 1050/1165/1041 1038/1152/1041
f 1040/1154/1042 1052/1167/1042 1051/1166/1042 1039/1153/1042
f 1041/1155/1043 1053/1168/1043 1052/1167/1043 1040/1154/1043
f 1042/1156/1044 1054/1169/1044 1053/1168/1044 1041/1155/1044
f 1043/1157/1045 1055/1170/1045 1054/1169/1045 1042/1156/1045
f 1044/1158/1046 1056/1171/1046 1055/1170/1046 1043/1157/1046
f 1045/1159/1047 1057/1172/1047 1056/1171/1047 1044/1158/1047
f 1046/1148/1048 1058/1161/1048 1057/1172/1048 1045/1159/1048
f 1047/1160/1049 1059/1173/1049 1070/1174/1049 1058/1161/1049
f 1048/1162/1050 1060/1175/1050 1059/1176/1050 1047/1163/1050
f 1049/1164/1051 1061/1177/1051 1060/1175/1051 1048/1162/1051
f 1050/1165/1052 1062/1178/1052 1061/1177/1052 1049/1164/1052
f 1051/1166/1053 1063/1179/1053 1062/1178/1053 1050/1165/1053
f 1052/1167/1054 1064/1180/1054 1063/1179/1054 1051/1166/1054
f 1053/1168/1055 1065/1181/1055 1064/1180/1055 1052/1167/1055
f 1054/1169/1056 1066/1182/1056 1065/1181/1056 1053/1168/1056
f 1055/1170/1057 1067/1183/1057 1066/1182/1057 1054/1169/1057
f 1056/1171/1058 1068/1184/1058 1067/1183/1058 1055/1170/1058
f 1057/1172/1059 1069/1185/1059 1068/1184/1059 1056/1171/1059
f 1058/1161/1060 1070/1174/1060 1069/1185/1060 1057/1172/1060
f 1059/1173/1061 1071/1186/1061 1082/1187/1061 1070/1174/1061
f 1060/1175/1062 1072/1188/1062 1071/1189/1062 1059/1176/1062
f 1061/1177/1063 1073/1190/1063 1072/1188/1063 1060/1175/1063
f 1062/1178/1064 1074/1191/1064 1073/1190/1064 1061/1177/1064
f 1063/1179/1065 1075/1192/1065 1074/1191/1065 1062/1178/1065
f 1064/1180/1066 1076/1193/1066 1075/1192/1066 1063/1179/1066
f 1065/1181/1067 1077/1194/1067 1076/1193/1067 1064/1180/1067
f 1066/1182/1068 1078/1195/1068 1077/1194/1068 1065/1181/1068
f 1067/1183/1069 1079/1196/1069 1078/1195/1069 1066/1182/1069
f 1068/1184/1070 1080/1197/1070 1079/1196/1070 1067/1183/1070
f 1069/1185/1071 1081/1198/1071 1080/1197/1071 1068/1184/1071
f 1070/1174/1072 1082/1187/1072 1081/1198/1072 1069/1185/1072
f 1071/1186/1073 1083/1199/1073 1094/1200/1073 1082/1187/1073
f 1072/1188/1074 1084/1201/1074 1083/1202/1074 1071/1189/1074
f 1073/1190/1075 1085/1203/1075 1084/1201/1075 1072/1188/1075
f 1074/1191/1076 1086/1204/1076 1085/1203/1076 1073/1190/1076
f 1075/1192/1077 1087/1205/1077 1086/1204/1077 1074/1191/1077
f 1076/1193/1078 1088/1206/1078 1087/1205/1078 1075/1192/1078
f 1077/1194/1079 1089/1207/1079 1088/1206/1079 1076/1193/1079
f 1078/1195/1080 1090/1208/1080 1089/1207/1080 1077/1194/1080
f 1079/1196/1081 1091/1209/1081 1090/1208/1081 1078/1195/1081
f 1080/1197/1082 1092/1210/1082 1091/1209/1082 1079/1196/1082
f 1081/1198/1083 1093/1211/1083 1092/1210/1083 1080/1197/1083
f 1082/1187/1084 1094/1200/1084 1093/1211/1084 1081/1198/1084
f 1083/1199/1085 1095/1212/1085 1106/1213/1085 1094/1200/1085
f 1084/1201/1086 1096/1214/1086 1095/1215/1086 1083/1202/1086
f 1085/1203/1087 1097/1216/1087 1096/1214/1087 1084/1201/1087
f 1086/1204/1088 1098/1217/1088 1097/1216/1088 1085/1203/1088
f 1087/1205/1089 1099/1218/1089 1098/1217/1089 1086/1204/1089
f 1088/1206/1090 1100/1219/1090 1099/1218/1090 1087/1205/1090
f 1089/1207/1091 1101/1220/1091 1100/1219/1091 1088/1206/1091
f 1090/1208/1092 1102/1221/1092 1101/1220/1092 1089/1207/1092
f 1091/1209/1093 1103/1222/1093 1102/1221/1093 1090/1208/1093
f 1092/1210/1094 1104/1223/1094 1103/1222/1094 1091/1209/1094
f 1093/1211/1095 1105/1224/1095 1104/1223/1095 1092/1210/1095
f 1094/1200/1096 1106/1213/1096 1105/1224/1096 1093/1211/1096
f 1095/1212/1097 1107/1225/1097 1118/1226/1097 1106/1213/1097
f 1096/1214/1098 1108/1227/1098 1107/1228/1098 1095/1215/1098
f 1097/1216/1099 1109/1229/1099 1108/1227/1099 1096/1214/1099
f 1098/1217/1100 1110/1230/1100 1109/1229/1100 1097/1216/1100
f 1099/1218/1101 1111/1231/1101 1110/1230/1101 1098/1217/1101
f 1100/1219/1102 1112/1232/1102 1111/1231/1102 1099/1218/1102
f 1101/1220/1103 1113/1233/1103 1112/1232/1103 1100/1219/1103
f 1102/1221/1104 1114/1234/1104 1113/1233/1104 1101/1220/1104
f 1103/1222/1105 1115/1235/1105 1114/1234/1105 1102/1221/1105
f 1104/1223/1106 1116/1236/1106 1115/1235/1106 1103/1222/1106
f 1105/1224/1107 1117/1237/1107 1116/1236/1107 1104/1223/1107
f 1106/1213/1108 1118/1226/1108 1117/1237/1108 1105/1224/1108
f 1107/1225/1109 1119/1238/1109 1130/1239/1109 1118/1226/1109
f 1108/1227/1110 1120/1240/1110 1119/1241/1110 1107/1228/1110
f 1109/1229/1111 1121/1242/1111 1120/1240/1111 1108/1227/1111
f 1110/1230/1112 1122/1243/1112 1121/1242/1112 1109/1229/1112
f 1111/1231/1113 1123/1244/1113 1122/1243/1113 1110/1230/1113
f 1112/1232/1114 1124/1245/1114 1123/1244/1114 1111/1231/1114
f 1113/1233/1115 1125/1246/1115 1124/1245/1115 1112/1232/1115
f 1114/1234/1116 1126/1247/1116 1125/1246/1116 1113/1233/1116
f 1115/1235/1117 1127/1248/1117 1126/1247/1117 1114/1234/1117
f 1116/1236/1118 1128/1249/1118 1127/1248/1118 1115/1235/1118
f 1117/1237/1119 1129/1250/1119 1128/1249/1119 1116/1236/1119
f 1118/1226/1120 1130/1239/1120 1129/1250/1120 1117/1237/1120
f 1119/1238/1121 1131/1251/1121 1142/1252/1121 1130/1239/1121
f 1120/1240/1122 1132/1253/1122 1131/1254/1122 1119/1241/1122
f 1121/1242/1123 1133/1255/1123 1132/1253/1123 1120/1240/1123
f 1122/1243/1124 1134/1256/1124 1133/1255/1124 1121/1242/1124
f 1123/1244/1125 1135/1257/1125 1134/1256/1125 1122/1243/1125
f 1124/1245/1126 1136/1258/1126 1135/1257/1126 1123/1244/1126
f 1125/1246/1127 1137/1259/1127 1136/1258/1127 1124/1245/1127
f 1126/1247/1128 1138/1260/1128 1137/1259/1128 1125/1246/1128
f 1127/1248/1129 1139/1261/1129 1138/1260/1129 1126/1247/1129
f 1128/1249/1130 1140/1262/1130 1139/1261/1130 1127/1248/1130
f 1129/1250/1131 1141/1263/1131 1140/1262/1131 1128/1249/1131
f 1130/1239/1132 1142/1252/1132 1141/1263/1132 1129/1250/1132
f 1131/1251/1133 1143/1264/1133 1154/1265/1133 1142/1252/1133
f 1132/1253/1134 1144/1266/1134 1143/1267/1134 1131/1254/1134
f 1133/1255/1135 1145/1268/1135 1144/1266/1135 1132/1253/1135
f 1134/1256/1136 1146/1269/1136 1145/1268/1136 1133/1255/1136
f 1135/1257/1137 1147/1270/1137 1146/1269/1137 1134/1256/1137
f 1136/1258/1138 1148/1271/1138 1147/1270/1138 1135/1257/1138
f 1137/1259/1139 1149/1272/1139 1148/1271/1139 1136/1258/1139
f 1138/1260/1140 1150/1273/1140 1149/1272/1140 1137/1259/1140
f 1139/1261/1141 1151/1274/1141 1150/1273/1141 1138/1260/1141
f 1140/1262/1142 1152/1275/1142 1151/1274/1142 1139/1261/1142
f 1141/1263/1143 1153/1276/1143 1152/1275/1143 1140/1262/1143
f 1142/1252/1144 1154/1265/1144 1153/1276/1144 1141/1263/1144
f 1143/1264/1145 1155/1277/1145 1166/1278/1145 1154/1265/1145
f 1144/1266/1146 1156/1279/1146 1155/1280/1146 1143/1267/1146
f 1145/1268/1147 1157/1281/1147 1156/1279/1147 1144/1266/1147
f 1146/1269/1148 1158/1282/1148 1157/1281/1148 1145/1268/1148
f 1147/1270/1149 1159/1283/1149 1158/1282/1149 1146/1269/1149
f 1148/1271/1150 1160/1284/1150 1159/1283/1150 1147/1270/1150
f 1149/1272/1151 1161/1285/1151 1160/1284/1151 1148/1271/1151
f 1150/1273/1152 1162/1286/1152 1161/1285/1152 1149/1272/1152
f 1151/1274/1153 1163/1287/1153 1162/1286/1153 1150/1273/1153
f 1152/1275/1154 1164/1288/1154 1163/1287/1154 1151/1274/1154
f 1153/1276/1155 1165/1289/1155 1164/1288/1155 1152/1275/1155
f 1154/1265/1156 1166/1278/1156 1165/1289/1156 1153/1276/1156
f 1155/1277/1157 1167/1017/1157 1178/1018/1157 1166/1278/1157
f 1156/1279/1158 1168/1019/1158 1167/1020/1158 1155/1280/1158
f 1157/1281/1159 1169/1021/1159 1168/1019/1159 1156/1279/1159
f 1158/1282/1160 1170/1022/1160 1169/1021/1160 1157/1281/1160
f 1159/1283/1161 1171/1023/1161 1170/1022/1161 1158/1282/1161
f 1160/1284/1162 1172/1024/1162 1171/1023/1162 1159/1283/1162
f 1161/1285/1163 1173/1025/1163 1172/1024/1163 1160/1284/1163
f 1162/1286/1164 1174/1026/1164 1173/1025/1164 1161/1285/1164
f 1163/1287/1165 1175/1027/1165 1174/1026/1165 1162/1286/1165
f 1164/1288/1166 1176/1028/1166 1175/1027/1166 1163/1287/1166
f 1165/1289/1167 1177/1029/1167 1176/1028/1167 1164/1288/1167
f 1166/1278/1168 1178/1018/1168 1177/1029/1168 1165/1289/1168
f 1179/484/1169 1191/1290/1169 1202/1291/1169 1190/487/1169
f 1180/488/1170 1192/1292/1170 1191/1293/1170 1179/491/1170
f 1181/492/1171 1193/1294/1171 1192/1292/1171 1180/488/1171
f 1182/494/1172 1194/1295/1172 1193/1294/1172 1181/492/1172
f 1183/496/1173 1195/1296/1173 1194/1295/1173 1182/494/1173
f 1184/498/1174 1196/1297/1174 1195/1296/1174 1183/496/1174
f 1185/500/1175 1197/1298/1175 1196/1297/1175 1184/498/1175
f 1186/502/1176 1198/1299/1176 1197/1298/1176 1185/500/1176
f 1187/504/1177 1199/1300/1177 1198/1299/1177 1186/502/1177
f 1188/506/1178 1200/1301/1178 1199/1300/1178 1187/504/1178
f 1189/508/1179 1201/1302/1179 1200/1301/1179 1188/506/1179
f 1190/487/1180 1202/1291/1180 1201/1302/1180 1189/508/1180
f 1191/1290/1181 1203/1056/1181 1214/1057/1181 1202/1291/1181
f 1192/1292/1182 1204/1058/1182 1203/1059/1182 1191/1293/1182
f 1193/1294/1183 1205/1060/1183 1204/1058/1183 1192/1292/1183
f 1194/1295/1184 1206/1061/1184 1205/1060/1184 1193/1294/1184
f 1195/1296/1185 1207/1062/1185 1206/1061/1185 1194/1295/1185
f 1196/1297/1186 1208/1063/1186 1207/1062/1186 1195/1296/1186
f 1197/1298/1187 1209/1064/1187 1208/1063/1187 1196/1297/1187
f 1198/1299/1188 1210/1065/1188 1209/1064/1188 1197/1298/1188
f 1199/1300/1189 1211/1066/1189 1210/1065/1189 1198/1299/1189
f 1200/1301/1190 1212/1067/1190 1211/1066/1190 1199/1300/1190
f 1201/1302/1191 1213/1068/1191 1212/1067/1191 1200/1301/1191
f 1202/1291/1192 1214/1057/1192 1213/1068/1192 1201/1302/1192
f 1203/1056/1193 1215/1303/1193 1226/1304/1193 1214/1057/1193
f 1204/1058/1194 1216/1305/1194 1215/1306/1194 1203/1059/1194
f 1205/1060/1195 1217/1307/1195 1216/1305/1195 1204/1058/1195
f 1206/1061/1196 1218/1308/1196 1217/1307/1196 1205/1060/1196
f 1207/1062/1197 1219/1309/1197 1218/1308/1197 1206/1061/1197
f 1208/1063/1198 1220/1310/1198 1219/1309/1198 1207/1062/1198
f 1209/1064/1199 1221/1311/1199 1220/1310/1199 1208/1063/1199
f 1210/1065/1200 1222/1312/1200 1221/1311/1200 1209/1064/1200
f 1211/1066/1201 1223/1313/1201 1222/1312/1201 1210/1065/1201
f 1212/1067/1202 1224/1314/1202 1223/1313/1202 1211/1066/1202
f 1213/1068/1203 1225/1315/1203 1224/1314/1203 1212/1067/1203
f 1214/1057/1204 1226/1304/1204 1225/1315/1204 1213/1068/1204
f 1215/1303/1205 1227/1095/1205 1238/1096/1205 1226/1304/1205
f 1216/1305/1206 1228/1097/1206 1227/1098/1206 1215/1306/1206
f 1217/1307/1207 1229/1099/1207 1228/1097/1207 1216/1305/1207
f 1218/1308/1208 1230/1100/1208 1229/1099/1208 1217/1307/1208
f 1219/1309/1209 1231/1101/1209 1230/1100/1209 1218/1308/1209
f 1220/1310/1210 1232/1102/1210 1231/1101/1210 1219/1309/1210
f 1221/1311/1211 1233/1103/1211 1232/1102/1211 1220/1310/1211
f 1222/1312/1212 1234/1104/1212 1233/1103/1212 1221/1311/1212
f 1223/1313/1213 1235/1105/1213 1234/1104/1213 1222/1312/1213
f 1224/1314/1214 1236/1106/1214 1235/1105/1214 1223/1313/1214
f 1225/1315/1215 1237/1107/1215 1236/1106/1215 1224/1314/1215
f 1226/1304/1216 1238/1096/1216 1237/1107/1216 1225/1315/1216
f 1227/1095/1217 1239/1316/1217 1250/1317/1217 1238/1096/1217
f 1228/1097/1218 1240/1318/1218 1239/1319/1218 1227/1098/1218
f 1229/1099/1219 1241/1320/1219 1240/1318/1219 1228/1097/1219
f 1230/1100/1220 1242/1321/1220 1241/1320/1220 1229/1099/1220
f 1231/1101/1221 1243/1322/1221 1242/1321/1221 1230/1100/1221
f 1232/1102/1222 1244/1323/1222 1243/1322/1222 1231/1101/1222
f 1233/1103/1223 1245/1324/1223 1244/1323/1223 1232/1102/1223
f 1234/1104/1224 1246/1325/1224 1245/1324/1224 1233/1103/1224
f 1235/1105/1225 1247/1326/1225 1246/1325/1225 1234/1104/1225
f 1236/1106/1226 1248/1327/1226 1247/1326/1226 1235/1105/1226
f 1237/1107/1227 1249/1328/1227 1248/1327/1227 1236/1106/1227
f 1238/1096/1228 1250/1317/1228 1249/1328/1228 1237/1107/1228
f 1239/1316/1229 1251/1134/1229 1262/1135/1229 1250/1317/1229
f 1240/1318/1230 1252/1136/1230 1251/1137/1230 1239/1319/1230
f 1241/1320/1231 1253/1138/1231 1252/1136/1231 1240/1318/1231
f 1242/1321/1232 1254/1139/1232 1253/1138/1232 1241/1320/1232
f 1243/1322/1233 1255/1140/1233 1254/1139/1233 1242/1321/1233
f 1244/1323/1234 1256/1141/1234 1255/1140/1234 1243/1322/1234
f 1245/1324/1235 1257/1142/1235 1256/1141/1235 1244/1323/1235
f 1246/1325/1236 1258/1143/1236 1257/1142/1236 1245/1324/1236
f 1247/1326/1237 1259/1144/1237 1258/1143/1237 1246/1325/1237
f 1248/1327/1238 1260/1145/1238 1259/1144/1238 1247/1326/1238
f 1249/1328/1239 1261/1146/1239 1260/1145/1239 1248/1327/1239
f 1250/1317/1240 1262/1135/1240 1261/1146/1240 1249/1328/1240
f 1251/1134/1241 1263/1329/1241 1274/1330/1241 1262/1135/1241
f 1252/1136/1242 1264/1331/1242 1263/1332/1242 1251/1137/1242
f 1253/1138/1243 1265/1333/1243 1264/1331/1243 1252/1136/1243
f 1254/1139/1244 1266/1334/1244 1265/1333/1244 1253/1138/1244
f 1255/1140/1245 1267/1335/1245 1266/1334/1245 1254/1139/1245
f 1256/1141/1246 1268/1336/1246 1267/1335/1246 1255/1140/1246
f 1257/1142/1247 1269/1337/1247 1268/1336/1247 1256/1141/1247
f 1258/1143/1248 1270/1338/1248 1269/1337/1248 1257/1142/1248
f 1259/1144/1249 1271/1339/1249 1270/1338/1249 1258/1143/1249
f 1260/1145/1250 1272/1340/1250 1271/1339/1250 1259/1144/1250
f 1261/1146/1251 1273/1341/1251 1272/1340/1251 1260/1145/1251
f 1262/1135/1252 1274/1330/1252 1273/1341/1252 1261/1146/1252
f 1263/1329/1253 1275/1173/1253 1286/1174/1253 1274/1330/1253
f 1264/1331/1254 1276/1175/1254 1275/1176/1254 1263/1332/1254
f 1265/1333/1255 1277/1177/1255 1276/1175/1255 1264/1331/1255
f 1266/1334/1256 1278/1178/1256 1277/1177/1256 1265/1333/1256
f 1267/1335/1257 1279/1179/1257 1278/1178/1257 1266/1334/1257
f 1268/1336/1258 1280/1180/1258 1279/1179/1258 1267/1335/1258
f 1269/1337/1259 1281/1181/1259 1280/1180/1259 1268/1336/1259
f 1270/1338/1260 1282/1182/1260 1281/1181/1260 1269/1337/1260
f 1271/1339/1261 1283/1183/1261 1282/1182/1261 1270/1338/1261
f 1272/1340/1262 1284/1184/1262 1283/1183/1262 1271/1339/1262
f 1273/1341/1263 1285/1185/1263 1284/1184/1263 1272/1340/1263
f 1274/1330/1264 1286/1174/1264 1285/1185/1264 1273/1341/1264
f 1275/1173/1265 1287/1342/1265 1298/1343/1265 1286/1174/1265
f 1276/1175/1266 1288/1344/1266 1287/1345/1266 1275/1176/1266
f 1277/1177/1267 1289/1346/1267 1288/1344/1267 1276/1175/1267
f 1278/1178/1268 1290/1347/1268 1289/1346/1268 1277/1177/1268
f 1279/1179/1269 1291/1348/1269 1290/1347/1269 1278/1178/1269
f 1280/1180/1270 1292/1349/1270 1291/1348/1270 1279/1179/1270
f 1281/1181/1271 1293/1350/1271 1292/1349/1271 1280/1180/1271
f 1282/1182/1272 1294/1351/1272 1293/1350/1272 1281/1181/1272
f 1283/1183/1273 1295/1352/1273 1294/1351/1273 1282/1182/1273
f 1284/1184/1274 1296/1353/1274 1295/1352/1274 1283/1183/1274
f 1285/1185/1275 1297/1354/1275 1296/1353/1275 1284/1184/1275
f 1286/1174/1276 1298/1343/1276 1297/1354/1276 1285/1185/1276
f 1287/1342/1277 1299/1212/1277 1310/1213/1277 1298/1343/1277
f 1288/1344/1278 1300/1214/1278 1299/1215/1278 1287/1345/1278
f 1289/1346/1279 1301/1216/1279 1300/1214/1279 1288/1344/1279
f 1290/1347/1280 1302/1217/1280 1301/1216/1280 1289/1346/1280
f 1291/1348/1281 1303/1218/1281 1302/1217/1281 1290/1347/1281
f 1292/1349/1282 1304/1219/1282 1303/1218/1282 1291/1348/1282
f 1293/1350/1283 1305/1220/1283 1304/1219/1283 1292/1349/1283
f 1294/1351/1284 1306/1221/1284 1305/1220/1284 1293/1350/1284
f 1295/1352/1285 1307/1222/1285 1306/1221/1285 1294/1351/1285
f 1296/1353/1286 1308/1223/1286 1307/1222/1286 1295/1352/1286
f 1297/1354/1287 1309/1224/1287 1308/1223/1287 1296/1353/1287
f 1298/1343/1288 1310/1213/1288 1309/1224/1288 1297/1354/1288
f 1299/1212/1289 1311/1355/1289 1322/1356/1289 1310/1213/1289
f 1300/1214/1290 1312/1357/1290 1311/1358/1290 1299/1215/1290
f 1301/1216/1291 1313/1359/1291 1312/1357/1291 1300/1214/1291
f 1302/1217/1292 1314/1360/1292 1313/1359/1292 1301/1216/1292
f 1303/1218/1293 1315/1361/1293 1314/1360/1293 1302/1217/1293
f 1304/1219/1294 1316/1362/1294 1315/1361/1294 1303/1218/1294
f 1305/1220/1295 1317/1363/1295 1316/1362/1295 1304/1219/1295
f 1306/1221/1296 1318/1364/1296 1317/1363/1296 1305/1220/1296
f 1307/1222/1297 1319/1365/1297 1318/1364/1297 1306/1221/1297
f 1308/1223/1298 1320/1366/1298 1319/1365/1298 1307/1222/1298
f 1309/1224/1299 1321/1367/1299 1320/1366/1299 1308/1223/1299
f 1310/1213/1300 1322/1356/1300 1321/1367/1300 1309/1224/1300
f 1311/1355/1301 1323/1251/1301 1334/1252/1301 1322/1356/1301
f 1312/1357/1302 1324/1253/1302 1323/1254/1302 1311/1358/1302
f 1313/1359/1303 1325/1255/1303 1324/1253/1303 1312/1357/1303
f 1314/1360/1304 1326/1256/1304 1325/1255/1304 1313/1359/1304
f 1315/1361/1305 1327/1257/1305 1326/1256/1305 1314/1360/1305
f 1316/1362/1306 1328/1258/1306 1327/1257/1306 1315/1361/1306
f 1317/1363/1307 1329/1259/1307 1328/1258/1307 1316/1362/1307
f 1318/1364/1308 1330/1260/1308 1329/1259/1308 1317/1363/1308
f 1319/1365/1309 1331/1261/1309 1330/1260/1309 1318/1364/1309
f 1320/1366/1310 1332/1262/1310 1331/1261/1310 1319/1365/1310
f 1321/1367/1311 1333/1263/1311 1332/1262/1311 1320/1366/1311
f 1322/1356/1312 1334/1252/1312 1333/1263/1312 1321/1367/1312
f 1323/1251/1313 1335/1368/1313 1346/1369/1313 1334/1252/1313
f 1324/1253/1314 1336/1370/1314 1335/1371/1314 1323/1254/1314
f 1325/1255/1315 1337/1372/1315 1336/1370/1315 1324/1253/1315
f 1326/1256/1316 1338/1373/1316 1337/1372/1316 1325/1255/1316
f 1327/1257/1317 1339/1374/1317 1338/1373/1317 1326/1256/1317
f 1328/1258/1318 1340/1375/1318 1339/1374/1318 1327/1257/1318
f 1329/1259/1319 1341/1376/1319 1340/1375/1319 1328/1258/1319
f 1330/1260/1320 1342/1377/1320 1341/1376/1320 1329/1259/1320
f 1331/1261/1321 1343/1378/1321 1342/1377/1321 1330/1260/1321
f 1332/1262/1322 1344/1379/1322 1343/1378/1322 1331/1261/1322
f 1333/1263/1323 1345/1380/1323 1344/1379/1323 1332/1262/1323
f 1334/1252/1324 1346/1369/1324 1345/1380/1324 1333/1263/1324
f 1335/1368/1325 1347/1017/1325 1358/1018/1325 1346/1369/1325
f 1336/1370/1326 1348/1019/1326 1347/1020/1326 1335/1371/1326
f 1337/1372/1327 1349/1021/1327 1348/1019/1327 1336/1370/1327
f 1338/1373/1328 1350/1022/1328 1349/1021/1328 1337/1372/1328
f 1339/1374/1329 1351/1023/1329 1350/1022/1329 1338/1373/1329
f 1340/1375/1330 1352/1024/1330 1351/1023/1330 1339/1374/1330
f 1341/1376/1331 1353/1025/1331 1352/1024/1331 1340/1375/1331
f 1342/1377/1332 1354/1026/1332 1353/1025/1332 1341/1376/1332
f 1343/1378/1333 1355/1027/1333 1354/1026/1333 1342/1377/1333
f 1344/1379/1334 1356/1028/1334 1355/1027/1334 1343/1378/1334
f 1345/1380/1335 1357/1029/1335 1356/1028/1335 1344/1379/1335
f 1346/1369/1336 1358/1018/1336 1357/1029/1336 1345/1380/1336
f 1359/484/1337 1371/1381/1337 1382/1382/1337 1370/487/1337
f 1360/488/1338 1372/1383/1338 1371/1384/1338 1359/491/1338
f 1361/492/1339 1373/1385/1339 1372/1383/1339 1360/488/1339
f 1362/494/1340 1374/1386/1340 1373/1385/1340 1361/492/1340
f 1363/496/1341 1375/1387/1341 1374/1386/1341 1362/494/1341
f 1364/498/1342 1376/1388/1342 1375/1387/1342 1363/496/1342
f 1365/500/1343 1377/1389/1343 1376/1388/1343 1364/498/1343
f 1366/502/1344 1378/1390/1344 1377/1389/1344 1365/500/1344
f 1367/504/1345 1379/1391/1345 1378/1390/1345 1366/502/1345
f 1368/506/1346 1380/1392/1346 1379/1391/1346 1367/504/1346
f 1369/508/1347 1381/1393/1347 1380/1392/1347 1368/506/1347
f 1370/487/1348 1382/1382/1348 1381/1393/1348 1369/508/1348
f 1371/1381/1349 1383/1108/1349 1394/1109/1349 1382/1382/1349
f 1372/1383/1350 1384/1110/1350 1383/1111/1350 1371/1384/1350
f 1373/1385/1351 1385/1112/1351 1384/1110/1351 1372/1383/1351
f 1374/1386/1352 1386/1113/1352 1385/1112/1352 1373/1385/1352
f 1375/1387/1353 1387/1114/1353 1386/1113/1353 1374/1386/1353
f 1376/1388/1354 1388/1115/1354 1387/1114/1354 1375/1387/1354
f 1377/1389/1355 1389/1116/1355 1388/1115/1355 1376/1388/1355
f 1378/1390/1356 1390/1117/1356 1389/1116/1356 1377/1389/1356
f 1379/1391/1357 1391/1118/1357 1390/1117/1357 1378/1390/1357
f 1380/1392/1358 1392/1119/1358 1391/1118/1358 1379/1391/1358
f 1381/1393/1359 1393/1120/1359 1392/1119/1359 1380/1392/1359
f 1382/1382/1360 1394/1109/1360 1393/1120/1360 1381/1393/1360
f 1383/1108/1361 1395/1329/1361 1406/1330/1361 1394/1109/1361
f 1384/1110/1362 1396/1331/1362 1395/1332/1362 1383/1111/1362
f 1385/1112/1363 1397/1333/1363 1396/1331/1363 1384/1110/1363
f 1386/1113/1364 1398/1334/1364 1397/1333/1364 1385/1112/1364
f 1387/1114/1365 1399/1335/1365 1398/1334/1365 1386/1113/1365
f 1388/1115/1366 1400/1336/1366 1399/1335/1366 1387/1114/1366
f 1389/1116/1367 1401/1337/1367 1400/1336/1367 1388/1115/1367
f 1390/1117/1368 1402/1338/1368 1401/1337/1368 1389/1116/1368
f 1391/1118/1369 1403/1339/1369 1402/1338/1369 1390/1117/1369
f 1392/1119/1370 1404/1340/1370 1403/1339/1370 1391/1118/1370
f 1393/1120/1371 1405/1341/1371 1404/1340/1371 1392/1119/1371
f 1394/1109/1372 1406/1330/1372 1405/1341/1372 1393/1120/1372
f 1395/1329/1373 1407/1199/1373 1418/1200/1373 1406/1330/1373
f 1396/1331/1374 1408/1201/1374 1407/1202/1374 1395/1332/1374
f 1397/1333/1375 1409/1203/1375 1408/1201/1375 1396/1331/1375
f 1398/1334/1376 1410/1204/1376 1409/1203/1376 1397/1333/1376
f 1399/1335/1377 1411/1205/1377 1410/1204/1377 1398/1334/1377
f 1400/1336/1378 1412/1206/1378 1411/1205/1378 1399/1335/1378
f 1401/1337/1379 1413/1207/1379 1412/1206/1379 1400/1336/1379
f 1402/1338/1380 1414/1208/1380 1413/1207/1380 1401/1337/1380
f 1403/1339/1381 1415/1209/1381 1414/1208/1381 1402/1338/1381
f 1404/1340/1382 1416/1210/1382 1415/1209/1382 1403/1339/1382
f 1405/1341/1383 1417/1211/1383 1416/1210/1383 1404/1340/1383
f 1406/1330/1384 1418/1200/1384 1417/1211/1384 1405/1341/1384
f 1407/1199/1385 1419/1394/1385 1430/1395/1385 1418/1200/1385
f 1408/1201/1386 1420/1396/1386 1419/1397/1386 1407/1202/1386
f 1409/1203/1387 1421/1398/1387 1420/1396/1387 1408/1201/1387
f 1410/1204/1388 1422/1399/1388 1421/1398/1388 1409/1203/1388
f 1411/1205/1389 1423/1400/1389 1422/1399/1389 1410/1204/1389
f 1412/1206/1390 1424/1401/1390 1423/1400/1390 1411/1205/1390
f 1413/1207/1391 1425/1402/1391 1424/1401/1391 1412/1206/1391
f 1414/1208/1392 1426/1403/1392 1425/1402/1392 1413/1207/1392
f 1415/1209/1393 1427/1404/1393 1426/1403/1393 1414/1208/1393
f 1416/1210/1394 1428/1405/1394 1427/1404/1394 1415/1209/1394
f 1417/1211/1395 1429/1406/1395 1428/1405/1395 1416/1210/1395
f 1418/1200/1396 1430/1395/1396 1429/1406/1396 1417/1211/1396
f 1419/1394/1397 1431/1017/1397 1442/1018/1397 1430/1395/1397
f 1420/1396/1398 1432/1019/1398 1431/1020/1398 1419/1397/1398
f 1421/1398/1399 1433/1021/1399 1432/1019/1399 1420/1396/1399
f 1422/1399/1400 1434/1022/1400 1433/1021/1400 1421/1398/1400
f 1423/1400/1401 1435/1023/1401 1434/1022/1401 1422/1399/1401
f 1424/1401/1402 1436/1024/1402 1435/1023/1402 1423/1400/1402
f 1425/1402/1403 1437/1025/1403 1436/1024/1403 1424/1401/1403
f 1426/1403/1404 1438/1026/1404 1437/1025/1404 1425/1402/1404
f 1427/1404/1405 1439/1027/1405 1438/1026/1405 1426/1403/1405
f 1428/1405/1406 1440/1028/1406 1439/1027/1406 1427/1404/1406
f 1429/1406/1407 1441/1029/1407 1440/1028/1407 1428/1405/1407
f 1430/1395/1408 1442/1018/1408 1441/1029/1408 1429/1406/1408
o edges
v 0.903304 0.920189 -0.915556
v 0.908090 0.922123 -0.915170
v 0.912432 0.922830 -0.912442
v 0.915167 0.922123 -0.908105
v 0.915561 0.920189 -0.903319
v 0.913510 0.917547 -0.899368
v 0.909563 0.914906 -0.897310
v 0.904777 0.912972 -0.897697
v 0.900435 0.912264 -0.900424
v 0.897700 0.912972 -0.904762
v 0.897305 0.914906 -0.909547
v 0.899356 0.917547 -0.913498
v 0.906050 0.919060 -0.914155
v 0.910912 0.918404 -0.915805
v 0.915353 0.915745 -0.915725
v 0.918183 0.911797 -0.913936
v 0.918644 0.907618 -0.910917
v 0.916612 0.904327 -0.907476
v 0.912631 0.902806 -0.904537
v 0.907769 0.903463 -0.902886
v 0.903329 0.906121 -0.902966
v 0.900499 0.910069 -0.904756
v 0.900038 0.914249 -0.907775
v 0.902070 0.917540 -0.911215
v 0.902080 0.921978 -0.915709
v 0.904392 0.920288 -0.920021
v 0.905774 0.916390 -0.923133
v 0.905855 0.911328 -0.924213
v 0.904613 0.906459 -0.922971
v 0.902382 0.903087 -0.919739
v 0.899758 0.902116 -0.915384
v 0.897446 0.903806 -0.911072
v 0.896064 0.907704 -0.907959
v 0.895983 0.912766 -0.906879
v 0.897225 0.917635 -0.908122
v 0.899456 0.921007 -0.911354
v 0.887828 0.923185 -0.921969
v 0.889149 0.921561 -0.926703
v 0.889999 0.917698 -0.930043
v 0.890150 0.912632 -0.931093
v 0.889562 0.907719 -0.929572
v 0.888392 0.904276 -0.925887
v 0.886954 0.903226 -0.921027
v 0.885633 0.904850 -0.916293
v 0.884783 0.908713 -0.912953
v 0.884632 0.913779 -0.911903
v 0.885220 0.918692 -0.913424
v 0.886390 0.922135 -0.917109
v 0.865600 0.922731 -0.925327
v 0.865983 0.921116 -0.930230
v 0.866281 0.917259 -0.933669
v 0.866413 0.912193 -0.934722
v 0.866343 0.907275 -0.933108
v 0.866092 0.903823 -0.929258
v 0.865725 0.902763 -0.924205
v 0.865342 0.904378 -0.919302
v 0.865044 0.908236 -0.915863
v 0.864912 0.913302 -0.914809
v 0.864981 0.918220 -0.916424
v 0.865233 0.921671 -0.920273
v -0.865559 0.922745 -0.925322
v -0.865947 0.921130 -0.930224
v -0.866249 0.917273 -0.933663
v -0.866385 0.912207 -0.934716
v -0.866317 0.907289 -0.933102
v -0.866063 0.903837 -0.929252
v -0.865693 0.902777 -0.924199
v -0.865305 0.904392 -0.919297
v -0.865002 0.908249 -0.915858
v -0.864867 0.913315 -0.914805
v -0.864935 0.918233 -0.916419
v -0.865188 0.921685 -0.920268
v -0.887982 0.923224 -0.921896
v -0.889302 0.921599 -0.926630
v -0.890147 0.917737 -0.929971
v -0.890290 0.912670 -0.931023
v -0.889693 0.907758 -0.929504
v -0.888516 0.904316 -0.925822
v -0.887075 0.903266 -0.920962
v -0.885755 0.904890 -0.916228
v -0.884910 0.908753 -0.912887
v -0.884767 0.913819 -0.911835
v -0.885364 0.918732 -0.913354
v -0.886541 0.922174 -0.917037
v -0.902110 0.921962 -0.915705
v -0.904420 0.920270 -0.920018
v -0.905795 0.916371 -0.923132
v -0.905868 0.911309 -0.924214
v -0.904619 0.906442 -0.922973
v -0.902382 0.903072 -0.919742
v -0.899757 0.902103 -0.915387
v -0.897447 0.903795 -0.911075
v -0.896071 0.907695 -0.907961
v -0.895998 0.912756 -0.906879
v -0.897248 0.917624 -0.908119
v -0.899485 0.920993 -0.911350
v -0.909942 0.920897 -0.909946
v -0.913387 0.919138 -0.913386
v -0.915749 0.915180 -0.915742
v -0.916395 0.910084 -0.916383
v -0.915152 0.905216 -0.915137
v -0.912354 0.901880 -0.912338
v -0.908750 0.900969 -0.908736
v -0.905305 0.902729 -0.905296
v -0.902943 0.906687 -0.902940
v -0.902297 0.911783 -0.902299
v -0.903539 0.916651 -0.903545
v -0.906338 0.919987 -0.906344
v -0.915713 0.921978 -0.902082
v -0.920025 0.920285 -0.904394
v -0.923136 0.916385 -0.905775
v -0.924213 0.911323 -0.905854
v -0.922968 0.906455 -0.904611
v -0.919735 0.903085 -0.902379
v -0.915379 0.902116 -0.899755
v -0.911068 0.903809 -0.897444
v -0.907957 0.907709 -0.896063
v -0.906879 0.912771 -0.895983
v -0.908124 0.917640 -0.897226
v -0.911358 0.921009 -0.899459
v -0.921974 0.923184 -0.887830
v -0.926708 0.921558 -0.889150
v -0.930045 0.917693 -0.890000
v -0.931093 0.912626 -0.890150
v -0.929569 0.907714 -0.889561
v -0.925883 0.904274 -0.888391
v -0.921022 0.903226 -0.886953
v -0.916288 0.904853 -0.885632
v -0.912951 0.908717 -0.884783
v -0.911904 0.913784 -0.884632
v -0.913427 0.918696 -0.885221
v -0.917113 0.922137 -0.886391
v -0.925332 0.922731 -0.865600
v -0.930234 0.921113 -0.865984
v -0.933671 0.917254 -0.866281
v -0.934722 0.912187 -0.866413
v -0.933105 0.907270 -0.866343
v -0.929253 0.903821 -0.866091
v -0.924199 0.902764 -0.865725
v -0.919297 0.904381 -0.865341
v -0.915860 0.908240 -0.865044
v -0.914810 0.913307 -0.864912
v -0.916427 0.918224 -0.864982
v -0.920278 0.921674 -0.865233
v -0.925327 0.922745 0.865559
v -0.930229 0.921127 0.865947
v -0.933665 0.917268 0.866250
v -0.934716 0.912201 0.866385
v -0.933099 0.907284 0.866316
v -0.929248 0.903835 0.866063
v -0.924194 0.902777 0.865693
v -0.919292 0.904395 0.865304
v -0.915856 0.908254 0.865002
v -0.914805 0.913321 0.864867
v -0.916422 0.918238 0.864935
v -0.920273 0.921687 0.865188
v -0.921901 0.923223 0.887984
v -0.926635 0.921597 0.889304
v -0.929974 0.917732 0.890148
v -0.931023 0.912665 0.890290
v -0.929502 0.907753 0.889692
v -0.925817 0.904313 0.888515
v -0.920957 0.903266 0.887073
v -0.916224 0.904893 0.885754
v -0.912885 0.908758 0.884909
v -0.911836 0.913825 0.884767
v -0.913357 0.918736 0.885365
v -0.917041 0.922176 0.886542
v -0.915710 0.921962 0.902112
v -0.920021 0.920267 0.904422
v -0.923134 0.916366 0.905796
v -0.924214 0.911304 0.905867
v -0.922971 0.906437 0.904617
v -0.919738 0.903070 0.902379
v -0.915383 0.902104 0.899754
v -0.911071 0.903798 0.897445
v -0.907958 0.907699 0.896071
v -0.906879 0.912761 0.895999
v -0.908122 0.917628 0.897250
v -0.911354 0.920996 0.899487
v -0.909950 0.920897 0.909946
v -0.913389 0.919135 0.913390
v -0.915743 0.915175 0.915750
v -0.916382 0.910079 0.916395
v -0.915135 0.905211 0.915150
v -0.912334 0.901877 0.912351
v -0.908732 0.900970 0.908746
v -0.905293 0.902732 0.905302
v -0.902938 0.906692 0.902942
v -0.902299 0.911788 0.902297
v -0.903547 0.916655 0.903542
v -0.906347 0.919989 0.906341
v -0.902085 0.921977 0.915718
v -0.904396 0.920282 0.920029
v -0.905776 0.916381 0.923138
v -0.905854 0.911318 0.924213
v -0.904610 0.906450 0.922966
v -0.902376 0.903083 0.919731
v -0.899753 0.902117 0.915374
v -0.897442 0.903812 0.911064
v -0.896062 0.907714 0.907955
v -0.895984 0.912777 0.906879
v -0.897228 0.917644 0.908126
v -0.899461 0.921012 0.911362
v -0.887831 0.923184 0.921979
v -0.889151 0.921555 0.926712
v -0.890000 0.917689 0.930047
v -0.890150 0.912621 0.931092
v -0.889560 0.907710 0.929566
v -0.888389 0.904271 0.925878
v -0.886951 0.903227 0.921017
v -0.885631 0.904856 0.916284
v -0.884782 0.908722 0.912949
v -0.884632 0.913790 0.911904
v -0.885222 0.918701 0.913430
v -0.886393 0.922139 0.917118
v -0.865601 0.922731 0.925337
v -0.865984 0.921111 0.930238
v -0.866281 0.917249 0.933673
v -0.866413 0.912182 0.934721
v -0.866343 0.907266 0.933102
v -0.866091 0.903819 0.929248
v -0.865724 0.902764 0.924194
v -0.865341 0.904384 0.919293
v -0.865044 0.908245 0.915858
v -0.864912 0.913313 0.914810
v -0.864982 0.918229 0.916429
v -0.865234 0.921676 0.920283
v 0.865559 0.922744 0.925332
v 0.865948 0.921124 0.930233
v 0.866250 0.917263 0.933668
v 0.866385 0.912196 0.934716
v 0.866316 0.907280 0.933096
v 0.866063 0.903833 0.929243
v 0.865692 0.902778 0.924189
v 0.865304 0.904398 0.919288
v 0.865002 0.908259 0.915853
v 0.864867 0.913326 0.914805
v 0.864935 0.918242 0.916425
v 0.865189 0.921689 0.920278
v 0.887985 0.923223 0.921906
v 0.889305 0.921594 0.926639
v 0.890148 0.917727 0.929976
v 0.890290 0.912660 0.931023
v 0.889691 0.907749 0.929499
v 0.888514 0.904311 0.925813
v 0.887072 0.903267 0.920952
v 0.885752 0.904896 0.916219
v 0.884909 0.908763 0.912882
v 0.884767 0.913830 0.911836
v 0.885366 0.918741 0.913360
v 0.886544 0.922179 0.917046
v 0.902115 0.921961 0.915714
v 0.904423 0.920264 0.920025
v 0.905797 0.916361 0.923136
v 0.905867 0.911299 0.924214
v 0.904615 0.906433 0.922968
v 0.902377 0.903067 0.919734
v 0.899751 0.902104 0.915378
v 0.897443 0.903801 0.911067
v 0.896070 0.907704 0.907956
v 0.896000 0.912767 0.906879
v 0.897252 0.917633 0.908124
v 0.899490 0.920998 0.911358
v 0.915779 0.918260 0.907119
v 0.916453 0.917373 0.912174
v 0.915222 0.914760 0.916470
v 0.912417 0.911122 0.918856
v 0.908789 0.907433 0.918692
v 0.905310 0.904683 0.916022
v 0.902913 0.903607 0.911563
v 0.902239 0.904494 0.906508
v 0.903470 0.907107 0.902212
v 0.906275 0.910745 0.899826
v 0.909903 0.914433 0.899990
v 0.913381 0.917184 0.902659
v 0.922526 0.899730 0.910597
v 0.922262 0.900609 0.915692
v 0.919488 0.900901 0.920052
v 0.914948 0.900528 0.922511
v 0.909858 0.899590 0.922408
v 0.905583 0.898338 0.919772
v 0.903267 0.897109 0.915309
v 0.903531 0.896230 0.910215
v 0.906305 0.895938 0.905854
v 0.910845 0.896311 0.903396
v 0.915935 0.897249 0.903498
v 0.920210 0.898501 0.906134
v 0.924450 0.877230 0.912473
v 0.924260 0.877434 0.917642
v 0.921511 0.877497 0.922027
v 0.916940 0.877405 0.924455
v 0.911772 0.877180 0.924274
v 0.907391 0.876884 0.921532
v 0.904971 0.876595 0.916965
v 0.905162 0.876392 0.911797
v 0.907910 0.876328 0.907411
v 0.912481 0.876421 0.904983
v 0.917650 0.876645 0.905164
v 0.922030 0.876942 0.907906
v 0.924459 -0.854989 0.912464
v 0.924269 -0.855199 0.917633
v 0.921520 -0.855270 0.922018
v 0.916949 -0.855186 0.924446
v 0.911781 -0.854966 0.924265
v 0.907399 -0.854672 0.921524
v 0.904979 -0.854381 0.916957
v 0.905169 -0.854172 0.911789
v 0.907918 -0.854100 0.907403
v 0.912489 -0.854185 0.904975
v 0.917657 -0.854404 0.905156
v 0.922039 -0.854698 0.907897
v 0.922580 -0.877516 0.910537
v 0.922317 -0.878389 0.915633
v 0.919545 -0.878672 0.919995
v 0.915007 -0.878292 0.922455
v 0.909918 -0.877348 0.922354
v 0.905643 -0.876095 0.919719
v 0.903326 -0.874867 0.915256
v 0.903589 -0.873995 0.910160
v 0.906361 -0.873711 0.905798
v 0.910900 -0.874092 0.903338
v 0.915988 -0.875035 0.903439
v 0.920264 -0.876289 0.906074
v 0.918675 -0.891123 0.906696
v 0.918219 -0.892717 0.911600
v 0.915384 -0.893237 0.915899
v 0.910930 -0.892542 0.918443
v 0.906050 -0.890819 0.918549
v 0.902052 -0.888530 0.916189
v 0.900006 -0.886288 0.911996
v 0.900462 -0.884694 0.907092
v 0.903297 -0.884175 0.902792
v 0.907752 -0.884870 0.900249
v 0.912632 -0.886593 0.900142
v 0.916630 -0.888882 0.902502
v 0.913062 -0.901943 0.902941
v 0.913408 -0.902291 0.908095
v 0.911884 -0.900771 0.912802
v 0.908901 -0.897790 0.915804
v 0.905256 -0.894148 0.916294
v 0.901926 -0.890819 0.914143
v 0.899805 -0.888696 0.909925
v 0.899459 -0.888348 0.904772
v 0.900982 -0.889868 0.900064
v 0.903966 -0.892849 0.897063
v 0.907611 -0.896491 0.896572
v 0.910940 -0.899820 0.898724
v 0.902217 -0.907574 0.906700
v 0.903820 -0.907114 0.911600
v 0.904351 -0.904274 0.915895
v 0.903668 -0.899815 0.918434
v 0.901954 -0.894932 0.918536
v 0.899668 -0.890933 0.916175
v 0.897422 -0.888890 0.911982
v 0.895819 -0.889350 0.907082
v 0.895288 -0.892190 0.902787
v 0.895971 -0.896649 0.900248
v 0.897685 -0.901532 0.900146
v 0.899971 -0.905531 0.902507
v 0.888618 -0.911413 0.910602
v 0.889496 -0.911146 0.915697
v 0.889787 -0.908370 0.920056
v 0.889413 -0.903829 0.922512
v 0.888475 -0.898739 0.922407
v 0.887223 -0.894465 0.919769
v 0.885994 -0.892152 0.915304
v 0.885116 -0.892419 0.910210
v 0.884824 -0.895195 0.905850
v 0.885198 -0.899736 0.903394
v 0.886136 -0.904826 0.903500
v 0.887388 -0.909100 0.906138
v 0.866117 -0.913337 0.912478
v 0.866320 -0.913145 0.917647
v 0.866384 -0.910394 0.922031
v 0.866291 -0.905821 0.924456
v 0.866066 -0.900653 0.924272
v 0.865770 -0.896274 0.921529
v 0.865481 -0.893857 0.916960
v 0.865278 -0.894049 0.911792
v 0.865214 -0.896800 0.907407
v 0.865307 -0.901372 0.904982
v 0.865532 -0.906541 0.905166
v 0.865828 -0.910920 0.907910
v -0.866103 -0.913346 0.912469
v -0.866313 -0.913153 0.917638
v -0.866384 -0.910402 0.922022
v -0.866299 -0.905830 0.924447
v -0.866080 -0.900662 0.924264
v -0.865785 -0.896282 0.921520
v -0.865495 -0.893864 0.916952
v -0.865285 -0.894057 0.911784
v -0.865213 -0.896808 0.907400
v -0.865299 -0.901380 0.904974
v -0.865518 -0.906549 0.905158
v -0.865812 -0.910928 0.907901
v -0.888631 -0.911467 0.910542
v -0.889503 -0.911202 0.915638
v -0.889786 -0.908428 0.919999
v -0.889405 -0.903888 0.922457
v -0.888461 -0.898799 0.922353
v -0.887207 -0.894525 0.919715
v -0.885980 -0.892211 0.915251
v -0.885108 -0.892477 0.910155
v -0.884825 -0.895251 0.905794
v -0.885207 -0.899791 0.903336
v -0.886150 -0.904879 0.903440
v -0.887404 -0.909153 0.906078
v -0.902239 -0.907562 0.906701
v -0.903832 -0.907104 0.911604
v -0.904350 -0.904267 0.915903
v -0.903654 -0.899811 0.918445
v -0.901930 -0.894931 0.918548
v -0.899641 -0.890935 0.916186
v -0.897400 -0.888892 0.911991
v -0.895807 -0.889350 0.907087
v -0.895289 -0.892187 0.902789
v -0.895985 -0.896643 0.900247
v -0.897709 -0.901523 0.900144
v -0.899998 -0.905520 0.902506
v -0.913058 -0.901949 0.902946
v -0.913404 -0.902293 0.908100
v -0.911883 -0.900768 0.912807
v -0.908901 -0.897783 0.915806
v -0.905258 -0.894138 0.916293
v -0.901930 -0.890810 0.914139
v -0.899809 -0.888690 0.909920
v -0.899462 -0.888346 0.904767
v -0.900984 -0.889871 0.900060
v -0.903966 -0.892856 0.897061
v -0.907609 -0.896501 0.896573
v -0.910937 -0.899829 0.898727
v -0.918689 -0.891105 0.906704
v -0.918226 -0.892707 0.911605
v -0.915384 -0.893237 0.915898
v -0.910924 -0.892553 0.918435
v -0.906041 -0.890838 0.918535
v -0.902044 -0.888552 0.916171
v -0.900003 -0.886306 0.911977
v -0.900465 -0.884704 0.907077
v -0.903307 -0.884174 0.902783
v -0.907767 -0.884858 0.900247
v -0.912650 -0.886573 0.900147
v -0.916648 -0.888860 0.902510
v -0.922528 -0.877505 0.910607
v -0.922258 -0.878382 0.915702
v -0.919480 -0.878673 0.920059
v -0.914938 -0.878299 0.922513
v -0.909848 -0.877360 0.922405
v -0.905576 -0.876108 0.919765
v -0.903265 -0.874879 0.915299
v -0.903534 -0.874001 0.910205
v -0.906313 -0.873711 0.905847
v -0.910855 -0.874085 0.903393
v -0.915945 -0.875024 0.903501
v -0.920217 -0.876275 0.906142
v -0.924452 -0.855003 0.912483
v -0.924257 -0.855206 0.917652
v -0.921504 -0.855270 0.922035
v -0.916930 -0.855177 0.924457
v -0.911762 -0.854952 0.924271
v -0.907384 -0.854655 0.921525
v -0.904969 -0.854367 0.916955
v -0.905165 -0.854164 0.911787
v -0.907918 -0.854100 0.907404
v -0.912491 -0.854193 0.904981
v -0.917660 -0.854418 0.905167
v -0.922038 -0.854715 0.907913
v -0.924461 0.877217 0.912474
v -0.924266 0.877426 0.917643
v -0.921513 0.877498 0.922026
v -0.916939 0.877413 0.924448
v -0.911771 0.877194 0.924262
v -0.907392 0.876899 0.921516
v -0.904977 0.876608 0.916947
v -0.905172 0.876399 0.911779
v -0.907926 0.876327 0.907396
v -0.912499 0.876413 0.904973
v -0.917668 0.876632 0.905159
v -0.922046 0.876926 0.907905
v -0.922582 0.899746 0.910547
v -0.922314 0.900617 0.915643
v -0.919538 0.900900 0.920002
v -0.914997 0.900518 0.922458
v -0.909908 0.899573 0.922351
v -0.905636 0.898320 0.919712
v -0.903324 0.897093 0.915246
v -0.903592 0.896221 0.910150
v -0.906369 0.895939 0.905791
v -0.910910 0.896321 0.903335
v -0.915998 0.897265 0.903441
v -0.920271 0.898519 0.906081
v -0.918808 0.912954 0.906836
v -0.918437 0.914264 0.911830
v -0.915629 0.914681 0.916159
v -0.911136 0.914095 0.918662
v -0.906162 0.912661 0.918669
v -0.902040 0.910764 0.916177
v -0.899874 0.908913 0.911856
v -0.900245 0.907603 0.906861
v -0.903053 0.907185 0.902533
v -0.907546 0.907772 0.900030
v -0.912520 0.909206 0.900023
v -0.916642 0.911103 0.902515
v 0.915556 0.920189 0.903304
v 0.915170 0.922123 0.908090
v 0.912442 0.922830 0.912432
v 0.908105 0.922123 0.915167
v 0.903319 0.920189 0.915561
v 0.899368 0.917547 0.913510
v 0.897310 0.914906 0.909563
v 0.897697 0.912972 0.904777
v 0.900424 0.912264 0.900435
v 0.904762 0.912972 0.897700
v 0.909547 0.914906 0.897305
v 0.913498 0.917547 0.899356
v 0.914155 0.919060 0.906050
v 0.915805 0.918404 0.910912
v 0.915725 0.915745 0.915353
v 0.913936 0.911797 0.918183
v 0.910917 0.907618 0.918644
v 0.907476 0.904327 0.916612
v 0.904537 0.902806 0.912631
v 0.902886 0.903463 0.907769
v 0.902966 0.906121 0.903329
v 0.904756 0.910069 0.900499
v 0.907775 0.914249 0.900038
v 0.911215 0.917540 0.902070
v 0.915709 0.921978 0.902080
v 0.920021 0.920288 0.904392
v 0.923133 0.916390 0.905774
v 0.924213 0.911328 0.905855
v 0.922971 0.906459 0.904613
v 0.919739 0.903087 0.902382
v 0.915384 0.902116 0.899758
v 0.911072 0.903806 0.897446
v 0.907959 0.907704 0.896064
v 0.906879 0.912766 0.895983
v 0.908122 0.917635 0.897225
v 0.911354 0.921007 0.899456
v 0.921969 0.923185 0.887828
v 0.926703 0.921561 0.889149
v 0.930043 0.917698 0.889999
v 0.931093 0.912632 0.890150
v 0.929572 0.907719 0.889562
v 0.925887 0.904276 0.888392
v 0.921027 0.903226 0.886954
v 0.916293 0.904850 0.885633
v 0.912953 0.908713 0.884783
v 0.911903 0.913779 0.884632
v 0.913424 0.918692 0.885220
v 0.917109 0.922135 0.886390
v 0.925327 0.922731 0.865600
v 0.930230 0.921116 0.865983
v 0.933669 0.917259 0.866281
v 0.934722 0.912193 0.866413
v 0.933108 0.907275 0.866343
v 0.929258 0.903823 0.866092
v 0.924205 0.902763 0.865725
v 0.919302 0.904378 0.865342
v 0.915863 0.908236 0.865044
v 0.914809 0.913302 0.864912
v 0.916424 0.918220 0.864981
v 0.920273 0.921671 0.865233
v 0.925322 0.922745 -0.865559
v 0.930224 0.921130 -0.865947
v 0.933663 0.917273 -0.866249
v 0.934716 0.912207 -0.866385
v 0.933102 0.907289 -0.866317
v 0.929252 0.903837 -0.866063
v 0.924199 0.902777 -0.865693
v 0.919297 0.904392 -0.865305
v 0.915858 0.908249 -0.865002
v 0.914805 0.913315 -0.864867
v 0.916419 0.918233 -0.864935
v 0.920268 0.921685 -0.865188
v 0.921896 0.923224 -0.887982
v 0.926630 0.921599 -0.889302
v 0.929971 0.917737 -0.890147
v 0.931023 0.912670 -0.890290
v 0.929504 0.907758 -0.889693
v 0.925822 0.904316 -0.888516
v 0.920962 0.903266 -0.887075
v 0.916228 0.904890 -0.885755
v 0.912887 0.908753 -0.884910
v 0.911835 0.913819 -0.884767
v 0.913354 0.918732 -0.885364
v 0.917037 0.922174 -0.886541
v 0.915705 0.921962 -0.902110
v 0.920018 0.920270 -0.904420
v 0.923132 0.916371 -0.905795
v 0.924214 0.911309 -0.905868
v 0.922973 0.906442 -0.904619
v 0.919742 0.903072 -0.902382
v 0.915387 0.902103 -0.899757
v 0.911075 0.903795 -0.897447
v 0.907961 0.907695 -0.896071
v 0.906879 0.912756 -0.895998
v 0.908119 0.917624 -0.897248
v 0.911350 0.920993 -0.899485
v 0.907109 0.918260 -0.915776
v 0.912164 0.917376 -0.916453
v 0.916463 0.914767 -0.915227
v 0.918853 0.911130 -0.912424
v 0.918695 0.907440 -0.908797
v 0.916030 0.904687 -0.905317
v 0.911573 0.903607 -0.902916
v 0.906518 0.904490 -0.902238
v 0.902219 0.907100 -0.903465
v 0.899828 0.910737 -0.906268
v 0.899987 0.914426 -0.909895
v 0.902652 0.917180 -0.913375
v 0.910587 0.899728 -0.922524
v 0.915682 0.900608 -0.922265
v 0.920045 0.900901 -0.919496
v 0.922508 0.900529 -0.914958
v 0.922411 0.899592 -0.909868
v 0.919780 0.898341 -0.905590
v 0.915319 0.897111 -0.903269
v 0.910225 0.896231 -0.903528
v 0.905861 0.895938 -0.906297
v 0.903398 0.896310 -0.910835
v 0.903495 0.897247 -0.915925
v 0.906127 0.898498 -0.920203
v 0.912462 0.877230 -0.924448
v 0.917631 0.877433 -0.924263
v 0.922020 0.877498 -0.921519
v 0.924453 0.877405 -0.916951
v 0.924277 0.877181 -0.911782
v 0.921540 0.876884 -0.907398
v 0.916976 0.876596 -0.904974
v 0.911807 0.876392 -0.905158
v 0.907418 0.876328 -0.907902
v 0.904986 0.876420 -0.912471
v 0.905161 0.876645 -0.917639
v 0.907898 0.876941 -0.922023
v 0.912454 -0.854988 -0.924456
v 0.917623 -0.855198 -0.924272
v 0.922011 -0.855270 -0.921528
v 0.924444 -0.855186 -0.916960
v 0.924268 -0.854967 -0.911791
v 0.921532 -0.854673 -0.907407
v 0.916968 -0.854382 -0.904982
v 0.911799 -0.854172 -0.905166
v 0.907410 -0.854100 -0.907910
v 0.904978 -0.854184 -0.912479
v 0.905153 -0.854403 -0.917647
v 0.907890 -0.854697 -0.922032
v 0.910527 -0.877514 -0.922578
v 0.915623 -0.878387 -0.922321
v 0.919988 -0.878673 -0.919553
v 0.922453 -0.878293 -0.915017
v 0.922357 -0.877350 -0.909928
v 0.919727 -0.876097 -0.905650
v 0.915266 -0.874870 -0.903328
v 0.910170 -0.873996 -0.903586
v 0.905805 -0.873711 -0.906353
v 0.903340 -0.874091 -0.910889
v 0.903436 -0.875033 -0.915978
v 0.906066 -0.876286 -0.920257
v 0.906686 -0.891119 -0.918674
v 0.911590 -0.892715 -0.918223
v 0.915892 -0.893237 -0.915392
v 0.918440 -0.892544 -0.910940
v 0.918552 -0.890823 -0.906059
v 0.916196 -0.888535 -0.902058
v 0.912006 -0.886292 -0.900008
v 0.907102 -0.884696 -0.900459
v 0.902800 -0.884175 -0.903290
v 0.900251 -0.884867 -0.907742
v 0.900140 -0.886588 -0.912622
v 0.902495 -0.888877 -0.916624
v 0.902931 -0.901940 -0.913059
v 0.908084 -0.902292 -0.913409
v 0.912794 -0.900776 -0.911889
v 0.915800 -0.897797 -0.908908
v 0.916296 -0.894155 -0.905263
v 0.914149 -0.890825 -0.901932
v 0.909935 -0.888699 -0.899807
v 0.904783 -0.888347 -0.899458
v 0.900072 -0.889863 -0.900977
v 0.897066 -0.892842 -0.903959
v 0.896570 -0.896484 -0.907603
v 0.898717 -0.899814 -0.910934
v 0.906690 -0.907573 -0.902213
v 0.911590 -0.907118 -0.903818
v 0.915888 -0.904282 -0.904351
v 0.918431 -0.899825 -0.903671
v 0.918539 -0.894942 -0.901958
v 0.916182 -0.890940 -0.899673
v 0.911992 -0.888892 -0.897426
v 0.907092 -0.889346 -0.895821
v 0.902794 -0.892182 -0.895288
v 0.900251 -0.896639 -0.895968
v 0.900143 -0.901523 -0.897681
v 0.902500 -0.905525 -0.899966
v 0.910592 -0.911411 -0.888615
v 0.915687 -0.911150 -0.889494
v 0.920049 -0.908378 -0.889787
v 0.922509 -0.903839 -0.889415
v 0.922410 -0.898749 -0.888477
v 0.919776 -0.894472 -0.887226
v 0.915314 -0.892154 -0.885996
v 0.910220 -0.892416 -0.885117
v 0.905858 -0.895187 -0.884824
v 0.903397 -0.899726 -0.885197
v 0.903497 -0.904816 -0.886134
v 0.906130 -0.909093 -0.887385
v 0.912467 -0.913335 -0.866116
v 0.917636 -0.913148 -0.866320
v 0.922024 -0.910401 -0.866384
v 0.924454 -0.905832 -0.866291
v 0.924275 -0.900663 -0.866066
v 0.921536 -0.896281 -0.865770
v 0.916971 -0.893859 -0.865482
v 0.911802 -0.894046 -0.865278
v 0.907414 -0.896793 -0.865214
v 0.904984 -0.901362 -0.865307
v 0.905163 -0.906531 -0.865531
v 0.907902 -0.910913 -0.865828
v 0.912459 -0.913344 0.866103
v 0.917628 -0.913157 0.866312
v 0.922015 -0.910410 0.866384
v 0.924445 -0.905841 0.866299
v 0.924267 -0.900672 0.866081
v 0.921528 -0.896289 0.865786
v 0.916963 -0.893867 0.865495
v 0.911794 -0.894054 0.865285
v 0.907407 -0.896800 0.865213
v 0.904977 -0.901370 0.865298
v 0.905155 -0.906539 0.865517
v 0.907893 -0.910921 0.865812
v 0.910532 -0.911465 0.888629
v 0.915628 -0.911205 0.889502
v 0.919991 -0.908435 0.889786
v 0.922454 -0.903898 0.889406
v 0.922356 -0.898809 0.888463
v 0.919723 -0.894533 0.887210
v 0.915261 -0.892213 0.885982
v 0.910165 -0.892474 0.885109
v 0.905801 -0.895243 0.884825
v 0.903339 -0.899781 0.885205
v 0.903437 -0.904869 0.886148
v 0.906070 -0.909146 0.887401
v 0.906691 -0.907561 0.902235
v 0.911595 -0.907107 0.903830
v 0.915896 -0.904274 0.904350
v 0.918442 -0.899821 0.903657
v 0.918551 -0.894941 0.901935
v 0.916193 -0.890941 0.899646
v 0.912001 -0.888894 0.897404
v 0.907097 -0.889347 0.895809
v 0.902796 -0.892180 0.895289
v 0.900250 -0.896633 0.895982
v 0.900141 -0.901513 0.897704
v 0.902499 -0.905513 0.899993
v 0.903625 -0.904500 0.909233
v 0.908421 -0.903939 0.911098
v 0.912685 -0.901068 0.911713
v 0.915273 -0.896657 0.910914
v 0.915492 -0.891887 0.908914
v 0.913285 -0.888038 0.906249
v 0.909241 -0.886139 0.903634
v 0.904445 -0.886700 0.901769
v 0.900182 -0.889571 0.901153
v 0.897594 -0.893982 0.901953
v 0.897374 -0.898752 0.903953
v 0.899582 -0.902601 0.906617
v -0.915114 -0.890682 0.908207
v -0.912314 -0.887287 0.905481
v -0.907938 -0.886045 0.903010
v -0.903159 -0.887287 0.901457
v -0.899258 -0.890682 0.901237
v -0.897279 -0.895320 0.902409
v -0.897753 -0.899957 0.904659
v -0.900553 -0.903352 0.907385
v -0.904929 -0.904594 0.909856
v -0.909707 -0.903352 0.911410
v -0.913609 -0.899957 0.911630
v -0.915588 -0.895320 0.910458
v -0.918116 -0.893689 0.901357
v -0.915161 -0.890140 0.899018
v -0.910647 -0.888759 0.896894
v -0.905783 -0.889917 0.895554
v -0.901872 -0.893302 0.895357
v -0.899963 -0.898009 0.896355
v -0.900566 -0.902775 0.898282
v -0.903520 -0.906324 0.900621
v -0.908035 -0.907705 0.902745
v -0.912899 -0.906547 0.904085
v -0.916809 -0.903162 0.904282
v -0.918719 -0.898455 0.903284
v -0.921914 -0.897424 0.888148
v -0.918676 -0.893594 0.886867
v -0.913905 -0.891958 0.885704
v -0.908879 -0.892954 0.884970
v -0.904944 -0.896316 0.884862
v -0.903156 -0.901143 0.885409
v -0.903992 -0.906141 0.886463
v -0.907230 -0.909971 0.887744
v -0.912001 -0.911608 0.888907
v -0.917028 -0.910611 0.889641
v -0.920962 -0.907249 0.889749
v -0.922751 -0.902423 0.889203
v -0.923752 -0.899311 0.865988
v -0.920406 -0.895372 0.865686
v -0.915537 -0.893638 0.865414
v -0.910448 -0.894572 0.865245
v -0.906504 -0.897924 0.865224
v -0.904761 -0.902796 0.865358
v -0.905686 -0.907883 0.865609
v -0.909032 -0.911821 0.865912
v -0.913901 -0.913556 0.866184
v -0.918990 -0.912622 0.866353
v -0.922934 -0.909270 0.866373
v -0.924677 -0.904398 0.866240
v -0.923743 -0.899319 -0.866003
v -0.920398 -0.895381 -0.865701
v -0.915529 -0.893646 -0.865426
v -0.910441 -0.894580 -0.865250
v -0.906496 -0.897932 -0.865221
v -0.904753 -0.902804 -0.865347
v -0.905678 -0.907891 -0.865594
v -0.909023 -0.911830 -0.865896
v -0.913893 -0.913565 -0.866172
v -0.918981 -0.912631 -0.866348
v -0.922925 -0.909279 -0.866376
v -0.924668 -0.904406 -0.866250
v -0.921860 -0.897485 -0.888133
v -0.918623 -0.893654 -0.886852
v -0.913851 -0.892017 -0.885692
v -0.908824 -0.893011 -0.884965
v -0.904887 -0.896371 -0.884865
v -0.903097 -0.901197 -0.885419
v -0.903933 -0.906194 -0.886478
v -0.907170 -0.910025 -0.887760
v -0.911941 -0.911662 -0.888919
v -0.916969 -0.910667 -0.889646
v -0.920905 -0.907307 -0.889746
v -0.922696 -0.902482 -0.889192
v -0.918128 -0.893689 -0.901331
v -0.915172 -0.890142 -0.898991
v -0.910655 -0.888761 -0.896873
v -0.905788 -0.889917 -0.895545
v -0.901873 -0.893299 -0.895361
v -0.899961 -0.898002 -0.896373
v -0.900564 -0.902765 -0.898308
v -0.903520 -0.906312 -0.900648
v -0.908037 -0.907693 -0.902766
v -0.912904 -0.906538 -0.904094
v -0.916818 -0.903155 -0.904278
v -0.918730 -0.898452 -0.903266
v -0.912369 -0.889891 -0.912375
v -0.909654 -0.886419 -0.909660
v -0.906076 -0.885332 -0.906081
v -0.902594 -0.886921 -0.902596
v -0.900140 -0.890760 -0.900139
v -0.899373 -0.895821 -0.899369
v -0.900498 -0.900748 -0.900492
v -0.903213 -0.904220 -0.903206
v -0.906791 -0.905307 -0.906786
v -0.910273 -0.903718 -0.910270
v -0.912726 -0.899879 -0.912727
v -0.913493 -0.894818 -0.913497
v -0.901354 -0.893685 -0.918114
v -0.899015 -0.890137 -0.915157
v -0.896892 -0.888759 -0.910642
v -0.895553 -0.889919 -0.905778
v -0.895357 -0.893307 -0.901869
v -0.896357 -0.898014 -0.899962
v -0.898285 -0.902779 -0.900568
v -0.900624 -0.906327 -0.903524
v -0.902747 -0.907705 -0.908039
v -0.904086 -0.906545 -0.912903
v -0.904282 -0.903158 -0.916812
v -0.903282 -0.898450 -0.918720
v -0.888147 -0.897420 -0.921912
v -0.886866 -0.893591 -0.918672
v -0.885703 -0.891957 -0.913900
v -0.884970 -0.892956 -0.908874
v -0.884862 -0.896320 -0.904941
v -0.885409 -0.901148 -0.903155
v -0.886465 -0.906145 -0.903995
v -0.887745 -0.909974 -0.907234
v -0.888908 -0.911608 -0.912006
v -0.889641 -0.910609 -0.917032
v -0.889749 -0.907245 -0.920965
v -0.889202 -0.902418 -0.922751
v -0.865988 -0.899306 -0.923750
v -0.865685 -0.895369 -0.920402
v -0.865413 -0.893637 -0.915532
v -0.865245 -0.894574 -0.910443
v -0.865224 -0.897928 -0.906501
v -0.865358 -0.902802 -0.904760
v -0.865610 -0.907888 -0.905688
v -0.865912 -0.911824 -0.909036
v -0.866184 -0.913556 -0.913907
v -0.866353 -0.912620 -0.918995
v -0.866373 -0.909266 -0.922937
v -0.866240 -0.904392 -0.924678
v 0.866003 -0.899315 -0.923741
v 0.865701 -0.895378 -0.920394
v 0.865426 -0.893645 -0.915524
v 0.865250 -0.894582 -0.910436
v 0.865221 -0.897936 -0.906493
v 0.865348 -0.902809 -0.904753
v 0.865595 -0.907896 -0.905680
v 0.865897 -0.911833 -0.909028
v 0.866172 -0.913565 -0.913898
v 0.866348 -0.912629 -0.918986
v 0.866376 -0.909274 -0.922928
v 0.866250 -0.904401 -0.924669
v 0.888132 -0.897480 -0.921858
v 0.886850 -0.893651 -0.918619
v 0.885691 -0.892016 -0.913846
v 0.884964 -0.893014 -0.908819
v 0.884865 -0.896376 -0.904884
v 0.885420 -0.901202 -0.903097
v 0.886480 -0.906199 -0.903935
v 0.887761 -0.910028 -0.907174
v 0.888920 -0.911662 -0.911947
v 0.889647 -0.910665 -0.916974
v 0.889746 -0.907303 -0.920908
v 0.889191 -0.902477 -0.922696
v 0.901329 -0.893685 -0.918126
v 0.898989 -0.890139 -0.915168
v 0.896872 -0.888761 -0.910650
v 0.895544 -0.889919 -0.905783
v 0.895362 -0.893303 -0.901870
v 0.896374 -0.898007 -0.899961
v 0.898310 -0.902769 -0.900566
v 0.900650 -0.906315 -0.903524
v 0.902767 -0.907693 -0.908042
v 0.904095 -0.906535 -0.912909
v 0.904277 -0.903151 -0.916822
v 0.903265 -0.898447 -0.918731
v 0.908209 -0.890671 -0.915107
v 0.905484 -0.887279 -0.912303
v 0.903012 -0.886042 -0.907926
v 0.901458 -0.887291 -0.903149
v 0.901236 -0.890691 -0.899252
v 0.902407 -0.895331 -0.897280
v 0.904657 -0.899968 -0.897759
v 0.907383 -0.903360 -0.900564
v 0.909854 -0.904597 -0.904940
v 0.911409 -0.903348 -0.909717
v 0.911631 -0.899948 -0.913614
v 0.910459 -0.895308 -0.915587
v -0.909563 -0.892678 -0.897310
v -0.904777 -0.890744 -0.897697
v -0.900435 -0.890036 -0.900424
v -0.897700 -0.890744 -0.904762
v -0.897305 -0.892678 -0.909547
v -0.899356 -0.895320 -0.913498
v -0.903304 -0.897961 -0.915556
v -0.908090 -0.899895 -0.915170
v -0.912432 -0.900603 -0.912442
v -0.915167 -0.899895 -0.908105
v -0.915561 -0.897961 -0.903319
v -0.913510 -0.895320 -0.899368
v -0.912316 -0.886452 -0.900068
v -0.907423 -0.884787 -0.900348
v -0.903043 -0.884171 -0.903039
v -0.900352 -0.884771 -0.907419
v -0.900068 -0.886425 -0.912316
v -0.902270 -0.888690 -0.916417
v -0.906366 -0.890959 -0.918623
v -0.911259 -0.892625 -0.918344
v -0.915638 -0.893240 -0.915653
v -0.918330 -0.892640 -0.911273
v -0.918613 -0.890986 -0.906376
v -0.916412 -0.888721 -0.902275
v -0.915655 -0.874958 -0.903348
v -0.910560 -0.874046 -0.903427
v -0.906107 -0.873709 -0.906044
v -0.903488 -0.874037 -0.910496
v -0.903405 -0.874943 -0.915592
v -0.905881 -0.876183 -0.919966
v -0.910251 -0.877425 -0.922445
v -0.915346 -0.878337 -0.922366
v -0.919800 -0.878674 -0.919749
v -0.922419 -0.878346 -0.915296
v -0.922502 -0.877441 -0.910201
v -0.920026 -0.876201 -0.905827
v -0.917318 -0.854386 -0.905059
v -0.912146 -0.854174 -0.905061
v -0.907663 -0.854100 -0.907649
v -0.905071 -0.854182 -0.912129
v -0.905064 -0.854399 -0.917300
v -0.907645 -0.854693 -0.921778
v -0.912120 -0.854984 -0.924363
v -0.917292 -0.855196 -0.924361
v -0.921775 -0.855271 -0.921773
v -0.924367 -0.855188 -0.917293
v -0.924374 -0.854971 -0.912121
v -0.921794 -0.854677 -0.907643
v -0.917310 0.876627 -0.905067
v -0.912138 0.876410 -0.905069
v -0.907656 0.876327 -0.907656
v -0.905064 0.876401 -0.912136
v -0.905056 0.876613 -0.917308
v -0.907636 0.876904 -0.921787
v -0.912112 0.877198 -0.924371
v -0.917283 0.877416 -0.924369
v -0.921766 0.877498 -0.921782
v -0.924358 0.877424 -0.917302
v -0.924365 0.877213 -0.912130
v -0.921785 0.876921 -0.907651
v -0.915602 0.897172 -0.903407
v -0.910506 0.896266 -0.903485
v -0.906051 0.895937 -0.906100
v -0.903430 0.896273 -0.910551
v -0.903345 0.897184 -0.915646
v -0.905820 0.898426 -0.920019
v -0.910191 0.899667 -0.922499
v -0.915287 0.900573 -0.922421
v -0.919742 0.900902 -0.919807
v -0.922363 0.900566 -0.915356
v -0.922448 0.899655 -0.910261
v -0.919973 0.898413 -0.905887
v -0.912202 0.909032 -0.899948
v -0.907212 0.907670 -0.900132
v -0.902793 0.907182 -0.902784
v -0.900130 0.907699 -0.907193
v -0.899937 0.909083 -0.912177
v -0.902265 0.910962 -0.916402
v -0.906490 0.912834 -0.918734
v -0.911480 0.914197 -0.918549
v -0.915899 0.914685 -0.915897
v -0.918561 0.914168 -0.911488
v -0.918755 0.912784 -0.906504
v -0.916427 0.910904 -0.902280
vn 0.1474 -0.8623 -0.4844
vn -0.0919 -0.2576 -0.9619
vn 0.3621 0.4819 -0.7979
vn 0.8014 0.4682 -0.3722
vn 0.9732 0.2205 0.0660
vn 0.8928 -0.0580 0.4467
vn 0.6152 -0.2933 0.7318
vn 0.1746 -0.4533 0.8741
vn -0.3627 -0.5188 0.7742
vn -0.7769 -0.5662 0.2755
vn -0.3104 -0.7646 -0.5649
vn 0.2757 -0.8182 -0.5045
vn 0.4533 0.6336 0.6269
vn 0.3745 0.9231 0.0873
vn 0.4938 0.6858 -0.5346
vn 0.6226 0.1405 -0.7698
vn 0.6115 -0.3797 -0.6941
vn 0.4615 -0.7576 -0.4616
vn 0.1981 -0.9684 -0.1515
vn -0.1500 -0.9681 0.2005
vn -0.4844 -0.6830 0.5467
vn -0.5428 -0.1098 0.8326
vn 0.0456 0.4224 0.9052
vn 0.4892 0.4406 0.7527
vn -0.0090 0.9776 0.2104
vn 0.1964 0.9435 -0.2668
vn 0.3479 0.6565 -0.6693
vn 0.4070 0.1969 -0.8919
vn 0.3588 -0.3153 -0.8785
vn 0.2138 -0.7464 -0.6303
vn 0.0088 -0.9775 -0.2105
vn -0.1997 -0.9433 0.2653
vn -0.3533 -0.6561 0.6669
vn -0.4115 -0.1966 0.8900
vn -0.3602 0.3154 0.8779
vn -0.2131 0.7463 0.6306
vn -0.0506 0.9787 0.1991
vn 0.0288 0.9490 -0.3138
vn 0.1004 0.6648 -0.7402
vn 0.1442 0.2050 -0.9681
vn 0.1491 -0.3095 -0.9391
vn 0.1146 -0.7435 -0.6588
vn 0.0505 -0.9787 -0.1991
vn -0.0255 -0.9489 0.3144
vn -0.0938 -0.6647 0.7412
vn -0.1378 -0.2050 0.9690
vn -0.1462 0.3095 0.9396
vn -0.1149 0.7436 0.6587
vn -0.0000 0.9787 0.2054
vn -0.0000 0.9498 -0.3128
vn -0.0000 0.6654 -0.7464
vn -0.0000 0.2036 -0.9791
vn -0.0000 -0.3119 -0.9501
vn -0.0000 -0.7446 -0.6676
vn -0.0000 -0.9787 -0.2054
vn -0.0000 -0.9498 0.3128
vn -0.0000 -0.6655 0.7464
vn -0.0000 -0.2036 0.9791
vn -0.0000 0.3119 0.9501
vn -0.0000 0.7446 0.6676
vn 0.0519 0.9787 0.1988
vn -0.0285 0.9490 -0.3139
vn -0.1010 0.6649 -0.7401
vn -0.1455 0.2051 -0.9679
vn -0.1509 -0.3095 -0.9389
vn -0.1163 -0.7436 -0.6585
vn -0.0518 -0.9787 -0.1988
vn 0.0250 -0.9489 0.3145
vn 0.0944 -0.6648 0.7410
vn 0.1394 -0.2051 0.9688
vn 0.1482 0.3094 0.9393
vn 0.1168 0.7436 0.6584
vn 0.0048 0.9773 0.2119
vn -0.1998 0.9432 -0.2655
vn -0.3498 0.6562 -0.6686
vn -0.4071 0.1966 -0.8920
vn -0.3569 -0.3155 -0.8793
vn -0.2103 -0.7463 -0.6315
vn -0.0045 -0.9772 -0.2121
vn 0.2035 -0.9428 0.2640
vn 0.3556 -0.6557 0.6661
vn 0.4114 -0.1963 0.8901
vn 0.3578 0.3155 0.8789
vn 0.2092 0.7462 0.6320
vn 0.0199 0.9764 0.2150
vn -0.2781 0.9371 -0.2108
vn -0.5059 0.6419 -0.5763
vn -0.6005 0.1749 -0.7803
vn -0.5369 -0.3352 -0.7742
vn -0.3306 -0.7561 -0.5648
vn -0.0324 -0.9781 -0.2056
vn 0.2780 -0.9371 0.2109
vn 0.5103 -0.6415 0.5728
vn 0.5970 -0.1751 0.7829
vn 0.5200 0.3339 0.7862
vn 0.3092 0.7537 0.5800
vn 0.2158 0.9763 0.0187
vn -0.2104 0.9370 -0.2788
vn -0.5762 0.6419 -0.5059
vn -0.7806 0.1750 -0.6000
vn -0.7749 -0.3350 -0.5360
vn -0.5656 -0.7560 -0.3295
vn -0.2064 -0.9780 -0.0312
vn 0.2103 -0.9370 0.2788
vn 0.5726 -0.6415 0.5105
vn 0.7833 -0.1752 0.5965
vn 0.7870 0.3337 0.5189
vn 0.5809 0.7535 0.3078
vn 0.2099 0.9777 0.0088
vn -0.2672 0.9434 -0.1966
vn -0.6696 0.6561 -0.3480
vn -0.8921 0.1964 -0.4070
vn -0.8784 -0.3158 -0.3587
vn -0.6299 -0.7467 -0.2136
vn -0.2101 -0.9777 -0.0086
vn 0.2658 -0.9431 0.1998
vn 0.6672 -0.6557 0.3534
vn 0.8901 -0.1960 0.4115
vn 0.8778 0.3159 0.3601
vn 0.6302 0.7467 0.2129
vn 0.1986 0.9788 0.0505
vn -0.3144 0.9489 -0.0289
vn -0.7406 0.6644 -0.1004
vn -0.9682 0.2045 -0.1442
vn -0.9390 -0.3100 -0.1491
vn -0.6584 -0.7439 -0.1145
vn -0.1986 -0.9788 -0.0505
vn 0.3149 -0.9488 0.0256
vn 0.7415 -0.6643 0.0939
vn 0.9691 -0.2045 0.1379
vn 0.9394 0.3100 0.1462
vn 0.6583 0.7439 0.1148
vn 0.2049 0.9788 -0.0000
vn -0.3133 0.9496 -0.0000
vn -0.7468 0.6650 -0.0000
vn -0.9792 0.2030 -0.0000
vn -0.9499 -0.3124 -0.0000
vn -0.6672 -0.7449 -0.0000
vn -0.2048 -0.9788 -0.0000
vn 0.3133 -0.9496 -0.0000
vn 0.7468 -0.6650 -0.0000
vn 0.9792 -0.2030 -0.0000
vn 0.9499 0.3124 -0.0000
vn 0.6672 0.7449 -0.0000
vn 0.1983 0.9788 -0.0518
vn -0.3144 0.9489 0.0286
vn -0.7404 0.6645 0.1010
vn -0.9680 0.2046 0.1456
vn -0.9387 -0.3100 0.1509
vn -0.6581 -0.7439 0.1163
vn -0.1983 -0.9788 0.0518
vn 0.3150 -0.9488 -0.0251
vn 0.7414 -0.6644 -0.0944
vn 0.9689 -0.2046 -0.1394
vn 0.9391 0.3099 -0.1482
vn 0.6580 0.7439 -0.1168
vn 0.2114 0.9774 -0.0046
vn -0.2660 0.9430 0.2000
vn -0.6690 0.6558 0.3500
vn -0.8921 0.1961 0.4071
vn -0.8791 -0.3160 0.3568
vn -0.6312 -0.7467 0.2101
vn -0.2116 -0.9773 0.0043
vn 0.2644 -0.9426 -0.2037
vn 0.6664 -0.6553 -0.3557
vn 0.8902 -0.1958 -0.4114
vn 0.8787 0.3160 -0.3577
vn 0.6316 0.7466 -0.2090
vn 0.2146 0.9765 -0.0196
vn -0.2113 0.9370 0.2783
vn -0.5766 0.6415 0.5061
vn -0.7804 0.1743 0.6005
vn -0.7741 -0.3357 0.5368
vn -0.5645 -0.7564 0.3304
vn -0.2052 -0.9782 0.0321
vn 0.2114 -0.9370 -0.2782
vn 0.5731 -0.6411 -0.5104
vn 0.7830 -0.1745 -0.5970
vn 0.7861 0.3344 -0.5199
vn 0.5796 0.7540 -0.3090
vn 0.0184 0.9764 -0.2154
vn -0.2790 0.9369 0.2108
vn -0.5061 0.6415 0.5765
vn -0.6000 0.1745 0.7807
vn -0.5359 -0.3355 0.7748
vn -0.3292 -0.7563 0.5654
vn -0.0309 -0.9781 0.2060
vn 0.2791 -0.9369 -0.2107
vn 0.5106 -0.6411 -0.5729
vn 0.5965 -0.1747 -0.7834
vn 0.5187 0.3342 -0.7869
vn 0.3076 0.7538 -0.5806
vn 0.0086 0.9778 -0.2095
vn -0.1968 0.9432 0.2677
vn -0.3481 0.6557 0.6700
vn -0.4070 0.1959 0.8922
vn -0.3586 -0.3163 0.8783
vn -0.2134 -0.7471 0.6295
vn -0.0083 -0.9778 0.2096
vn 0.2000 -0.9429 -0.2663
vn 0.3535 -0.6553 -0.6676
vn 0.4115 -0.1955 -0.8902
vn 0.3600 0.3164 -0.8777
vn 0.2127 0.7470 -0.6298
vn 0.0505 0.9789 -0.1981
vn -0.0290 0.9487 0.3148
vn -0.1005 0.6640 0.7409
vn -0.1443 0.2039 0.9683
vn -0.1491 -0.3105 0.9388
vn -0.1145 -0.7443 0.6580
vn -0.0504 -0.9789 0.1981
vn 0.0256 -0.9486 -0.3154
vn 0.0939 -0.6639 -0.7419
vn 0.1379 -0.2040 -0.9692
vn 0.1462 0.3105 -0.9393
vn 0.1148 0.7443 -0.6579
vn -0.0000 0.9789 -0.2043
vn -0.0000 0.9495 0.3139
vn -0.0000 0.6647 0.7472
vn -0.0000 0.2025 0.9793
vn -0.0000 -0.3129 0.9498
vn -0.0000 -0.7453 0.6668
vn -0.0000 -0.9789 0.2043
vn -0.0000 -0.9495 -0.3139
vn -0.0000 -0.6646 -0.7472
vn -0.0000 -0.2025 -0.9793
vn -0.0000 0.3129 -0.9498
vn -0.0000 0.7453 -0.6668
vn -0.0517 0.9789 -0.1978
vn 0.0286 0.9487 0.3149
vn 0.1011 0.6641 0.7408
vn 0.1456 0.2040 0.9681
vn 0.1508 -0.3104 0.9385
vn 0.1162 -0.7443 0.6577
vn 0.0517 -0.9789 0.1978
vn -0.0252 -0.9486 -0.3155
vn -0.0945 -0.6640 -0.7417
vn -0.1394 -0.2041 -0.9690
vn -0.1482 0.3104 -0.9390
vn -0.1167 0.7443 -0.6576
vn -0.0044 0.9775 -0.2110
vn 0.2002 0.9428 0.2665
vn 0.3501 0.6554 0.6693
vn 0.4071 0.1956 0.8922
vn 0.3567 -0.3165 0.8790
vn 0.2099 -0.7470 0.6308
vn 0.0041 -0.9775 0.2111
vn -0.2039 -0.9425 -0.2649
vn -0.3558 -0.6549 -0.6668
vn -0.4114 -0.1952 -0.8903
vn -0.3576 0.3165 -0.8786
vn -0.2088 0.7469 -0.6313
vn 0.0900 0.9578 -0.2728
vn 0.3348 0.9303 0.1501
vn 0.5151 0.6485 0.5605
vn 0.6055 0.1226 0.7863
vn 0.6138 -0.4563 0.6443
vn 0.5722 -0.7798 0.2538
vn 0.4236 -0.9053 -0.0319
vn -0.0105 -0.9648 -0.2629
vn -0.4799 -0.6633 -0.5742
vn -0.5940 -0.1293 -0.7940
vn -0.4462 0.3874 -0.8067
vn -0.1866 0.7670 -0.6139
vn 0.8401 0.2133 -0.4988
vn 0.9438 0.3283 -0.0378
vn 0.8003 0.3723 0.4700
vn 0.3707 0.3568 0.8575
vn -0.2028 0.3291 0.9222
vn -0.6405 0.3093 0.7029
vn -0.8868 0.2000 0.4167
vn -0.9951 -0.0907 0.0400
vn -0.8111 -0.3496 -0.4689
vn -0.3748 -0.3502 -0.8584
vn 0.1238 -0.1771 -0.9764
vn 0.5517 0.0356 -0.8333
vn 0.8825 0.0362 -0.4689
vn 0.9955 0.0884 0.0348
vn 0.8419 0.1171 0.5268
vn 0.4650 0.1141 0.8779
vn -0.0366 0.0802 0.9961
vn -0.5307 0.0250 0.8472
vn -0.8826 -0.0357 0.4688
vn -0.9958 -0.0851 -0.0351
vn -0.8424 -0.1110 -0.5274
vn -0.4655 -0.1081 -0.8784
vn 0.0363 -0.0771 -0.9964
vn 0.5307 -0.0246 -0.8472
vn 0.8836 -0.0000 -0.4682
vn 0.9993 -0.0000 0.0367
vn 0.8473 -0.0000 0.5311
vn 0.4690 -0.0000 0.8832
vn -0.0350 -0.0000 0.9994
vn -0.5304 -0.0000 0.8477
vn -0.8836 -0.0000 0.4682
vn -0.9993 -0.0000 -0.0367
vn -0.8473 -0.0000 -0.5310
vn -0.4690 -0.0000 -0.8832
vn 0.0350 -0.0000 -0.9994
vn 0.5304 -0.0000 -0.8477
vn 0.8828 -0.0333 -0.4686
vn 0.9957 -0.0864 0.0348
vn 0.8421 -0.1164 0.5267
vn 0.4651 -0.1149 0.8778
vn -0.0367 -0.0823 0.9959
vn -0.5310 -0.0280 0.8469
vn -0.8828 0.0326 0.4686
vn -0.9959 0.0828 -0.0352
vn -0.8425 0.1103 -0.5272
vn -0.4656 0.1091 -0.8782
vn 0.0364 0.0795 -0.9962
vn 0.5310 0.0277 -0.8469
vn 0.8683 -0.1132 -0.4829
vn 0.9612 -0.2757 0.0011
vn 0.7970 -0.3635 0.4823
vn 0.4217 -0.3553 0.8342
vn -0.0671 -0.2529 0.9652
vn -0.5404 -0.0815 0.8374
vn -0.8681 0.1140 0.4831
vn -0.9601 0.2798 -0.0000
vn -0.7950 0.3704 -0.4803
vn -0.4199 0.3616 -0.8324
vn 0.0679 0.2559 -0.9643
vn 0.5405 0.0817 -0.8374
vn 0.8144 -0.2403 -0.5282
vn 0.8984 -0.4330 -0.0737
vn 0.7434 -0.5224 0.4177
vn 0.3422 -0.5039 0.7931
vn -0.2101 -0.4314 0.8773
vn -0.6771 -0.3743 0.6336
vn -0.9143 -0.2291 0.3340
vn -0.9837 0.1784 0.0237
vn -0.7581 0.4971 -0.4220
vn -0.3463 0.4983 -0.7948
vn 0.1213 0.2980 -0.9468
vn 0.5363 0.0219 -0.8438
vn 0.2407 -0.8142 -0.5283
vn 0.4333 -0.8982 -0.0740
vn 0.5225 -0.7434 0.4176
vn 0.5038 -0.3423 0.7931
vn 0.4316 0.2103 0.8772
vn 0.3763 0.6776 0.6319
vn 0.2321 0.9142 0.3323
vn -0.1782 0.9837 0.0236
vn -0.4974 0.7580 -0.4219
vn -0.4980 0.3465 -0.7949
vn -0.2974 -0.1211 -0.9470
vn -0.0213 -0.5361 -0.8439
vn 0.1077 -0.8700 -0.4811
vn 0.2720 -0.9623 0.0025
vn 0.3623 -0.7972 0.4829
vn 0.3569 -0.4209 0.8339
vn 0.2569 0.0686 0.9640
vn 0.0871 0.5423 0.8357
vn -0.1082 0.8699 0.4812
vn -0.2754 0.9613 -0.0016
vn -0.3689 0.7953 -0.4810
vn -0.3635 0.4191 -0.8320
vn -0.2605 -0.0696 -0.9630
vn -0.0876 -0.5424 -0.8355
vn 0.0362 -0.8828 -0.4684
vn 0.0884 -0.9955 0.0353
vn 0.1171 -0.8416 0.5273
vn 0.1141 -0.4645 0.8782
vn 0.0801 0.0372 0.9961
vn 0.0249 0.5312 0.8469
vn -0.0358 0.8828 0.4683
vn -0.0852 0.9957 -0.0356
vn -0.1111 0.8421 -0.5278
vn -0.1081 0.4651 -0.8786
vn -0.0770 -0.0368 -0.9964
vn -0.0245 -0.5311 -0.8469
vn -0.0000 -0.8839 -0.4677
vn -0.0000 -0.9993 0.0372
vn -0.0000 -0.8471 0.5315
vn -0.0000 -0.4686 0.8834
vn -0.0000 0.0355 0.9994
vn -0.0000 0.5309 0.8475
vn -0.0000 0.8839 0.4677
vn -0.0000 0.9993 -0.0372
vn -0.0000 0.8471 -0.5315
vn -0.0000 0.4686 -0.8834
vn -0.0000 -0.0355 -0.9994
vn -0.0000 -0.5309 -0.8475
vn -0.0333 -0.8830 -0.4682
vn -0.0864 -0.9956 0.0353
vn -0.1165 -0.8418 0.5271
vn -0.1149 -0.4646 0.8780
vn -0.0823 0.0372 0.9959
vn -0.0279 0.5314 0.8466
vn 0.0327 0.8831 0.4681
vn 0.0828 0.9959 -0.0357
vn 0.1103 0.8423 -0.5277
vn 0.1091 0.4652 -0.8785
vn 0.0795 -0.0369 -0.9962
vn 0.0277 -0.5314 -0.8467
vn -0.1134 -0.8686 -0.4824
vn -0.2758 -0.9612 0.0016
vn -0.3636 -0.7968 0.4827
vn -0.3552 -0.4213 0.8345
vn -0.2528 0.0677 0.9652
vn -0.0813 0.5409 0.8372
vn 0.1142 0.8683 0.4826
vn 0.2799 0.9600 -0.0005
vn 0.3704 0.7948 -0.4807
vn 0.3616 0.4195 -0.8327
vn 0.2557 -0.0685 -0.9643
vn 0.0815 -0.5409 -0.8371
vn -0.2405 -0.8146 -0.5278
vn -0.4332 -0.8983 -0.0733
vn -0.5224 -0.7431 0.4182
vn -0.5039 -0.3417 0.7933
vn -0.4314 0.2107 0.8772
vn -0.3743 0.6774 0.6332
vn -0.2289 0.9144 0.3338
vn 0.1788 0.9836 0.0232
vn 0.4972 0.7578 -0.4225
vn 0.4982 0.3458 -0.7951
vn 0.2978 -0.1218 -0.9468
vn 0.0216 -0.5366 -0.8435
vn -0.8144 -0.2409 -0.5279
vn -0.8982 -0.4334 -0.0735
vn -0.7431 -0.5225 0.4180
vn -0.3418 -0.5037 0.7934
vn 0.2108 -0.4315 0.8771
vn 0.6779 -0.3762 0.6316
vn 0.9143 -0.2319 0.3320
vn 0.9836 0.1786 0.0232
vn 0.7577 0.4975 -0.4223
vn 0.3461 0.4979 -0.7952
vn -0.1215 0.2972 -0.9471
vn -0.5364 0.0210 -0.8437
vn -0.8702 -0.1079 -0.4807
vn -0.9623 -0.2721 0.0030
vn -0.7969 -0.3624 0.4833
vn -0.4205 -0.3568 0.8342
vn 0.0691 -0.2568 0.9640
vn 0.5427 -0.0869 0.8354
vn 0.8701 0.1084 0.4808
vn 0.9613 0.2756 -0.0021
vn 0.7950 0.3690 -0.4815
vn 0.4186 0.3635 -0.8323
vn -0.0701 0.2604 -0.9630
vn -0.5428 0.0874 -0.8353
vn -0.8830 -0.0363 -0.4679
vn -0.9954 -0.0885 0.0358
vn -0.8413 -0.1171 0.5277
vn -0.4641 -0.1141 0.8784
vn 0.0377 -0.0801 0.9961
vn 0.5316 -0.0249 0.8466
vn 0.8831 0.0358 0.4679
vn 0.9957 0.0852 -0.0362
vn 0.8418 0.1111 -0.5282
vn 0.4646 0.1081 -0.8789
vn -0.0373 0.0770 -0.9963
vn -0.5316 0.0245 -0.8467
vn -0.8841 -0.0000 -0.4673
vn -0.9993 -0.0000 0.0378
vn -0.8468 -0.0000 0.5319
vn -0.4681 -0.0000 0.8837
vn 0.0361 -0.0000 0.9993
vn 0.5313 -0.0000 0.8472
vn 0.8841 -0.0000 0.4673
vn 0.9993 -0.0000 -0.0378
vn 0.8468 -0.0000 -0.5319
vn 0.4681 -0.0000 -0.8837
vn -0.0361 -0.0000 -0.9994
vn -0.5313 -0.0000 -0.8472
vn -0.8833 0.0334 -0.4677
vn -0.9956 0.0865 0.0359
vn -0.8415 0.1165 0.5275
vn -0.4642 0.1149 0.8782
vn 0.0378 0.0823 0.9959
vn 0.5319 0.0279 0.8464
vn 0.8833 -0.0327 0.4676
vn 0.9959 -0.0829 -0.0362
vn 0.8420 -0.1103 -0.5281
vn 0.4647 -0.1091 -0.8787
vn -0.0374 -0.0794 -0.9961
vn -0.5318 -0.0276 -0.8464
vn -0.8687 0.1133 -0.4823
vn -0.9616 0.2745 0.0016
vn -0.7974 0.3613 0.4834
vn -0.4209 0.3529 0.8357
vn 0.0689 0.2511 0.9655
vn 0.5417 0.0807 0.8367
vn 0.8684 -0.1145 0.4826
vn 0.9597 -0.2812 -0.0000
vn 0.7940 -0.3727 -0.4803
vn 0.4179 -0.3637 -0.8325
vn -0.0702 -0.2565 -0.9640
vn -0.5418 -0.0812 -0.8366
vn 0.4844 -0.8623 0.1474
vn 0.9619 -0.2576 -0.0919
vn 0.7979 0.4819 0.3621
vn 0.3722 0.4682 0.8014
vn -0.0660 0.2205 0.9732
vn -0.4467 -0.0580 0.8928
vn -0.7318 -0.2933 0.6152
vn -0.8741 -0.4533 0.1745
vn -0.7742 -0.5188 -0.3627
vn -0.2754 -0.5662 -0.7769
vn 0.5648 -0.7646 -0.3104
vn 0.5045 -0.8182 0.2757
vn -0.6269 0.6337 0.4533
vn -0.0873 0.9231 0.3745
vn 0.5346 0.6858 0.4938
vn 0.7698 0.1405 0.6226
vn 0.6941 -0.3797 0.6116
vn 0.4616 -0.7576 0.4615
vn 0.1515 -0.9684 0.1981
vn -0.2005 -0.9681 -0.1500
vn -0.5467 -0.6830 -0.4844
vn -0.8326 -0.1098 -0.5428
vn -0.9053 0.4224 0.0455
vn -0.7527 0.4406 0.4892
vn -0.2104 0.9776 -0.0090
vn 0.2668 0.9435 0.1964
vn 0.6693 0.6565 0.3479
vn 0.8919 0.1969 0.4070
vn 0.8786 -0.3153 0.3588
vn 0.6303 -0.7464 0.2138
vn 0.2105 -0.9776 0.0088
vn -0.2654 -0.9433 -0.1996
vn -0.6669 -0.6561 -0.3533
vn -0.8899 -0.1966 -0.4115
vn -0.8779 0.3154 -0.3602
vn -0.6305 0.7463 -0.2131
vn -0.1991 0.9787 -0.0506
vn 0.3138 0.9490 0.0288
vn 0.7402 0.6648 0.1004
vn 0.9681 0.2050 0.1442
vn 0.9391 -0.3095 0.1491
vn 0.6588 -0.7435 0.1146
vn 0.1991 -0.9787 0.0505
vn -0.3144 -0.9489 -0.0255
vn -0.7412 -0.6647 -0.0938
vn -0.9690 -0.2050 -0.1378
vn -0.9396 0.3095 -0.1462
vn -0.6587 0.7435 -0.1149
vn -0.2054 0.9787 -0.0000
vn 0.3128 0.9498 -0.0000
vn 0.7464 0.6655 -0.0000
vn 0.9791 0.2036 -0.0000
vn 0.9501 -0.3119 -0.0000
vn 0.6676 -0.7446 -0.0000
vn 0.2053 -0.9787 -0.0000
vn -0.3128 -0.9498 -0.0000
vn -0.7464 -0.6654 -0.0000
vn -0.9791 -0.2036 -0.0000
vn -0.9501 0.3119 -0.0000
vn -0.6676 0.7446 -0.0000
vn -0.1988 0.9787 0.0519
vn 0.3139 0.9490 -0.0285
vn 0.7401 0.6649 -0.1010
vn 0.9679 0.2051 -0.1455
vn 0.9389 -0.3095 -0.1509
vn 0.6585 -0.7436 -0.1164
vn 0.1988 -0.9787 -0.0518
vn -0.3145 -0.9489 0.0250
vn -0.7411 -0.6648 0.0944
vn -0.9688 -0.2051 0.1394
vn -0.9393 0.3094 0.1482
vn -0.6584 0.7436 0.1168
vn -0.2119 0.9773 0.0048
vn 0.2655 0.9432 -0.1998
vn 0.6686 0.6561 -0.3498
vn 0.8920 0.1966 -0.4071
vn 0.8793 -0.3155 -0.3569
vn 0.6315 -0.7463 -0.2103
vn 0.2120 -0.9772 -0.0045
vn -0.2639 -0.9428 0.2035
vn -0.6661 -0.6557 0.3555
vn -0.8901 -0.1963 0.4114
vn -0.8789 0.3155 0.3578
vn -0.6320 0.7462 0.2092
vn -0.2736 0.9577 -0.0895
vn 0.1492 0.9306 -0.3343
vn 0.5598 0.6493 -0.5148
vn 0.7862 0.1239 -0.6054
vn 0.6449 -0.4553 -0.6138
vn 0.2546 -0.7795 -0.5724
vn -0.0315 -0.9050 -0.4242
vn -0.2623 -0.9649 0.0094
vn -0.5736 -0.6643 0.4793
vn -0.7937 -0.1304 0.5941
vn -0.8069 0.3865 0.4466
vn -0.6145 0.7664 0.1872
vn -0.4997 0.2130 -0.8396
vn -0.0388 0.3281 -0.9438
vn 0.4690 0.3722 -0.8009
vn 0.8570 0.3569 -0.3718
vn 0.9225 0.3292 0.2017
vn 0.7034 0.3094 0.6399
vn 0.4173 0.2004 0.8864
vn 0.0410 -0.0901 0.9951
vn -0.4679 -0.3494 0.8118
vn -0.8578 -0.3505 0.3759
vn -0.9764 -0.1775 -0.1228
vn -0.8338 0.0352 -0.5510
vn -0.4698 0.0361 -0.8820
vn 0.0337 0.0883 -0.9955
vn 0.5259 0.1171 -0.8424
vn 0.8774 0.1141 -0.4659
vn 0.9961 0.0803 0.0356
vn 0.8477 0.0251 0.5298
vn 0.4698 -0.0356 0.8821
vn -0.0341 -0.0850 0.9958
vn -0.5265 -0.1110 0.8429
vn -0.8779 -0.1082 0.4665
vn -0.9964 -0.0771 -0.0352
vn -0.8478 -0.0247 -0.5298
vn -0.4691 -0.0000 -0.8831
vn 0.0357 -0.0000 -0.9994
vn 0.5301 -0.0000 -0.8479
vn 0.8827 -0.0000 -0.4700
vn 0.9994 -0.0000 0.0339
vn 0.8483 -0.0000 0.5295
vn 0.4691 -0.0000 0.8831
vn -0.0357 -0.0000 0.9994
vn -0.5301 -0.0000 0.8479
vn -0.8827 -0.0000 0.4700
vn -0.9994 -0.0000 -0.0339
vn -0.8483 -0.0000 -0.5295
vn -0.4696 -0.0331 -0.8823
vn 0.0338 -0.0863 -0.9957
vn 0.5258 -0.1164 -0.8426
vn 0.8773 -0.1150 -0.4661
vn 0.9960 -0.0824 0.0356
vn 0.8475 -0.0281 0.5301
vn 0.4695 0.0325 0.8823
vn -0.0341 0.0827 0.9960
vn -0.5263 0.1102 0.8431
vn -0.8777 0.1092 0.4666
vn -0.9962 0.0796 -0.0353
vn -0.8475 0.0278 -0.5300
vn -0.4838 -0.1128 -0.8679
vn 0.0001 -0.2754 -0.9613
vn 0.4814 -0.3634 -0.7976
vn 0.8337 -0.3554 -0.4226
vn 0.9651 -0.2532 0.0661
vn 0.8379 -0.0819 0.5396
vn 0.4840 0.1136 0.8677
vn 0.0010 0.2795 0.9601
vn -0.4794 0.3703 0.7956
vn -0.8319 0.3617 0.4209
vn -0.9643 0.2562 -0.0669
vn -0.8379 0.0821 -0.5397
vn -0.5290 -0.2398 -0.8141
vn -0.0748 -0.4327 -0.8984
vn 0.4168 -0.5223 -0.7440
vn 0.7925 -0.5040 -0.3433
vn 0.8775 -0.4316 0.2090
vn 0.6343 -0.3745 0.6764
vn 0.3345 -0.2297 0.9140
vn 0.0245 0.1775 0.9838
vn -0.4211 0.4968 0.7588
vn -0.7943 0.4986 0.3472
vn -0.9468 0.2986 -0.1204
vn -0.8442 0.0225 -0.5356
vn -0.5291 -0.8138 -0.2402
vn -0.0750 -0.8983 -0.4330
vn 0.4166 -0.7440 -0.5224
vn 0.7926 -0.3434 -0.5039
vn 0.8774 0.2091 -0.4317
vn 0.6326 0.6769 -0.3764
vn 0.3328 0.9138 -0.2327
vn 0.0244 0.9839 0.1772
vn -0.4210 0.7588 0.4971
vn -0.7943 0.3475 0.4983
vn -0.9470 -0.1202 0.2979
vn -0.8444 -0.5353 0.0218
vn -0.4820 -0.8696 -0.1074
vn 0.0015 -0.9624 -0.2717
vn 0.4820 -0.7978 -0.3622
vn 0.8334 -0.4219 -0.3570
vn 0.9640 0.0676 -0.2572
vn 0.8362 0.5414 -0.0875
vn 0.4821 0.8695 0.1078
vn -0.0005 0.9614 0.2752
vn -0.4802 0.7959 0.3688
vn -0.8315 0.4200 0.3636
vn -0.9629 -0.0685 0.2608
vn -0.8361 -0.5415 0.0880
vn -0.4693 -0.8823 -0.0361
vn 0.0342 -0.9955 -0.0883
vn 0.5264 -0.8422 -0.1171
vn 0.8777 -0.4655 -0.1141
vn 0.9961 0.0361 -0.0802
vn 0.8475 0.5303 -0.0250
vn 0.4693 0.8823 0.0357
vn -0.0346 0.9958 0.0851
vn -0.5269 0.8426 0.1110
vn -0.8781 0.4660 0.1081
vn -0.9964 -0.0357 0.0771
vn -0.8475 -0.5302 0.0247
vn -0.4687 -0.8834 -0.0000
vn 0.0362 -0.9993 -0.0000
vn 0.5306 -0.8476 -0.0000
vn 0.8829 -0.4695 -0.0000
vn 0.9994 0.0345 -0.0000
vn 0.8480 0.5300 -0.0000
vn 0.4687 0.8834 -0.0000
vn -0.0362 0.9993 -0.0000
vn -0.5306 0.8476 -0.0000
vn -0.8829 0.4695 -0.0000
vn -0.9994 -0.0345 -0.0000
vn -0.8480 -0.5300 -0.0000
vn -0.4691 -0.8825 0.0332
vn 0.0342 -0.9957 0.0864
vn 0.5262 -0.8423 0.1164
vn 0.8775 -0.4656 0.1149
vn 0.9959 0.0362 0.0824
vn 0.8472 0.5305 0.0280
vn 0.4690 0.8826 -0.0326
vn -0.0347 0.9960 -0.0828
vn -0.5268 0.8428 -0.1102
vn -0.8780 0.4661 -0.1092
vn -0.9962 -0.0359 -0.0796
vn -0.8472 -0.5305 -0.0278
vn -0.4833 -0.8681 0.1130
vn 0.0006 -0.9613 0.2756
vn 0.4818 -0.7974 0.3635
vn 0.8340 -0.4222 0.3554
vn 0.9651 0.0666 0.2531
vn 0.8377 0.5400 0.0817
vn 0.4835 0.8679 -0.1138
vn 0.0005 0.9601 -0.2797
vn -0.4799 0.7953 -0.3704
vn -0.8321 0.4204 -0.3617
vn -0.9643 -0.0674 -0.2560
vn -0.8376 -0.5401 -0.0819
vn -0.4995 -0.8524 0.1544
vn -0.0408 -0.9221 0.3848
vn 0.4283 -0.7449 0.5115
vn 0.7824 -0.3686 0.5020
vn 0.9272 0.1069 0.3589
vn 0.8239 0.5542 0.1189
vn 0.4997 0.8522 -0.1550
vn 0.0425 0.9203 -0.3889
vn -0.4251 0.7416 -0.5189
vn -0.7791 0.3655 -0.5093
vn -0.9256 -0.1084 -0.3628
vn -0.8237 -0.5544 -0.1194
vn -0.9238 0.2388 0.2994
vn -0.7538 0.6557 0.0426
vn -0.3820 0.8957 -0.2276
vn 0.0912 0.8943 -0.4380
vn 0.5391 0.6538 -0.5310
vn 0.8435 0.2393 -0.4810
vn 0.9227 -0.2398 -0.3018
vn 0.7538 -0.6558 -0.0426
vn 0.3814 -0.8964 0.2260
vn -0.0934 -0.8968 0.4325
vn -0.5425 -0.6573 0.5231
vn -0.8463 -0.2419 0.4746
vn -0.9544 0.2066 0.2155
vn -0.7574 0.6520 0.0336
vn -0.3556 0.9210 -0.1593
vn 0.1397 0.9404 -0.3101
vn 0.5953 0.7092 -0.3778
vn 0.8928 0.2906 -0.3442
vn 0.9537 -0.2072 -0.2181
vn 0.7574 -0.6521 -0.0337
vn 0.3554 -0.9212 0.1582
vn -0.1410 -0.9417 0.3056
vn -0.5973 -0.7112 0.3708
vn -0.8946 -0.2922 0.3381
vn -0.9814 0.1801 0.0665
vn -0.7621 0.6474 0.0080
vn -0.3364 0.9403 -0.0512
vn 0.1784 0.9794 -0.0950
vn 0.6434 0.7571 -0.1132
vn 0.9370 0.3340 -0.1022
vn 0.9816 -0.1798 -0.0642
vn 0.7621 -0.6474 -0.0079
vn 0.3366 -0.9402 0.0522
vn -0.1780 -0.9790 0.0992
vn -0.6428 -0.7566 0.1196
vn -0.9366 -0.3335 0.1076
vn -0.9839 0.1789 -0.0000
vn -0.7621 0.6474 -0.0000
vn -0.3356 0.9420 -0.0000
vn 0.1805 0.9836 -0.0000
vn 0.6476 0.7620 -0.0000
vn 0.9416 0.3368 -0.0000
vn 0.9839 -0.1789 -0.0000
vn 0.7622 -0.6474 -0.0000
vn 0.3356 -0.9420 -0.0000
vn -0.1805 -0.9836 -0.0000
vn -0.6476 -0.7620 -0.0000
vn -0.9416 -0.3368 -0.0000
vn -0.9812 0.1802 -0.0689
vn -0.7618 0.6477 -0.0111
vn -0.3362 0.9406 0.0482
vn 0.1784 0.9795 0.0930
vn 0.6432 0.7573 0.1129
vn 0.9368 0.3341 0.1037
vn 0.9814 -0.1800 0.0670
vn 0.7618 -0.6477 0.0111
vn 0.3363 -0.9404 -0.0495
vn -0.1780 -0.9792 -0.0975
vn -0.6427 -0.7568 -0.1193
vn -0.9364 -0.3336 -0.1088
vn -0.9557 0.2055 -0.2108
vn -0.7590 0.6506 -0.0275
vn -0.3570 0.9194 0.1651
vn 0.1389 0.9393 0.3139
vn 0.5952 0.7090 0.3783
vn 0.8937 0.2912 0.3413
vn 0.9551 -0.2060 0.2128
vn 0.7589 -0.6506 0.0275
vn 0.3566 -0.9198 -0.1635
vn -0.1403 -0.9407 -0.3088
vn -0.5972 -0.7110 -0.3712
vn -0.8953 -0.2927 -0.3358
vn -0.8901 0.2737 -0.3644
vn -0.7195 0.6806 -0.1380
vn -0.3766 0.9160 0.1383
vn 0.0724 0.9153 0.3963
vn 0.5303 0.6615 0.5303
vn 0.8842 0.2326 0.4052
vn 0.9851 -0.1711 -0.0142
vn 0.8363 -0.4452 -0.3199
vn 0.5120 -0.7615 -0.3976
vn -0.0250 -0.8865 -0.4621
vn -0.5356 -0.6633 -0.5227
vn -0.8386 -0.2178 -0.4994
vn -0.3641 0.2734 -0.8903
vn -0.1374 0.6805 -0.7198
vn 0.1389 0.9158 -0.3768
vn 0.3968 0.9151 0.0721
vn 0.5304 0.6615 0.5302
vn 0.4048 0.2327 0.8843
vn -0.0126 -0.1717 0.9851
vn -0.3170 -0.4475 0.8362
vn -0.3965 -0.7623 0.5115
vn -0.4622 -0.8864 -0.0249
vn -0.5227 -0.6633 -0.5355
vn -0.4992 -0.2180 -0.8386
vn -0.2154 0.2071 -0.9543
vn -0.0334 0.6524 -0.7571
vn 0.1595 0.9211 -0.3552
vn 0.3102 0.9403 0.1402
vn 0.3778 0.7089 0.5957
vn 0.3441 0.2901 0.8930
vn 0.2180 -0.2077 0.9536
vn 0.0335 -0.6525 0.7571
vn -0.1584 -0.9214 0.3549
vn -0.3057 -0.9416 -0.1415
vn -0.3708 -0.7109 -0.5976
vn -0.3381 -0.2917 -0.8948
vn -0.0664 0.1806 -0.9813
vn -0.0079 0.6478 -0.7617
vn 0.0512 0.9405 -0.3359
vn 0.0950 0.9793 0.1789
vn 0.1132 0.7568 0.6438
vn 0.1022 0.3335 0.9372
vn 0.0642 -0.1803 0.9815
vn 0.0079 -0.6478 0.7617
vn -0.0523 -0.9404 0.3360
vn -0.0992 -0.9789 -0.1785
vn -0.1196 -0.7563 -0.6432
vn -0.1075 -0.3330 -0.9368
vn -0.0000 0.1794 -0.9838
vn -0.0000 0.6478 -0.7618
vn -0.0000 0.9422 -0.3351
vn -0.0000 0.9835 0.1810
vn -0.0000 0.7616 0.6480
vn -0.0000 0.3364 0.9417
vn -0.0000 -0.1794 0.9838
vn -0.0000 -0.6478 0.7618
vn -0.0000 -0.9422 0.3351
vn -0.0000 -0.9835 -0.1810
vn -0.0000 -0.7616 -0.6480
vn -0.0000 -0.3363 -0.9417
vn 0.0689 0.1807 -0.9811
vn 0.0110 0.6481 -0.7615
vn -0.0482 0.9407 -0.3357
vn -0.0931 0.9794 0.1789
vn -0.1129 0.7570 0.6436
vn -0.1036 0.3336 0.9370
vn -0.0669 -0.1805 0.9813
vn -0.0110 -0.6481 0.7615
vn 0.0495 -0.9406 0.3358
vn 0.0976 -0.9791 -0.1785
vn 0.1193 -0.7565 -0.6431
vn 0.1088 -0.3331 -0.9366
vn 0.2106 0.2060 -0.9556
vn 0.0273 0.6510 -0.7586
vn -0.1652 0.9196 -0.3565
vn -0.3140 0.9391 0.1394
vn -0.3783 0.7086 0.5956
vn -0.3412 0.2907 0.8939
vn -0.2126 -0.2065 0.9551
vn -0.0273 -0.6509 0.7586
vn 0.1637 -0.9200 0.3561
vn 0.3089 -0.9406 -0.1408
vn 0.3712 -0.7106 -0.5976
vn 0.3357 -0.2922 -0.8955
vn 0.2995 0.2399 -0.9234
vn 0.0428 0.6567 -0.7529
vn -0.2273 0.8963 -0.3808
vn -0.4377 0.8943 0.0924
vn -0.5309 0.6531 0.5399
vn -0.4812 0.2381 0.8437
vn -0.3022 -0.2410 0.9223
vn -0.0429 -0.6567 0.7529
vn 0.2259 -0.8968 0.3803
vn 0.4325 -0.8966 -0.0945
vn 0.5231 -0.6566 -0.5434
vn 0.4746 -0.2409 -0.8466
vn -0.5281 0.1373 0.8380
vn -0.0763 0.3762 0.9234
vn 0.3948 0.5145 0.7612
vn 0.7605 0.5144 0.3963
vn 0.9236 0.3760 -0.0746
vn 0.8389 0.1372 -0.5267
vn 0.5278 -0.1367 -0.8383
vn 0.0747 -0.3720 -0.9252
vn -0.3980 -0.5070 -0.7645
vn -0.7638 -0.5071 -0.3994
vn -0.9253 -0.3722 0.0731
vn -0.8391 -0.1367 0.5265
vn -0.5118 0.0947 0.8539
vn -0.0339 0.2656 0.9635
vn 0.4501 0.3654 0.8148
vn 0.8137 0.3673 0.4506
vn 0.9621 0.2705 -0.0341
vn 0.8527 0.1011 -0.5125
vn 0.5117 -0.0944 -0.8539
vn 0.0331 -0.2624 -0.9644
vn -0.4520 -0.3590 -0.8166
vn -0.8156 -0.3605 -0.4525
vn -0.9632 -0.2667 0.0331
vn -0.8529 -0.1005 0.5123
vn -0.5006 0.0317 0.8651
vn -0.0011 0.0823 0.9966
vn 0.4964 0.1102 0.8611
vn 0.8608 0.1093 0.4971
vn 0.9968 0.0800 -0.0001
vn 0.8658 0.0287 -0.4995
vn 0.5007 -0.0320 -0.8650
vn 0.0015 -0.0854 -0.9963
vn -0.4959 -0.1161 -0.8606
vn -0.8603 -0.1154 -0.4966
vn -0.9965 -0.0834 0.0004
vn -0.8658 -0.0292 0.4996
vn -0.5000 -0.0000 0.8660
vn 0.0004 -0.0000 1.0000
vn 0.4999 -0.0000 0.8661
vn 0.8656 -0.0000 0.5008
vn 1.0000 -0.0000 0.0014
vn 0.8665 -0.0000 -0.4992
vn 0.5000 -0.0000 -0.8660
vn -0.0004 -0.0000 -1.0000
vn -0.5000 -0.0000 -0.8661
vn -0.8656 -0.0000 -0.5008
vn -1.0000 -0.0000 -0.0013
vn -0.8665 -0.0000 0.4992
vn -0.5004 -0.0286 0.8653
vn -0.0010 -0.0799 0.9968
vn 0.4963 -0.1092 0.8613
vn 0.8606 -0.1102 0.4973
vn 0.9966 -0.0824 -0.0001
vn 0.8656 -0.0318 -0.4998
vn 0.5004 0.0291 -0.8653
vn 0.0014 0.0833 -0.9965
vn -0.4957 0.1153 -0.8608
vn -0.8601 0.1161 -0.4967
vn -0.9963 0.0855 0.0005
vn -0.8655 0.0322 0.4998
vn -0.5135 -0.1008 0.8521
vn -0.0360 -0.2713 0.9618
vn 0.4489 -0.3694 0.8137
vn 0.8138 -0.3678 0.4499
vn 0.9631 -0.2669 -0.0342
vn 0.8540 -0.0950 -0.5115
vn 0.5133 0.0999 -0.8524
vn 0.0345 0.2650 -0.9636
vn -0.4519 0.3581 -0.8170
vn -0.8171 0.3567 -0.4529
vn -0.9647 0.2611 0.0329
vn -0.8542 0.0943 0.5114
vt 0.000000 1.000000
vt 0.024390 1.000000
vt 0.024390 0.916667
vt 0.000000 0.916667
vt 0.000000 0.083333
vt 0.024390 0.083333
vt 0.024390 0.000000
vt 0.000000 0.000000
vt 0.000000 0.166667
vt 0.024390 0.166667
vt 0.000000 0.250000
vt 0.024390 0.250000
vt 0.000000 0.333333
vt 0.024390 0.333333
vt 0.000000 0.416667
vt 0.024390 0.416667
vt 0.000000 0.500000
vt 0.024390 0.500000
vt 0.000000 0.583333
vt 0.024390 0.583333
vt 0.000000 0.666667
vt 0.024390 0.666667
vt 0.000000 0.750000
vt 0.024390 0.750000
vt 0.000000 0.833333
vt 0.024390 0.833333
vt 0.048780 1.000000
vt 0.048780 0.916667
vt 0.048780 0.083333
vt 0.048780 0.000000
vt 0.048780 0.166667
vt 0.048780 0.250000
vt 0.048780 0.333333
vt 0.048780 0.416667
vt 0.048780 0.500000
vt 0.048780 0.583333
vt 0.048780 0.666667
vt 0.048780 0.750000
vt 0.048780 0.833333
vt 0.073171 1.000000
vt 0.073171 0.916667
vt 0.073171 0.083333
vt 0.073171 0.000000
vt 0.073171 0.166667
vt 0.073171 0.250000
vt 0.073171 0.333333
vt 0.073171 0.416667
vt 0.073171 0.500000
vt 0.073171 0.583333
vt 0.073171 0.666667
vt 0.073171 0.750000
vt 0.073171 0.833333
vt 0.097561 1.000000
vt 0.097561 0.916667
vt 0.097561 0.083333
vt 0.097561 0.000000
vt 0.097561 0.166667
vt 0.097561 0.250000
vt 0.097561 0.333333
vt 0.097561 0.416667
vt 0.097561 0.500000
vt 0.097561 0.583333
vt 0.097561 0.666667
vt 0.097561 0.750000
vt 0.097561 0.833333
vt 0.121951 1.000000
vt 0.121951 0.916667
vt 0.121951 0.083333
vt 0.121951 0.000000
vt 0.121951 0.166667
vt 0.121951 0.250000
vt 0.121951 0.333333
vt 0.121951 0.416667
vt 0.121951 0.500000
vt 0.121951 0.583333
vt 0.121951 0.666667
vt 0.121951 0.750000
vt 0.121951 0.833333
vt 0.146341 1.000000
vt 0.146341 0.916667
vt 0.146341 0.083333
vt 0.146341 0.000000
vt 0.146341 0.166667
vt 0.146341 0.250000
vt 0.146341 0.333333
vt 0.146341 0.416667
vt 0.146341 0.500000
vt 0.146341 0.583333
vt 0.146341 0.666667
vt 0.146341 0.750000
vt 0.146341 0.833333
vt 0.170732 1.000000
vt 0.170732 0.916667
vt 0.170732 0.083333
vt 0.170732 0.000000
vt 0.170732 0.166667
vt 0.170732 0.250000
vt 0.170732 0.333333
vt 0.170732 0.416667
vt 0.170732 0.500000
vt 0.170732 0.583333
vt 0.170732 0.666667
vt 0.170732 0.750000
vt 0.170732 0.833333
vt 0.195122 1.000000
vt 0.195122 0.916667
vt 0.195122 0.083333
vt 0.195122 0.000000
vt 0.195122 0.166667
vt 0.195122 0.250000
vt 0.195122 0.333333
vt 0.195122 0.416667
vt 0.195122 0.500000
vt 0.195122 0.583333
vt 0.195122 0.666667
vt 0.195122 0.750000
vt 0.195122 0.833333
vt 0.219512 1.000000
vt 0.219512 0.916667
vt 0.219512 0.083333
vt 0.219512 0.000000
vt 0.219512 0.166667
vt 0.219512 0.250000
vt 0.219512 0.333333
vt 0.219512 0.416667
vt 0.219512 0.500000
vt 0.219512 0.583333
vt 0.219512 0.666667
vt 0.219512 0.750000
vt 0.219512 0.833333
vt 0.243902 1.000000
vt 0.243902 0.916667
vt 0.243902 0.083333
vt 0.243902 0.000000
vt 0.243902 0.166667
vt 0.243902 0.250000
vt 0.243902 0.333333
vt 0.243902 0.416667
vt 0.243902 0.500000
vt 0.243902 0.583333
vt 0.243902 0.666667
vt 0.243902 0.750000
vt 0.243902 0.833333
vt 0.268293 1.000000
vt 0.268293 0.916667
vt 0.268293 0.083333
vt 0.268293 0.000000
vt 0.268293 0.166667
vt 0.268293 0.250000
vt 0.268293 0.333333
vt 0.268293 0.416667
vt 0.268293 0.500000
vt 0.268293 0.583333
vt 0.268293 0.666667
vt 0.268293 0.750000
vt 0.268293 0.833333
vt 0.292683 1.000000
vt 0.292683 0.916667
vt 0.292683 0.083333
vt 0.292683 0.000000
vt 0.292683 0.166667
vt 0.292683 0.250000
vt 0.292683 0.333333
vt 0.292683 0.416667
vt 0.292683 0.500000
vt 0.292683 0.583333
vt 0.292683 0.666667
vt 0.292683 0.750000
vt 0.292683 0.833333
vt 0.317073 1.000000
vt 0.317073 0.916667
vt 0.317073 0.083333
vt 0.317073 0.000000
vt 0.317073 0.166667
vt 0.317073 0.250000
vt 0.317073 0.333333
vt 0.317073 0.416667
vt 0.317073 0.500000
vt 0.317073 0.583333
vt 0.317073 0.666667
vt 0.317073 0.750000
vt 0.317073 0.833333
vt 0.341463 1.000000
vt 0.341463 0.916667
vt 0.341463 0.083333
vt 0.341463 0.000000
vt 0.341463 0.166667
vt 0.341463 0.250000
vt 0.341463 0.333333
vt 0.341463 0.416667
vt 0.341463 0.500000
vt 0.341463 0.583333
vt 0.341463 0.666667
vt 0.341463 0.750000
vt 0.341463 0.833333
vt 0.365854 1.000000
vt 0.365854 0.916667
vt 0.365854 0.083333
vt 0.365854 0.000000
vt 0.365854 0.166667
vt 0.365854 0.250000
vt 0.365854 0.333333
vt 0.365854 0.416667
vt 0.365854 0.500000
vt 0.365854 0.583333
vt 0.365854 0.666667
vt 0.365854 0.750000
vt 0.365854 0.833333
vt 0.390244 1.000000
vt 0.390244 0.916667
vt 0.390244 0.083333
vt 0.390244 0.000000
vt 0.390244 0.166667
vt 0.390244 0.250000
vt 0.390244 0.333333
vt 0.390244 0.416667
vt 0.390244 0.500000
vt 0.390244 0.583333
vt 0.390244 0.666667
vt 0.390244 0.750000
vt 0.390244 0.833333
vt 0.414634 1.000000
vt 0.414634 0.916667
vt 0.414634 0.083333
vt 0.414634 0.000000
vt 0.414634 0.166667
vt 0.414634 0.250000
vt 0.414634 0.333333
vt 0.414634 0.416667
vt 0.414634 0.500000
vt 0.414634 0.583333
vt 0.414634 0.666667
vt 0.414634 0.750000
vt 0.414634 0.833333
vt 0.439024 1.000000
vt 0.439024 0.916667
vt 0.439024 0.083333
vt 0.439024 0.000000
vt 0.439024 0.166667
vt 0.439024 0.250000
vt 0.439024 0.333333
vt 0.439024 0.416667
vt 0.439024 0.500000
vt 0.439024 0.583333
vt 0.439024 0.666667
vt 0.439024 0.750000
vt 0.439024 0.833333
vt 0.463415 1.000000
vt 0.463415 0.916667
vt 0.463415 0.083333
vt 0.463415 0.000000
vt 0.463415 0.166667
vt 0.463415 0.250000
vt 0.463415 0.333333
vt 0.463415 0.416667
vt 0.463415 0.500000
vt 0.463415 0.583333
vt 0.463415 0.666667
vt 0.463415 0.750000
vt 0.463415 0.833333
vt 0.487805 1.000000
vt 0.487805 0.916667
vt 0.487805 0.083333
vt 0.487805 0.000000
vt 0.487805 0.166667
vt 0.487805 0.250000
vt 0.487805 0.333333
vt 0.487805 0.416667
vt 0.487805 0.500000
vt 0.487805 0.583333
vt 0.487805 0.666667
vt 0.487805 0.750000
vt 0.487805 0.833333
vt 0.512195 1.000000
vt 0.512195 0.916667
vt 0.512195 0.083333
vt 0.512195 0.000000
vt 0.512195 0.166667
vt 0.512195 0.250000
vt 0.512195 0.333333
vt 0.512195 0.416667
vt 0.512195 0.500000
vt 0.512195 0.583333
vt 0.512195 0.666667
vt 0.512195 0.750000
vt 0.512195 0.833333
vt 0.536585 1.000000
vt 0.536585 0.916667
vt 0.536585 0.083333
vt 0.536585 0.000000
vt 0.536585 0.166667
vt 0.536585 0.250000
vt 0.536585 0.333333
vt 0.536585 0.416667
vt 0.536585 0.500000
vt 0.536585 0.583333
vt 0.536585 0.666667
vt 0.536585 0.750000
vt 0.536585 0.833333
vt 0.560976 1.000000
vt 0.560976 0.916667
vt 0.560976 0.083333
vt 0.560976 0.000000
vt 0.560976 0.166667
vt 0.560976 0.250000
vt 0.560976 0.333333
vt 0.560976 0.416667
vt 0.560976 0.500000
vt 0.560976 0.583333
vt 0.560976 0.666667
vt 0.560976 0.750000
vt 0.560976 0.833333
vt 0.585366 1.000000
vt 0.585366 0.916667
vt 0.585366 0.083333
vt 0.585366 0.000000
vt 0.585366 0.166667
vt 0.585366 0.250000
vt 0.585366 0.333333
vt 0.585366 0.416667
vt 0.585366 0.500000
vt 0.585366 0.583333
vt 0.585366 0.666667
vt 0.585366 0.750000
vt 0.585366 0.833333
vt 0.609756 1.000000
vt 0.609756 0.916667
vt 0.609756 0.083333
vt 0.609756 0.000000
vt 0.609756 0.166667
vt 0.609756 0.250000
vt 0.609756 0.333333
vt 0.609756 0.416667
vt 0.609756 0.500000
vt 0.609756 0.583333
vt 0.609756 0.666667
vt 0.609756 0.750000
vt 0.609756 0.833333
vt 0.634146 1.000000
vt 0.634146 0.916667
vt 0.634146 0.083333
vt 0.634146 0.000000
vt 0.634146 0.166667
vt 0.634146 0.250000
vt 0.634146 0.333333
vt 0.634146 0.416667
vt 0.634146 0.500000
vt 0.634146 0.583333
vt 0.634146 0.666667
vt 0.634146 0.750000
vt 0.634146 0.833333
vt 0.658537 1.000000
vt 0.658537 0.916667
vt 0.658537 0.083333
vt 0.658537 0.000000
vt 0.658537 0.166667
vt 0.658537 0.250000
vt 0.658537 0.333333
vt 0.658537 0.416667
vt 0.658537 0.500000
vt 0.658537 0.583333
vt 0.658537 0.666667
vt 0.658537 0.750000
vt 0.658537 0.833333
vt 0.682927 1.000000
vt 0.682927 0.916667
vt 0.682927 0.083333
vt 0.682927 0.000000
vt 0.682927 0.166667
vt 0.682927 0.250000
vt 0.682927 0.333333
vt 0.682927 0.416667
vt 0.682927 0.500000
vt 0.682927 0.583333
vt 0.682927 0.666667
vt 0.682927 0.750000
vt 0.682927 0.833333
vt 0.707317 1.000000
vt 0.707317 0.916667
vt 0.707317 0.083333
vt 0.707317 0.000000
vt 0.707317 0.166667
vt 0.707317 0.250000
vt 0.707317 0.333333
vt 0.707317 0.416667
vt 0.707317 0.500000
vt 0.707317 0.583333
vt 0.707317 0.666667
vt 0.707317 0.750000
vt 0.707317 0.833333
vt 0.731707 1.000000
vt 0.731707 0.916667
vt 0.731707 0.083333
vt 0.731707 0.000000
vt 0.731707 0.166667
vt 0.731707 0.250000
vt 0.731707 0.333333
vt 0.731707 0.416667
vt 0.731707 0.500000
vt 0.731707 0.583333
vt 0.731707 0.666667
vt 0.731707 0.750000
vt 0.731707 0.833333
vt 0.756098 1.000000
vt 0.756098 0.916667
vt 0.756098 0.083333
vt 0.756098 0.000000
vt 0.756098 0.166667
vt 0.756098 0.250000
vt 0.756098 0.333333
vt 0.756098 0.416667
vt 0.756098 0.500000
vt 0.756098 0.583333
vt 0.756098 0.666667
vt 0.756098 0.750000
vt 0.756098 0.833333
vt 0.780488 1.000000
vt 0.780488 0.916667
vt 0.780488 0.083333
vt 0.780488 0.000000
vt 0.780488 0.166667
vt 0.780488 0.250000
vt 0.780488 0.333333
vt 0.780488 0.416667
vt 0.780488 0.500000
vt 0.780488 0.583333
vt 0.780488 0.666667
vt 0.780488 0.750000
vt 0.780488 0.833333
vt 0.804878 1.000000
vt 0.804878 0.916667
vt 0.804878 0.083333
vt 0.804878 0.000000
vt 0.804878 0.166667
vt 0.804878 0.250000
vt 0.804878 0.333333
vt 0.804878 0.416667
vt 0.804878 0.500000
vt 0.804878 0.583333
vt 0.804878 0.666667
vt 0.804878 0.750000
vt 0.804878 0.833333
vt 0.829268 1.000000
vt 0.829268 0.916667
vt 0.829268 0.083333
vt 0.829268 0.000000
vt 0.829268 0.166667
vt 0.829268 0.250000
vt 0.829268 0.333333
vt 0.829268 0.416667
vt 0.829268 0.500000
vt 0.829268 0.583333
vt 0.829268 0.666667
vt 0.829268 0.750000
vt 0.829268 0.833333
vt 0.853659 1.000000
vt 0.853659 0.916667
vt 0.853659 0.083333
vt 0.853659 0.000000
vt 0.853659 0.166667
vt 0.853659 0.250000
vt 0.853659 0.333333
vt 0.853659 0.416667
vt 0.853659 0.500000
vt 0.853659 0.583333
vt 0.853659 0.666667
vt 0.853659 0.750000
vt 0.853659 0.833333
vt 0.878049 1.000000
vt 0.878049 0.916667
vt 0.878049 0.083333
vt 0.878049 0.000000
vt 0.878049 0.166667
vt 0.878049 0.250000
vt 0.878049 0.333333
vt 0.878049 0.416667
vt 0.878049 0.500000
vt 0.878049 0.583333
vt 0.878049 0.666667
vt 0.878049 0.750000
vt 0.878049 0.833333
vt 0.902439 1.000000
vt 0.902439 0.916667
vt 0.902439 0.083333
vt 0.902439 0.000000
vt 0.902439 0.166667
vt 0.902439 0.250000
vt 0.902439 0.333333
vt 0.902439 0.416667
vt 0.902439 0.500000
vt 0.902439 0.583333
vt 0.902439 0.666667
vt 0.902439 0.750000
vt 0.902439 0.833333
vt 0.926829 1.000000
vt 0.926829 0.916667
vt 0.926829 0.083333
vt 0.926829 0.000000
vt 0.926829 0.166667
vt 0.926829 0.250000
vt 0.926829 0.333333
vt 0.926829 0.416667
vt 0.926829 0.500000
vt 0.926829 0.583333
vt 0.926829 0.666667
vt 0.926829 0.750000
vt 0.926829 0.833333
vt 0.951219 1.000000
vt 0.951219 0.916667
vt 0.951219 0.083333
vt 0.951219 0.000000
vt 0.951219 0.166667
vt 0.951219 0.250000
vt 0.951219 0.333333
vt 0.951219 0.416667
vt 0.951219 0.500000
vt 0.951219 0.583333
vt 0.951219 0.666667
vt 0.951219 0.750000
vt 0.951219 0.833333
vt 0.975610 1.000000
vt 0.975610 0.916667
vt 0.975610 0.083333
vt 0.975610 0.000000
vt 0.975610 0.166667
vt 0.975610 0.250000
vt 0.975610 0.333333
vt 0.975610 0.416667
vt 0.975610 0.500000
vt 0.975610 0.583333
vt 0.975610 0.666667
vt 0.975610 0.750000
vt 0.975610 0.833333
vt 1.000000 1.000000
vt 1.000000 0.916667
vt 1.000000 0.083333
vt 1.000000 0.000000
vt 1.000000 0.166667
vt 1.000000 0.250000
vt 1.000000 0.333333
vt 1.000000 0.416667
vt 1.000000 0.500000
vt 1.000000 0.583333
vt 1.000000 0.666667
vt 1.000000 0.750000
vt 1.000000 0.833333
vt 0.047619 1.000000
vt 0.047619 0.916667
vt 0.047619 0.083333
vt 0.047619 0.000000
vt 0.047619 0.166667
vt 0.047619 0.250000
vt 0.047619 0.333333
vt 0.047619 0.416667
vt 0.047619 0.500000
vt 0.047619 0.583333
vt 0.047619 0.666667
vt 0.047619 0.750000
vt 0.047619 0.833333
vt 0.095238 1.000000
vt 0.095238 0.916667
vt 0.095238 0.083333
vt 0.095238 0.000000
vt 0.095238 0.166667
vt 0.095238 0.250000
vt 0.095238 0.333333
vt 0.095238 0.416667
vt 0.095238 0.500000
vt 0.095238 0.583333
vt 0.095238 0.666667
vt 0.095238 0.750000
vt 0.095238 0.833333
vt 0.142857 1.000000
vt 0.142857 0.916667
vt 0.142857 0.083333
vt 0.142857 0.000000
vt 0.142857 0.166667
vt 0.142857 0.250000
vt 0.142857 0.333333
vt 0.142857 0.416667
vt 0.142857 0.500000
vt 0.142857 0.583333
vt 0.142857 0.666667
vt 0.142857 0.750000
vt 0.142857 0.833333
vt 0.190476 1.000000
vt 0.190476 0.916667
vt 0.190476 0.083333
vt 0.190476 0.000000
vt 0.190476 0.166667
vt 0.190476 0.250000
vt 0.190476 0.333333
vt 0.190476 0.416667
vt 0.190476 0.500000
vt 0.190476 0.583333
vt 0.190476 0.666667
vt 0.190476 0.750000
vt 0.190476 0.833333
vt 0.238095 1.000000
vt 0.238095 0.916667
vt 0.238095 0.083333
vt 0.238095 0.000000
vt 0.238095 0.166667
vt 0.238095 0.250000
vt 0.238095 0.333333
vt 0.238095 0.416667
vt 0.238095 0.500000
vt 0.238095 0.583333
vt 0.238095 0.666667
vt 0.238095 0.750000
vt 0.238095 0.833333
vt 0.285714 1.000000
vt 0.285714 0.916667
vt 0.285714 0.083333
vt 0.285714 0.000000
vt 0.285714 0.166667
vt 0.285714 0.250000
vt 0.285714 0.333333
vt 0.285714 0.416667
vt 0.285714 0.500000
vt 0.285714 0.583333
vt 0.285714 0.666667
vt 0.285714 0.750000
vt 0.285714 0.833333
vt 0.333333 1.000000
vt 0.333333 0.916667
vt 0.333333 0.083333
vt 0.333333 0.000000
vt 0.333333 0.166667
vt 0.333333 0.250000
vt 0.333333 0.333333
vt 0.333333 0.416667
vt 0.333333 0.500000
vt 0.333333 0.583333
vt 0.333333 0.666667
vt 0.333333 0.750000
vt 0.333333 0.833333
vt 0.380952 1.000000
vt 0.380952 0.916667
vt 0.380952 0.083333
vt 0.380952 0.000000
vt 0.380952 0.166667
vt 0.380952 0.250000
vt 0.380952 0.333333
vt 0.380952 0.416667
vt 0.380952 0.500000
vt 0.380952 0.583333
vt 0.380952 0.666667
vt 0.380952 0.750000
vt 0.380952 0.833333
vt 0.428571 1.000000
vt 0.428571 0.916667
vt 0.428571 0.083333
vt 0.428571 0.000000
vt 0.428571 0.166667
vt 0.428571 0.250000
vt 0.428571 0.333333
vt 0.428571 0.416667
vt 0.428571 0.500000
vt 0.428571 0.583333
vt 0.428571 0.666667
vt 0.428571 0.750000
vt 0.428571 0.833333
vt 0.476190 1.000000
vt 0.476190 0.916667
vt 0.476190 0.083333
vt 0.476190 0.000000
vt 0.476190 0.166667
vt 0.476190 0.250000
vt 0.476190 0.333333
vt 0.476190 0.416667
vt 0.476190 0.500000
vt 0.476190 0.583333
vt 0.476190 0.666667
vt 0.476190 0.750000
vt 0.476190 0.833333
vt 0.523810 1.000000
vt 0.523810 0.916667
vt 0.523810 0.083333
vt 0.523810 0.000000
vt 0.523810 0.166667
vt 0.523810 0.250000
vt 0.523810 0.333333
vt 0.523810 0.416667
vt 0.523810 0.500000
vt 0.523810 0.583333
vt 0.523810 0.666667
vt 0.523810 0.750000
vt 0.523810 0.833333
vt 0.571429 1.000000
vt 0.571429 0.916667
vt 0.571429 0.083333
vt 0.571429 0.000000
vt 0.571429 0.166667
vt 0.571429 0.250000
vt 0.571429 0.333333
vt 0.571429 0.416667
vt 0.571429 0.500000
vt 0.571429 0.583333
vt 0.571429 0.666667
vt 0.571429 0.750000
vt 0.571429 0.833333
vt 0.619048 1.000000
vt 0.619048 0.916667
vt 0.619048 0.083333
vt 0.619048 0.000000
vt 0.619048 0.166667
vt 0.619048 0.250000
vt 0.619048 0.333333
vt 0.619048 0.416667
vt 0.619048 0.500000
vt 0.619048 0.583333
vt 0.619048 0.666667
vt 0.619048 0.750000
vt 0.619048 0.833333
vt 0.666667 1.000000
vt 0.666667 0.916667
vt 0.666667 0.083333
vt 0.666667 0.000000
vt 0.666667 0.166667
vt 0.666667 0.250000
vt 0.666667 0.333333
vt 0.666667 0.416667
vt 0.666667 0.500000
vt 0.666667 0.583333
vt 0.666667 0.666667
vt 0.666667 0.750000
vt 0.666667 0.833333
vt 0.714286 1.000000
vt 0.714286 0.916667
vt 0.714286 0.083333
vt 0.714286 0.000000
vt 0.714286 0.166667
vt 0.714286 0.250000
vt 0.714286 0.333333
vt 0.714286 0.416667
vt 0.714286 0.500000
vt 0.714286 0.583333
vt 0.714286 0.666667
vt 0.714286 0.750000
vt 0.714286 0.833333
vt 0.761905 1.000000
vt 0.761905 0.916667
vt 0.761905 0.083333
vt 0.761905 0.000000
vt 0.761905 0.166667
vt 0.761905 0.250000
vt 0.761905 0.333333
vt 0.761905 0.416667
vt 0.761905 0.500000
vt 0.761905 0.583333
vt 0.761905 0.666667
vt 0.761905 0.750000
vt 0.761905 0.833333
vt 0.809524 1.000000
vt 0.809524 0.916667
vt 0.809524 0.083333
vt 0.809524 0.000000
vt 0.809524 0.166667
vt 0.809524 0.250000
vt 0.809524 0.333333
vt 0.809524 0.416667
vt 0.809524 0.500000
vt 0.809524 0.583333
vt 0.809524 0.666667
vt 0.809524 0.750000
vt 0.809524 0.833333
vt 0.857143 1.000000
vt 0.857143 0.916667
vt 0.857143 0.083333
vt 0.857143 0.000000
vt 0.857143 0.166667
vt 0.857143 0.250000
vt 0.857143 0.333333
vt 0.857143 0.416667
vt 0.857143 0.500000
vt 0.857143 0.583333
vt 0.857143 0.666667
vt 0.857143 0.750000
vt 0.857143 0.833333
vt 0.904762 1.000000
vt 0.904762 0.916667
vt 0.904762 0.083333
vt 0.904762 0.000000
vt 0.904762 0.166667
vt 0.904762 0.250000
vt 0.904762 0.333333
vt 0.904762 0.416667
vt 0.904762 0.500000
vt 0.904762 0.583333
vt 0.904762 0.666667
vt 0.904762 0.750000
vt 0.904762 0.833333
vt 0.952381 1.000000
vt 0.952381 0.916667
vt 0.952381 0.083333
vt 0.952381 0.000000
vt 0.952381 0.166667
vt 0.952381 0.250000
vt 0.952381 0.333333
vt 0.952381 0.416667
vt 0.952381 0.500000
vt 0.952381 0.583333
vt 0.952381 0.666667
vt 0.952381 0.750000
vt 0.952381 0.833333
vt 0.071429 1.000000
vt 0.071429 0.916667
vt 0.071429 0.083333
vt 0.071429 0.000000
vt 0.071429 0.166667
vt 0.071429 0.250000
vt 0.071429 0.333333
vt 0.071429 0.416667
vt 0.071429 0.500000
vt 0.071429 0.583333
vt 0.071429 0.666667
vt 0.071429 0.750000
vt 0.071429 0.833333
vt 0.214286 1.000000
vt 0.214286 0.916667
vt 0.214286 0.083333
vt 0.214286 0.000000
vt 0.214286 0.166667
vt 0.214286 0.250000
vt 0.214286 0.333333
vt 0.214286 0.416667
vt 0.214286 0.500000
vt 0.214286 0.583333
vt 0.214286 0.666667
vt 0.214286 0.750000
vt 0.214286 0.833333
vt 0.357143 1.000000
vt 0.357143 0.916667
vt 0.357143 0.083333
vt 0.357143 0.000000
vt 0.357143 0.166667
vt 0.357143 0.250000
vt 0.357143 0.333333
vt 0.357143 0.416667
vt 0.357143 0.500000
vt 0.357143 0.583333
vt 0.357143 0.666667
vt 0.357143 0.750000
vt 0.357143 0.833333
vt 0.500000 1.000000
vt 0.500000 0.916667
vt 0.500000 0.083333
vt 0.500000 0.000000
vt 0.500000 0.166667
vt 0.500000 0.250000
vt 0.500000 0.333333
vt 0.500000 0.416667
vt 0.500000 0.500000
vt 0.500000 0.583333
vt 0.500000 0.666667
vt 0.500000 0.750000
vt 0.500000 0.833333
vt 0.642857 1.000000
vt 0.642857 0.916667
vt 0.642857 0.083333
vt 0.642857 0.000000
vt 0.642857 0.166667
vt 0.642857 0.250000
vt 0.642857 0.333333
vt 0.642857 0.416667
vt 0.642857 0.500000
vt 0.642857 0.583333
vt 0.642857 0.666667
vt 0.642857 0.750000
vt 0.642857 0.833333
vt 0.785714 1.000000
vt 0.785714 0.916667
vt 0.785714 0.083333
vt 0.785714 0.000000
vt 0.785714 0.166667
vt 0.785714 0.250000
vt 0.785714 0.333333
vt 0.785714 0.416667
vt 0.785714 0.500000
vt 0.785714 0.583333
vt 0.785714 0.666667
vt 0.785714 0.750000
vt 0.785714 0.833333
vt 0.928571 1.000000
vt 0.928571 0.916667
vt 0.928571 0.083333
vt 0.928571 0.000000
vt 0.928571 0.166667
vt 0.928571 0.250000
vt 0.928571 0.333333
vt 0.928571 0.416667
vt 0.928571 0.500000
vt 0.928571 0.583333
vt 0.928571 0.666667
vt 0.928571 0.750000
vt 0.928571 0.833333
vt 0.166667 1.000000
vt 0.166667 0.916667
vt 0.166667 0.083333
vt 0.166667 0.000000
vt 0.166667 0.166667
vt 0.166667 0.250000
vt 0.166667 0.333333
vt 0.166667 0.416667
vt 0.166667 0.500000
vt 0.166667 0.583333
vt 0.166667 0.666667
vt 0.166667 0.750000
vt 0.166667 0.833333
vt 0.833333 1.000000
vt 0.833333 0.916667
vt 0.833333 0.083333
vt 0.833333 0.000000
vt 0.833333 0.166667
vt 0.833333 0.250000
vt 0.833333 0.333333
vt 0.833333 0.416667
vt 0.833333 0.500000
vt 0.833333 0.583333
vt 0.833333 0.666667
vt 0.833333 0.750000
vt 0.833333 0.833333
s 0
usemtl Material
f 1443/1407/1409 1455/1408/1409 1466/1409/1409 1454/1410/1409
f 1444/1411/1410 1456/1412/1410 1455/1413/1410 1443/1414/1410
f 1445/1415/1411 1457/1416/1411 1456/1412/1411 1444/1411/1411
f 1446/1417/1412 1458/1418/1412 1457/1416/1412 1445/1415/1412
f 1447/1419/1413 1459/1420/1413 1458/1418/1413 1446/1417/1413
f 1448/1421/1414 1460/1422/1414 1459/1420/1414 1447/1419/1414
f 1449/1423/1415 1461/1424/1415 1460/1422/1415 1448/1421/1415
f 1450/1425/1416 1462/1426/1416 1461/1424/1416 1449/1423/1416
f 1451/1427/1417 1463/1428/1417 1462/1426/1417 1450/1425/1417
f 1452/1429/1418 1464/1430/1418 1463/1428/1418 1451/1427/1418
f 1453/1431/1419 1465/1432/1419 1464/1430/1419 1452/1429/1419
f 1454/1410/1420 1466/1409/1420 1465/1432/1420 1453/1431/1420
f 1455/1408/1421 1467/1433/1421 1478/1434/1421 1466/1409/1421
f 1456/1412/1422 1468/1435/1422 1467/1436/1422 1455/1413/1422
f 1457/1416/1423 1469/1437/1423 1468/1435/1423 1456/1412/1423
f 1458/1418/1424 1470/1438/1424 1469/1437/1424 1457/1416/1424
f 1459/1420/1425 1471/1439/1425 1470/1438/1425 1458/1418/1425
f 1460/1422/1426 1472/1440/1426 1471/1439/1426 1459/1420/1426
f 1461/1424/1427 1473/1441/1427 1472/1440/1427 1460/1422/1427
f 1462/1426/1428 1474/1442/1428 1473/1441/1428 1461/1424/1428
f 1463/1428/1429 1475/1443/1429 1474/1442/1429 1462/1426/1429
f 1464/1430/1430 1476/1444/1430 1475/1443/1430 1463/1428/1430
f 1465/1432/1431 1477/1445/1431 1476/1444/1431 1464/1430/1431
f 1466/1409/1432 1478/1434/1432 1477/1445/1432 1465/1432/1432
f 1467/1433/1433 1479/1446/1433 1490/1447/1433 1478/1434/1433
f 1468/1435/1434 1480/1448/1434 1479/1449/1434 1467/1436/1434
f 1469/1437/1435 1481/1450/1435 1480/1448/1435 1468/1435/1435
f 1470/1438/1436 1482/1451/1436 1481/1450/1436 1469/1437/1436
f 1471/1439/1437 1483/1452/1437 1482/1451/1437 1470/1438/1437
f 1472/1440/1438 1484/1453/1438 1483/1452/1438 1471/1439/1438
f 1473/1441/1439 1485/1454/1439 1484/1453/1439 1472/1440/1439
f 1474/1442/1440 1486/1455/1440 1485/1454/1440 1473/1441/1440
f 1475/1443/1441 1487/1456/1441 1486/1455/1441 1474/1442/1441
f 1476/1444/1442 1488/1457/1442 1487/1456/1442 1475/1443/1442
f 1477/1445/1443 1489/1458/1443 1488/1457/1443 1476/1444/1443
f 1478/1434/1444 1490/1447/1444 1489/1458/1444 1477/1445/1444
f 1479/1446/1445 1491/1459/1445 1502/1460/1445 1490/1447/1445
f 1480/1448/1446 1492/1461/1446 1491/1462/1446 1479/1449/1446
f 1481/1450/1447 1493/1463/1447 1492/1461/1447 1480/1448/1447
f 1482/1451/1448 1494/1464/1448 1493/1463/1448 1481/1450/1448
f 1483/1452/1449 1495/1465/1449 1494/1464/1449 1482/1451/1449
f 1484/1453/1450 1496/1466/1450 1495/1465/1450 1483/1452/1450
f 1485/1454/1451 1497/1467/1451 1496/1466/1451 1484/1453/1451
f 1486/1455/1452 1498/1468/1452 1497/1467/1452 1485/1454/1452
f 1487/1456/1453 1499/1469/1453 1498/1468/1453 1486/1455/1453
f 1488/1457/1454 1500/1470/1454 1499/1469/1454 1487/1456/1454
f 1489/1458/1455 1501/1471/1455 1500/1470/1455 1488/1457/1455
f 1490/1447/1456 1502/1460/1456 1501/1471/1456 1489/1458/1456
f 1491/1459/1457 1503/1472/1457 1514/1473/1457 1502/1460/1457
f 1492/1461/1458 1504/1474/1458 1503/1475/1458 1491/1462/1458
f 1493/1463/1459 1505/1476/1459 1504/1474/1459 1492/1461/1459
f 1494/1464/1460 1506/1477/1460 1505/1476/1460 1493/1463/1460
f 1495/1465/1461 1507/1478/1461 1506/1477/1461 1494/1464/1461
f 1496/1466/1462 1508/1479/1462 1507/1478/1462 1495/1465/1462
f 1497/1467/1463 1509/1480/1463 1508/1479/1463 1496/1466/1463
f 1498/1468/1464 1510/1481/1464 1509/1480/1464 1497/1467/1464
f 1499/1469/1465 1511/1482/1465 1510/1481/1465 1498/1468/1465
f 1500/1470/1466 1512/1483/1466 1511/1482/1466 1499/1469/1466
f 1501/1471/1467 1513/1484/1467 1512/1483/1467 1500/1470/1467
f 1502/1460/1468 1514/1473/1468 1513/1484/1468 1501/1471/1468
f 1503/1472/1469 1515/1485/1469 1526/1486/1469 1514/1473/1469
f 1504/1474/1470 1516/1487/1470 1515/1488/1470 1503/1475/1470
f 1505/1476/1471 1517/1489/1471 1516/1487/1471 1504/1474/1471
f 1506/1477/1472 1518/1490/1472 1517/1489/1472 1505/1476/1472
f 1507/1478/1473 1519/1491/1473 1518/1490/1473 1506/1477/1473
f 1508/1479/1474 1520/1492/1474 1519/1491/1474 1507/1478/1474
f 1509/1480/1475 1521/1493/1475 1520/1492/1475 1508/1479/1475
f 1510/1481/1476 1522/1494/1476 1521/1493/1476 1509/1480/1476
f 1511/1482/1477 1523/1495/1477 1522/1494/1477 1510/1481/1477
f 1512/1483/1478 1524/1496/1478 1523/1495/1478 1511/1482/1478
f 1513/1484/1479 1525/1497/1479 1524/1496/1479 1512/1483/1479
f 1514/1473/1480 1526/1486/1480 1525/1497/1480 1513/1484/1480
f 1515/1485/1481 1527/1498/1481 1538/1499/1481 1526/1486/1481
f 1516/1487/1482 1528/1500/1482 1527/1501/1482 1515/1488/1482
f 1517/1489/1483 1529/1502/1483 1528/1500/1483 1516/1487/1483
f 1518/1490/1484 1530/1503/1484 1529/1502/1484 1517/1489/1484
f 1519/1491/1485 1531/1504/1485 1530/1503/1485 1518/1490/1485
f 1520/1492/1486 1532/1505/1486 1531/1504/1486 1519/1491/1486
f 1521/1493/1487 1533/1506/1487 1532/1505/1487 1520/1492/1487
f 1522/1494/1488 1534/1507/1488 1533/1506/1488 1521/1493/1488
f 1523/1495/1489 1535/1508/1489 1534/1507/1489 1522/1494/1489
f 1524/1496/1490 1536/1509/1490 1535/1508/1490 1523/1495/1490
f 1525/1497/1491 1537/1510/1491 1536/1509/1491 1524/1496/1491
f 1526/1486/1492 1538/1499/1492 1537/1510/1492 1525/1497/1492
f 1527/1498/1493 1539/1511/1493 1550/1512/1493 1538/1499/1493
f 1528/1500/1494 1540/1513/1494 1539/1514/1494 1527/1501/1494
f 1529/1502/1495 1541/1515/1495 1540/1513/1495 1528/1500/1495
f 1530/1503/1496 1542/1516/1496 1541/1515/1496 1529/1502/1496
f 1531/1504/1497 1543/1517/1497 1542/1516/1497 1530/1503/1497
f 1532/1505/1498 1544/1518/1498 1543/1517/1498 1531/1504/1498
f 1533/1506/1499 1545/1519/1499 1544/1518/1499 1532/1505/1499
f 1534/1507/1500 1546/1520/1500 1545/1519/1500 1533/1506/1500
f 1535/1508/1501 1547/1521/1501 1546/1520/1501 1534/1507/1501
f 1536/1509/1502 1548/1522/1502 1547/1521/1502 1535/1508/1502
f 1537/1510/1503 1549/1523/1503 1548/1522/1503 1536/1509/1503
f 1538/1499/1504 1550/1512/1504 1549/1523/1504 1537/1510/1504
f 1539/1511/1505 1551/1524/1505 1562/1525/1505 1550/1512/1505
f 1540/1513/1506 1552/1526/1506 1551/1527/1506 1539/1514/1506
f 1541/1515/1507 1553/1528/1507 1552/1526/1507 1540/1513/1507
f 1542/1516/1508 1554/1529/1508 1553/1528/1508 1541/1515/1508
f 1543/1517/1509 1555/1530/1509 1554/1529/1509 1542/1516/1509
f 1544/1518/1510 1556/1531/1510 1555/1530/1510 1543/1517/1510
f 1545/1519/1511 1557/1532/1511 1556/1531/1511 1544/1518/1511
f 1546/1520/1512 1558/1533/1512 1557/1532/1512 1545/1519/1512
f 1547/1521/1513 1559/1534/1513 1558/1533/1513 1546/1520/1513
f 1548/1522/1514 1560/1535/1514 1559/1534/1514 1547/1521/1514
f 1549/1523/1515 1561/1536/1515 1560/1535/1515 1548/1522/1515
f 1550/1512/1516 1562/1525/1516 1561/1536/1516 1549/1523/1516
f 1551/1524/1517 1563/1537/1517 1574/1538/1517 1562/1525/1517
f 1552/1526/1518 1564/1539/1518 1563/1540/1518 1551/1527/1518
f 1553/1528/1519 1565/1541/1519 1564/1539/1519 1552/1526/1519
f 1554/1529/1520 1566/1542/1520 1565/1541/1520 1553/1528/1520
f 1555/1530/1521 1567/1543/1521 1566/1542/1521 1554/1529/1521
f 1556/1531/1522 1568/1544/1522 1567/1543/1522 1555/1530/1522
f 1557/1532/1523 1569/1545/1523 1568/1544/1523 1556/1531/1523
f 1558/1533/1524 1570/1546/1524 1569/1545/1524 1557/1532/1524
f 1559/1534/1525 1571/1547/1525 1570/1546/1525 1558/1533/1525
f 1560/1535/1526 1572/1548/1526 1571/1547/1526 1559/1534/1526
f 1561/1536/1527 1573/1549/1527 1572/1548/1527 1560/1535/1527
f 1562/1525/1528 1574/1538/1528 1573/1549/1528 1561/1536/1528
f 1563/1537/1529 1575/1550/1529 1586/1551/1529 1574/1538/1529
f 1564/1539/1530 1576/1552/1530 1575/1553/1530 1563/1540/1530
f 1565/1541/1531 1577/1554/1531 1576/1552/1531 1564/1539/1531
f 1566/1542/1532 1578/1555/1532 1577/1554/1532 1565/1541/1532
f 1567/1543/1533 1579/1556/1533 1578/1555/1533 1566/1542/1533
f 1568/1544/1534 1580/1557/1534 1579/1556/1534 1567/1543/1534
f 1569/1545/1535 1581/1558/1535 1580/1557/1535 1568/1544/1535
f 1570/1546/1536 1582/1559/1536 1581/1558/1536 1569/1545/1536
f 1571/1547/1537 1583/1560/1537 1582/1559/1537 1570/1546/1537
f 1572/1548/1538 1584/1561/1538 1583/1560/1538 1571/1547/1538
f 1573/1549/1539 1585/1562/1539 1584/1561/1539 1572/1548/1539
f 1574/1538/1540 1586/1551/1540 1585/1562/1540 1573/1549/1540
f 1575/1550/1541 1587/1563/1541 1598/1564/1541 1586/1551/1541
f 1576/1552/1542 1588/1565/1542 1587/1566/1542 1575/1553/1542
f 1577/1554/1543 1589/1567/1543 1588/1565/1543 1576/1552/1543
f 1578/1555/1544 1590/1568/1544 1589/1567/1544 1577/1554/1544
f 1579/1556/1545 1591/1569/1545 1590/1568/1545 1578/1555/1545
f 1580/1557/1546 1592/1570/1546 1591/1569/1546 1579/1556/1546
f 1581/1558/1547 1593/1571/1547 1592/1570/1547 1580/1557/1547
f 1582/1559/1548 1594/1572/1548 1593/1571/1548 1581/1558/1548
f 1583/1560/1549 1595/1573/1549 1594/1572/1549 1582/1559/1549
f 1584/1561/1550 1596/1574/1550 1595/1573/1550 1583/1560/1550
f 1585/1562/1551 1597/1575/1551 1596/1574/1551 1584/1561/1551
f 1586/1551/1552 1598/1564/1552 1597/1575/1552 1585/1562/1552
f 1587/1563/1553 1599/1576/1553 1610/1577/1553 1598/1564/1553
f 1588/1565/1554 1600/1578/1554 1599/1579/1554 1587/1566/1554
f 1589/1567/1555 1601/1580/1555 1600/1578/1555 1588/1565/1555
f 1590/1568/1556 1602/1581/1556 1601/1580/1556 1589/1567/1556
f 1591/1569/1557 1603/1582/1557 1602/1581/1557 1590/1568/1557
f 1592/1570/1558 1604/1583/1558 1603/1582/1558 1591/1569/1558
f 1593/1571/1559 1605/1584/1559 1604/1583/1559 1592/1570/1559
f 1594/1572/1560 1606/1585/1560 1605/1584/1560 1593/1571/1560
f 1595/1573/1561 1607/1586/1561 1606/1585/1561 1594/1572/1561
f 1596/1574/1562 1608/1587/1562 1607/1586/1562 1595/1573/1562
f 1597/1575/1563 1609/1588/1563 1608/1587/1563 1596/1574/1563
f 1598/1564/1564 1610/1577/1564 1609/1588/1564 1597/1575/1564
f 1599/1576/1565 1611/1589/1565 1622/1590/1565 1610/1577/1565
f 1600/1578/1566 1612/1591/1566 1611/1592/1566 1599/1579/1566
f 1601/1580/1567 1613/1593/1567 1612/1591/1567 1600/1578/1567
f 1602/1581/1568 1614/1594/1568 1613/1593/1568 1601/1580/1568
f 1603/1582/1569 1615/1595/1569 1614/1594/1569 1602/1581/1569
f 1604/1583/1570 1616/1596/1570 1615/1595/1570 1603/1582/1570
f 1605/1584/1571 1617/1597/1571 1616/1596/1571 1604/1583/1571
f 1606/1585/1572 1618/1598/1572 1617/1597/1572 1605/1584/1572
f 1607/1586/1573 1619/1599/1573 1618/1598/1573 1606/1585/1573
f 1608/1587/1574 1620/1600/1574 1619/1599/1574 1607/1586/1574
f 1609/1588/1575 1621/1601/1575 1620/1600/1575 1608/1587/1575
f 1610/1577/1576 1622/1590/1576 1621/1601/1576 1609/1588/1576
f 1611/1589/1577 1623/1602/1577 1634/1603/1577 1622/1590/1577
f 1612/1591/1578 1624/1604/1578 1623/1605/1578 1611/1592/1578
f 1613/1593/1579 1625/1606/1579 1624/1604/1579 1612/1591/1579
f 1614/1594/1580 1626/1607/1580 1625/1606/1580 1613/1593/1580
f 1615/1595/1581 1627/1608/1581 1626/1607/1581 1614/1594/1581
f 1616/1596/1582 1628/1609/1582 1627/1608/1582 1615/1595/1582
f 1617/1597/1583 1629/1610/1583 1628/1609/1583 1616/1596/1583
f 1618/1598/1584 1630/1611/1584 1629/1610/1584 1617/1597/1584
f 1619/1599/1585 1631/1612/1585 1630/1611/1585 1618/1598/1585
f 1620/1600/1586 1632/1613/1586 1631/1612/1586 1619/1599/1586
f 1621/1601/1587 1633/1614/1587 1632/1613/1587 1620/1600/1587
f 1622/1590/1588 1634/1603/1588 1633/1614/1588 1621/1601/1588
f 1623/1602/1589 1635/1615/1589 1646/1616/1589 1634/1603/1589
f 1624/1604/1590 1636/1617/1590 1635/1618/1590 1623/1605/1590
f 1625/1606/1591 1637/1619/1591 1636/1617/1591 1624/1604/1591
f 1626/1607/1592 1638/1620/1592 1637/1619/1592 1625/1606/1592
f 1627/1608/1593 1639/1621/1593 1638/1620/1593 1626/1607/1593
f 1628/1609/1594 1640/1622/1594 1639/1621/1594 1627/1608/1594
f 1629/1610/1595 1641/1623/1595 1640/1622/1595 1628/1609/1595
f 1630/1611/1596 1642/1624/1596 1641/1623/1596 1629/1610/1596
f 1631/1612/1597 1643/1625/1597 1642/1624/1597 1630/1611/1597
f 1632/1613/1598 1644/1626/1598 1643/1625/1598 1631/1612/1598
f 1633/1614/1599 1645/1627/1599 1644/1626/1599 1632/1613/1599
f 1634/1603/1600 1646/1616/1600 1645/1627/1600 1633/1614/1600
f 1635/1615/1601 1647/1628/1601 1658/1629/1601 1646/1616/1601
f 1636/1617/1602 1648/1630/1602 1647/1631/1602 1635/1618/1602
f 1637/1619/1603 1649/1632/1603 1648/1630/1603 1636/1617/1603
f 1638/1620/1604 1650/1633/1604 1649/1632/1604 1637/1619/1604
f 1639/1621/1605 1651/1634/1605 1650/1633/1605 1638/1620/1605
f 1640/1622/1606 1652/1635/1606 1651/1634/1606 1639/1621/1606
f 1641/1623/1607 1653/1636/1607 1652/1635/1607 1640/1622/1607
f 1642/1624/1608 1654/1637/1608 1653/1636/1608 1641/1623/1608
f 1643/1625/1609 1655/1638/1609 1654/1637/1609 1642/1624/1609
f 1644/1626/1610 1656/1639/1610 1655/1638/1610 1643/1625/1610
f 1645/1627/1611 1657/1640/1611 1656/1639/1611 1644/1626/1611
f 1646/1616/1612 1658/1629/1612 1657/1640/1612 1645/1627/1612
f 1647/1628/1613 1659/1641/1613 1670/1642/1613 1658/1629/1613
f 1648/1630/1614 1660/1643/1614 1659/1644/1614 1647/1631/1614
f 1649/1632/1615 1661/1645/1615 1660/1643/1615 1648/1630/1615
f 1650/1633/1616 1662/1646/1616 1661/1645/1616 1649/1632/1616
f 1651/1634/1617 1663/1647/1617 1662/1646/1617 1650/1633/1617
f 1652/1635/1618 1664/1648/1618 1663/1647/1618 1651/1634/1618
f 1653/1636/1619 1665/1649/1619 1664/1648/1619 1652/1635/1619
f 1654/1637/1620 1666/1650/1620 1665/1649/1620 1653/1636/1620
f 1655/1638/1621 1667/1651/1621 1666/1650/1621 1654/1637/1621
f 1656/1639/1622 1668/1652/1622 1667/1651/1622 1655/1638/1622
f 1657/1640/1623 1669/1653/1623 1668/1652/1623 1656/1639/1623
f 1658/1629/1624 1670/1642/1624 1669/1653/1624 1657/1640/1624
f 1659/1641/1625 1671/1654/1625 1682/1655/1625 1670/1642/1625
f 1660/1643/1626 1672/1656/1626 1671/1657/1626 1659/1644/1626
f 1661/1645/1627 1673/1658/1627 1672/1656/1627 1660/1643/1627
f 1662/1646/1628 1674/1659/1628 1673/1658/1628 1661/1645/1628
f 1663/1647/1629 1675/1660/1629 1674/1659/1629 1662/1646/1629
f 1664/1648/1630 1676/1661/1630 1675/1660/1630 1663/1647/1630
f 1665/1649/1631 1677/1662/1631 1676/1661/1631 1664/1648/1631
f 1666/1650/1632 1678/1663/1632 1677/1662/1632 1665/1649/1632
f 1667/1651/1633 1679/1664/1633 1678/1663/1633 1666/1650/1633
f 1668/1652/1634 1680/1665/1634 1679/1664/1634 1667/1651/1634
f 1669/1653/1635 1681/1666/1635 1680/1665/1635 1668/1652/1635
f 1670/1642/1636 1682/1655/1636 1681/1666/1636 1669/1653/1636
f 1671/1654/1637 1683/1667/1637 1694/1668/1637 1682/1655/1637
f 1672/1656/1638 1684/1669/1638 1683/1670/1638 1671/1657/1638
f 1673/1658/1639 1685/1671/1639 1684/1669/1639 1672/1656/1639
f 1674/1659/1640 1686/1672/1640 1685/1671/1640 1673/1658/1640
f 1675/1660/1641 1687/1673/1641 1686/1672/1641 1674/1659/1641
f 1676/1661/1642 1688/1674/1642 1687/1673/1642 1675/1660/1642
f 1677/1662/1643 1689/1675/1643 1688/1674/1643 1676/1661/1643
f 1678/1663/1644 1690/1676/1644 1689/1675/1644 1677/1662/1644
f 1679/1664/1645 1691/1677/1645 1690/1676/1645 1678/1663/1645
f 1680/1665/1646 1692/1678/1646 1691/1677/1646 1679/1664/1646
f 1681/1666/1647 1693/1679/1647 1692/1678/1647 1680/1665/1647
f 1682/1655/1648 1694/1668/1648 1693/1679/1648 1681/1666/1648
f 1683/1667/1649 1695/1680/1649 1706/1681/1649 1694/1668/1649
f 1684/1669/1650 1696/1682/1650 1695/1683/1650 1683/1670/1650
f 1685/1671/1651 1697/1684/1651 1696/1682/1651 1684/1669/1651
f 1686/1672/1652 1698/1685/1652 1697/1684/1652 1685/1671/1652
f 1687/1673/1653 1699/1686/1653 1698/1685/1653 1686/1672/1653
f 1688/1674/1654 1700/1687/1654 1699/1686/1654 1687/1673/1654
f 1689/1675/1655 1701/1688/1655 1700/1687/1655 1688/1674/1655
f 1690/1676/1656 1702/1689/1656 1701/1688/1656 1689/1675/1656
f 1691/1677/1657 1703/1690/1657 1702/1689/1657 1690/1676/1657
f 1692/1678/1658 1704/1691/1658 1703/1690/1658 1691/1677/1658
f 1693/1679/1659 1705/1692/1659 1704/1691/1659 1692/1678/1659
f 1694/1668/1660 1706/1681/1660 1705/1692/1660 1693/1679/1660
f 1695/1680/1661 1707/1693/1661 1718/1694/1661 1706/1681/1661
f 1696/1682/1662 1708/1695/1662 1707/1696/1662 1695/1683/1662
f 1697/1684/1663 1709/1697/1663 1708/1695/1663 1696/1682/1663
f 1698/1685/1664 1710/1698/1664 1709/1697/1664 1697/1684/1664
f 1699/1686/1665 1711/1699/1665 1710/1698/1665 1698/1685/1665
f 1700/1687/1666 1712/1700/1666 1711/1699/1666 1699/1686/1666
f 1701/1688/1667 1713/1701/1667 1712/1700/1667 1700/1687/1667
f 1702/1689/1668 1714/1702/1668 1713/1701/1668 1701/1688/1668
f 1703/1690/1669 1715/1703/1669 1714/1702/1669 1702/1689/1669
f 1704/1691/1670 1716/1704/1670 1715/1703/1670 1703/1690/1670
f 1705/1692/1671 1717/1705/1671 1716/1704/1671 1704/1691/1671
f 1706/1681/1672 1718/1694/1672 1717/1705/1672 1705/1692/1672
f 1707/1693/1673 1719/1706/1673 1730/1707/1673 1718/1694/1673
f 1708/1695/1674 1720/1708/1674 1719/1709/1674 1707/1696/1674
f 1709/1697/1675 1721/1710/1675 1720/1708/1675 1708/1695/1675
f 1710/1698/1676 1722/1711/1676 1721/1710/1676 1709/1697/1676
f 1711/1699/1677 1723/1712/1677 1722/1711/1677 1710/1698/1677
f 1712/1700/1678 1724/1713/1678 1723/1712/1678 1711/1699/1678
f 1713/1701/1679 1725/1714/1679 1724/1713/1679 1712/1700/1679
f 1714/1702/1680 1726/1715/1680 1725/1714/1680 1713/1701/1680
f 1715/1703/1681 1727/1716/1681 1726/1715/1681 1714/1702/1681
f 1716/1704/1682 1728/1717/1682 1727/1716/1682 1715/1703/1682
f 1717/1705/1683 1729/1718/1683 1728/1717/1683 1716/1704/1683
f 1718/1694/1684 1730/1707/1684 1729/1718/1684 1717/1705/1684
f 1719/1706/1685 1731/1719/1685 1742/1720/1685 1730/1707/1685
f 1720/1708/1686 1732/1721/1686 1731/1722/1686 1719/1709/1686
f 1721/1710/1687 1733/1723/1687 1732/1721/1687 1720/1708/1687
f 1722/1711/1688 1734/1724/1688 1733/1723/1688 1721/1710/1688
f 1723/1712/1689 1735/1725/1689 1734/1724/1689 1722/1711/1689
f 1724/1713/1690 1736/1726/1690 1735/1725/1690 1723/1712/1690
f 1725/1714/1691 1737/1727/1691 1736/1726/1691 1724/1713/1691
f 1726/1715/1692 1738/1728/1692 1737/1727/1692 1725/1714/1692
f 1727/1716/1693 1739/1729/1693 1738/1728/1693 1726/1715/1693
f 1728/1717/1694 1740/1730/1694 1739/1729/1694 1727/1716/1694
f 1729/1718/1695 1741/1731/1695 1740/1730/1695 1728/1717/1695
f 1730/1707/1696 1742/1720/1696 1741/1731/1696 1729/1718/1696
f 1731/1719/1697 1743/1732/1697 1754/1733/1697 1742/1720/1697
f 1732/1721/1698 1744/1734/1698 1743/1735/1698 1731/1722/1698
f 1733/1723/1699 1745/1736/1699 1744/1734/1699 1732/1721/1699
f 1734/1724/1700 1746/1737/1700 1745/1736/1700 1733/1723/1700
f 1735/1725/1701 1747/1738/1701 1746/1737/1701 1734/1724/1701
f 1736/1726/1702 1748/1739/1702 1747/1738/1702 1735/1725/1702
f 1737/1727/1703 1749/1740/1703 1748/1739/1703 1736/1726/1703
f 1738/1728/1704 1750/1741/1704 1749/1740/1704 1737/1727/1704
f 1739/1729/1705 1751/1742/1705 1750/1741/1705 1738/1728/1705
f 1740/1730/1706 1752/1743/1706 1751/1742/1706 1739/1729/1706
f 1741/1731/1707 1753/1744/1707 1752/1743/1707 1740/1730/1707
f 1742/1720/1708 1754/1733/1708 1753/1744/1708 1741/1731/1708
f 1743/1732/1709 1755/1745/1709 1766/1746/1709 1754/1733/1709
f 1744/1734/1710 1756/1747/1710 1755/1748/1710 1743/1735/1710
f 1745/1736/1711 1757/1749/1711 1756/1747/1711 1744/1734/1711
f 1746/1737/1712 1758/1750/1712 1757/1749/1712 1745/1736/1712
f 1747/1738/1713 1759/1751/1713 1758/1750/1713 1746/1737/1713
f 1748/1739/1714 1760/1752/1714 1759/1751/1714 1747/1738/1714
f 1749/1740/1715 1761/1753/1715 1760/1752/1715 1748/1739/1715
f 1750/1741/1716 1762/1754/1716 1761/1753/1716 1749/1740/1716
f 1751/1742/1717 1763/1755/1717 1762/1754/1717 1750/1741/1717
f 1752/1743/1718 1764/1756/1718 1763/1755/1718 1751/1742/1718
f 1753/1744/1719 1765/1757/1719 1764/1756/1719 1752/1743/1719
f 1754/1733/1720 1766/1746/1720 1765/1757/1720 1753/1744/1720
f 1755/1745/1721 1767/1758/1721 1778/1759/1721 1766/1746/1721
f 1756/1747/1722 1768/1760/1722 1767/1761/1722 1755/1748/1722
f 1757/1749/1723 1769/1762/1723 1768/1760/1723 1756/1747/1723
f 1758/1750/1724 1770/1763/1724 1769/1762/1724 1757/1749/1724
f 1759/1751/1725 1771/1764/1725 1770/1763/1725 1758/1750/1725
f 1760/1752/1726 1772/1765/1726 1771/1764/1726 1759/1751/1726
f 1761/1753/1727 1773/1766/1727 1772/1765/1727 1760/1752/1727
f 1762/1754/1728 1774/1767/1728 1773/1766/1728 1761/1753/1728
f 1763/1755/1729 1775/1768/1729 1774/1767/1729 1762/1754/1729
f 1764/1756/1730 1776/1769/1730 1775/1768/1730 1763/1755/1730
f 1765/1757/1731 1777/1770/1731 1776/1769/1731 1764/1756/1731
f 1766/1746/1732 1778/1759/1732 1777/1770/1732 1765/1757/1732
f 1767/1758/1733 1779/1771/1733 1790/1772/1733 1778/1759/1733
f 1768/1760/1734 1780/1773/1734 1779/1774/1734 1767/1761/1734
f 1769/1762/1735 1781/1775/1735 1780/1773/1735 1768/1760/1735
f 1770/1763/1736 1782/1776/1736 1781/1775/1736 1769/1762/1736
f 1771/1764/1737 1783/1777/1737 1782/1776/1737 1770/1763/1737
f 1772/1765/1738 1784/1778/1738 1783/1777/1738 1771/1764/1738
f 1773/1766/1739 1785/1779/1739 1784/1778/1739 1772/1765/1739
f 1774/1767/1740 1786/1780/1740 1785/1779/1740 1773/1766/1740
f 1775/1768/1741 1787/1781/1741 1786/1780/1741 1774/1767/1741
f 1776/1769/1742 1788/1782/1742 1787/1781/1742 1775/1768/1742
f 1777/1770/1743 1789/1783/1743 1788/1782/1743 1776/1769/1743
f 1778/1759/1744 1790/1772/1744 1789/1783/1744 1777/1770/1744
f 1779/1771/1745 1791/1784/1745 1802/1785/1745 1790/1772/1745
f 1780/1773/1746 1792/1786/1746 1791/1787/1746 1779/1774/1746
f 1781/1775/1747 1793/1788/1747 1792/1786/1747 1780/1773/1747
f 1782/1776/1748 1794/1789/1748 1793/1788/1748 1781/1775/1748
f 1783/1777/1749 1795/1790/1749 1794/1789/1749 1782/1776/1749
f 1784/1778/1750 1796/1791/1750 1795/1790/1750 1783/1777/1750
f 1785/1779/1751 1797/1792/1751 1796/1791/1751 1784/1778/1751
f 1786/1780/1752 1798/1793/1752 1797/1792/1752 1785/1779/1752
f 1787/1781/1753 1799/1794/1753 1798/1793/1753 1786/1780/1753
f 1788/1782/1754 1800/1795/1754 1799/1794/1754 1787/1781/1754
f 1789/1783/1755 1801/1796/1755 1800/1795/1755 1788/1782/1755
f 1790/1772/1756 1802/1785/1756 1801/1796/1756 1789/1783/1756
f 1791/1784/1757 1803/1797/1757 1814/1798/1757 1802/1785/1757
f 1792/1786/1758 1804/1799/1758 1803/1800/1758 1791/1787/1758
f 1793/1788/1759 1805/1801/1759 1804/1799/1759 1792/1786/1759
f 1794/1789/1760 1806/1802/1760 1805/1801/1760 1793/1788/1760
f 1795/1790/1761 1807/1803/1761 1806/1802/1761 1794/1789/1761
f 1796/1791/1762 1808/1804/1762 1807/1803/1762 1795/1790/1762
f 1797/1792/1763 1809/1805/1763 1808/1804/1763 1796/1791/1763
f 1798/1793/1764 1810/1806/1764 1809/1805/1764 1797/1792/1764
f 1799/1794/1765 1811/1807/1765 1810/1806/1765 1798/1793/1765
f 1800/1795/1766 1812/1808/1766 1811/1807/1766 1799/1794/1766
f 1801/1796/1767 1813/1809/1767 1812/1808/1767 1800/1795/1767
f 1802/1785/1768 1814/1798/1768 1813/1809/1768 1801/1796/1768
f 1803/1797/1769 1815/1810/1769 1826/1811/1769 1814/1798/1769
f 1804/1799/1770 1816/1812/1770 1815/1813/1770 1803/1800/1770
f 1805/1801/1771 1817/1814/1771 1816/1812/1771 1804/1799/1771
f 1806/1802/1772 1818/1815/1772 1817/1814/1772 1805/1801/1772
f 1807/1803/1773 1819/1816/1773 1818/1815/1773 1806/1802/1773
f 1808/1804/1774 1820/1817/1774 1819/1816/1774 1807/1803/1774
f 1809/1805/1775 1821/1818/1775 1820/1817/1775 1808/1804/1775
f 1810/1806/1776 1822/1819/1776 1821/1818/1776 1809/1805/1776
f 1811/1807/1777 1823/1820/1777 1822/1819/1777 1810/1806/1777
f 1812/1808/1778 1824/1821/1778 1823/1820/1778 1811/1807/1778
f 1813/1809/1779 1825/1822/1779 1824/1821/1779 1812/1808/1779
f 1814/1798/1780 1826/1811/1780 1825/1822/1780 1813/1809/1780
f 1815/1810/1781 1827/1823/1781 1838/1824/1781 1826/1811/1781
f 1816/1812/1782 1828/1825/1782 1827/1826/1782 1815/1813/1782
f 1817/1814/1783 1829/1827/1783 1828/1825/1783 1816/1812/1783
f 1818/1815/1784 1830/1828/1784 1829/1827/1784 1817/1814/1784
f 1819/1816/1785 1831/1829/1785 1830/1828/1785 1818/1815/1785
f 1820/1817/1786 1832/1830/1786 1831/1829/1786 1819/1816/1786
f 1821/1818/1787 1833/1831/1787 1832/1830/1787 1820/1817/1787
f 1822/1819/1788 1834/1832/1788 1833/1831/1788 1821/1818/1788
f 1823/1820/1789 1835/1833/1789 1834/1832/1789 1822/1819/1789
f 1824/1821/1790 1836/1834/1790 1835/1833/1790 1823/1820/1790
f 1825/1822/1791 1837/1835/1791 1836/1834/1791 1824/1821/1791
f 1826/1811/1792 1838/1824/1792 1837/1835/1792 1825/1822/1792
f 1827/1823/1793 1839/1836/1793 1850/1837/1793 1838/1824/1793
f 1828/1825/1794 1840/1838/1794 1839/1839/1794 1827/1826/1794
f 1829/1827/1795 1841/1840/1795 1840/1838/1795 1828/1825/1795
f 1830/1828/1796 1842/1841/1796 1841/1840/1796 1829/1827/1796
f 1831/1829/1797 1843/1842/1797 1842/1841/1797 1830/1828/1797
f 1832/1830/1798 1844/1843/1798 1843/1842/1798 1831/1829/1798
f 1833/1831/1799 1845/1844/1799 1844/1843/1799 1832/1830/1799
f 1834/1832/1800 1846/1845/1800 1845/1844/1800 1833/1831/1800
f 1835/1833/1801 1847/1846/1801 1846/1845/1801 1834/1832/1801
f 1836/1834/1802 1848/1847/1802 1847/1846/1802 1835/1833/1802
f 1837/1835/1803 1849/1848/1803 1848/1847/1803 1836/1834/1803
f 1838/1824/1804 1850/1837/1804 1849/1848/1804 1837/1835/1804
f 1839/1836/1805 1851/1849/1805 1862/1850/1805 1850/1837/1805
f 1840/1838/1806 1852/1851/1806 1851/1852/1806 1839/1839/1806
f 1841/1840/1807 1853/1853/1807 1852/1851/1807 1840/1838/1807
f 1842/1841/1808 1854/1854/1808 1853/1853/1808 1841/1840/1808
f 1843/1842/1809 1855/1855/1809 1854/1854/1809 1842/1841/1809
f 1844/1843/1810 1856/1856/1810 1855/1855/1810 1843/1842/1810
f 1845/1844/1811 1857/1857/1811 1856/1856/1811 1844/1843/1811
f 1846/1845/1812 1858/1858/1812 1857/1857/1812 1845/1844/1812
f 1847/1846/1813 1859/1859/1813 1858/1858/1813 1846/1845/1813
f 1848/1847/1814 1860/1860/1814 1859/1859/1814 1847/1846/1814
f 1849/1848/1815 1861/1861/1815 1860/1860/1815 1848/1847/1815
f 1850/1837/1816 1862/1850/1816 1861/1861/1816 1849/1848/1816
f 1851/1849/1817 1863/1862/1817 1874/1863/1817 1862/1850/1817
f 1852/1851/1818 1864/1864/1818 1863/1865/1818 1851/1852/1818
f 1853/1853/1819 1865/1866/1819 1864/1864/1819 1852/1851/1819
f 1854/1854/1820 1866/1867/1820 1865/1866/1820 1853/1853/1820
f 1855/1855/1821 1867/1868/1821 1866/1867/1821 1854/1854/1821
f 1856/1856/1822 1868/1869/1822 1867/1868/1822 1855/1855/1822
f 1857/1857/1823 1869/1870/1823 1868/1869/1823 1856/1856/1823
f 1858/1858/1824 1870/1871/1824 1869/1870/1824 1857/1857/1824
f 1859/1859/1825 1871/1872/1825 1870/1871/1825 1858/1858/1825
f 1860/1860/1826 1872/1873/1826 1871/1872/1826 1859/1859/1826
f 1861/1861/1827 1873/1874/1827 1872/1873/1827 1860/1860/1827
f 1862/1850/1828 1874/1863/1828 1873/1874/1828 1861/1861/1828
f 1863/1862/1829 1875/1875/1829 1886/1876/1829 1874/1863/1829
f 1864/1864/1830 1876/1877/1830 1875/1878/1830 1863/1865/1830
f 1865/1866/1831 1877/1879/1831 1876/1877/1831 1864/1864/1831
f 1866/1867/1832 1878/1880/1832 1877/1879/1832 1865/1866/1832
f 1867/1868/1833 1879/1881/1833 1878/1880/1833 1866/1867/1833
f 1868/1869/1834 1880/1882/1834 1879/1881/1834 1867/1868/1834
f 1869/1870/1835 1881/1883/1835 1880/1882/1835 1868/1869/1835
f 1870/1871/1836 1882/1884/1836 1881/1883/1836 1869/1870/1836
f 1871/1872/1837 1883/1885/1837 1882/1884/1837 1870/1871/1837
f 1872/1873/1838 1884/1886/1838 1883/1885/1838 1871/1872/1838
f 1873/1874/1839 1885/1887/1839 1884/1886/1839 1872/1873/1839
f 1874/1863/1840 1886/1876/1840 1885/1887/1840 1873/1874/1840
f 1875/1875/1841 1887/1888/1841 1898/1889/1841 1886/1876/1841
f 1876/1877/1842 1888/1890/1842 1887/1891/1842 1875/1878/1842
f 1877/1879/1843 1889/1892/1843 1888/1890/1843 1876/1877/1843
f 1878/1880/1844 1890/1893/1844 1889/1892/1844 1877/1879/1844
f 1879/1881/1845 1891/1894/1845 1890/1893/1845 1878/1880/1845
f 1880/1882/1846 1892/1895/1846 1891/1894/1846 1879/1881/1846
f 1881/1883/1847 1893/1896/1847 1892/1895/1847 1880/1882/1847
f 1882/1884/1848 1894/1897/1848 1893/1896/1848 1881/1883/1848
f 1883/1885/1849 1895/1898/1849 1894/1897/1849 1882/1884/1849
f 1884/1886/1850 1896/1899/1850 1895/1898/1850 1883/1885/1850
f 1885/1887/1851 1897/1900/1851 1896/1899/1851 1884/1886/1851
f 1886/1876/1852 1898/1889/1852 1897/1900/1852 1885/1887/1852
f 1887/1888/1853 1899/1901/1853 1910/1902/1853 1898/1889/1853
f 1888/1890/1854 1900/1903/1854 1899/1904/1854 1887/1891/1854
f 1889/1892/1855 1901/1905/1855 1900/1903/1855 1888/1890/1855
f 1890/1893/1856 1902/1906/1856 1901/1905/1856 1889/1892/1856
f 1891/1894/1857 1903/1907/1857 1902/1906/1857 1890/1893/1857
f 1892/1895/1858 1904/1908/1858 1903/1907/1858 1891/1894/1858
f 1893/1896/1859 1905/1909/1859 1904/1908/1859 1892/1895/1859
f 1894/1897/1860 1906/1910/1860 1905/1909/1860 1893/1896/1860
f 1895/1898/1861 1907/1911/1861 1906/1910/1861 1894/1897/1861
f 1896/1899/1862 1908/1912/1862 1907/1911/1862 1895/1898/1862
f 1897/1900/1863 1909/1913/1863 1908/1912/1863 1896/1899/1863
f 1898/1889/1864 1910/1902/1864 1909/1913/1864 1897/1900/1864
f 1899/1901/1865 1911/1914/1865 1922/1915/1865 1910/1902/1865
f 1900/1903/1866 1912/1916/1866 1911/1917/1866 1899/1904/1866
f 1901/1905/1867 1913/1918/1867 1912/1916/1867 1900/1903/1867
f 1902/1906/1868 1914/1919/1868 1913/1918/1868 1901/1905/1868
f 1903/1907/1869 1915/1920/1869 1914/1919/1869 1902/1906/1869
f 1904/1908/1870 1916/1921/1870 1915/1920/1870 1903/1907/1870
f 1905/1909/1871 1917/1922/1871 1916/1921/1871 1904/1908/1871
f 1906/1910/1872 1918/1923/1872 1917/1922/1872 1905/1909/1872
f 1907/1911/1873 1919/1924/1873 1918/1923/1873 1906/1910/1873
f 1908/1912/1874 1920/1925/1874 1919/1924/1874 1907/1911/1874
f 1909/1913/1875 1921/1926/1875 1920/1925/1875 1908/1912/1875
f 1910/1902/1876 1922/1915/1876 1921/1926/1876 1909/1913/1876
f 1911/1914/1877 1923/1927/1877 1934/1928/1877 1922/1915/1877
f 1912/1916/1878 1924/1929/1878 1923/1930/1878 1911/1917/1878
f 1913/1918/1879 1925/1931/1879 1924/1929/1879 1912/1916/1879
f 1914/1919/1880 1926/1932/1880 1925/1931/1880 1913/1918/1880
f 1915/1920/1881 1927/1933/1881 1926/1932/1881 1914/1919/1881
f 1916/1921/1882 1928/1934/1882 1927/1933/1882 1915/1920/1882
f 1917/1922/1883 1929/1935/1883 1928/1934/1883 1916/1921/1883
f 1918/1923/1884 1930/1936/1884 1929/1935/1884 1917/1922/1884
f 1919/1924/1885 1931/1937/1885 1930/1936/1885 1918/1923/1885
f 1920/1925/1886 1932/1938/1886 1931/1937/1886 1919/1924/1886
f 1921/1926/1887 1933/1939/1887 1932/1938/1887 1920/1925/1887
f 1922/1915/1888 1934/1928/1888 1933/1939/1888 1921/1926/1888
f 1923/1927/1889 1935/1940/1889 1946/1941/1889 1934/1928/1889
f 1924/1929/1890 1936/1942/1890 1935/1943/1890 1923/1930/1890
f 1925/1931/1891 1937/1944/1891 1936/1942/1891 1924/1929/1891
f 1926/1932/1892 1938/1945/1892 1937/1944/1892 1925/1931/1892
f 1927/1933/1893 1939/1946/1893 1938/1945/1893 1926/1932/1893
f 1928/1934/1894 1940/1947/1894 1939/1946/1894 1927/1933/1894
f 1929/1935/1895 1941/1948/1895 1940/1947/1895 1928/1934/1895
f 1930/1936/1896 1942/1949/1896 1941/1948/1896 1929/1935/1896
f 1931/1937/1897 1943/1950/1897 1942/1949/1897 1930/1936/1897
f 1932/1938/1898 1944/1951/1898 1943/1950/1898 1931/1937/1898
f 1933/1939/1899 1945/1952/1899 1944/1951/1899 1932/1938/1899
f 1934/1928/1900 1946/1941/1900 1945/1952/1900 1933/1939/1900
f 1947/1407/1901 1959/1953/1901 1970/1954/1901 1958/1410/1901
f 1948/1411/1902 1960/1955/1902 1959/1956/1902 1947/1414/1902
f 1949/1415/1903 1961/1957/1903 1960/1955/1903 1948/1411/1903
f 1950/1417/1904 1962/1958/1904 1961/1957/1904 1949/1415/1904
f 1951/1419/1905 1963/1959/1905 1962/1958/1905 1950/1417/1905
f 1952/1421/1906 1964/1960/1906 1963/1959/1906 1951/1419/1906
f 1953/1423/1907 1965/1961/1907 1964/1960/1907 1952/1421/1907
f 1954/1425/1908 1966/1962/1908 1965/1961/1908 1953/1423/1908
f 1955/1427/1909 1967/1963/1909 1966/1962/1909 1954/1425/1909
f 1956/1429/1910 1968/1964/1910 1967/1963/1910 1955/1427/1910
f 1957/1431/1911 1969/1965/1911 1968/1964/1911 1956/1429/1911
f 1958/1410/1912 1970/1954/1912 1969/1965/1912 1957/1431/1912
f 1959/1953/1913 1971/1966/1913 1982/1967/1913 1970/1954/1913
f 1960/1955/1914 1972/1968/1914 1971/1969/1914 1959/1956/1914
f 1961/1957/1915 1973/1970/1915 1972/1968/1915 1960/1955/1915
f 1962/1958/1916 1974/1971/1916 1973/1970/1916 1961/1957/1916
f 1963/1959/1917 1975/1972/1917 1974/1971/1917 1962/1958/1917
f 1964/1960/1918 1976/1973/1918 1975/1972/1918 1963/1959/1918
f 1965/1961/1919 1977/1974/1919 1976/1973/1919 1964/1960/1919
f 1966/1962/1920 1978/1975/1920 1977/1974/1920 1965/1961/1920
f 1967/1963/1921 1979/1976/1921 1978/1975/1921 1966/1962/1921
f 1968/1964/1922 1980/1977/1922 1979/1976/1922 1967/1963/1922
f 1969/1965/1923 1981/1978/1923 1980/1977/1923 1968/1964/1923
f 1970/1954/1924 1982/1967/1924 1981/1978/1924 1969/1965/1924
f 1971/1966/1925 1983/1979/1925 1994/1980/1925 1982/1967/1925
f 1972/1968/1926 1984/1981/1926 1983/1982/1926 1971/1969/1926
f 1973/1970/1927 1985/1983/1927 1984/1981/1927 1972/1968/1927
f 1974/1971/1928 1986/1984/1928 1985/1983/1928 1973/1970/1928
f 1975/1972/1929 1987/1985/1929 1986/1984/1929 1974/1971/1929
f 1976/1973/1930 1988/1986/1930 1987/1985/1930 1975/1972/1930
f 1977/1974/1931 1989/1987/1931 1988/1986/1931 1976/1973/1931
f 1978/1975/1932 1990/1988/1932 1989/1987/1932 1977/1974/1932
f 1979/1976/1933 1991/1989/1933 1990/1988/1933 1978/1975/1933
f 1980/1977/1934 1992/1990/1934 1991/1989/1934 1979/1976/1934
f 1981/1978/1935 1993/1991/1935 1992/1990/1935 1980/1977/1935
f 1982/1967/1936 1994/1980/1936 1993/1991/1936 1981/1978/1936
f 1983/1979/1937 1995/1992/1937 2006/1993/1937 1994/1980/1937
f 1984/1981/1938 1996/1994/1938 1995/1995/1938 1983/1982/1938
f 1985/1983/1939 1997/1996/1939 1996/1994/1939 1984/1981/1939
f 1986/1984/1940 1998/1997/1940 1997/1996/1940 1985/1983/1940
f 1987/1985/1941 1999/1998/1941 1998/1997/1941 1986/1984/1941
f 1988/1986/1942 2000/1999/1942 1999/1998/1942 1987/1985/1942
f 1989/1987/1943 2001/2000/1943 2000/1999/1943 1988/1986/1943
f 1990/1988/1944 2002/2001/1944 2001/2000/1944 1989/1987/1944
f 1991/1989/1945 2003/2002/1945 2002/2001/1945 1990/1988/1945
f 1992/1990/1946 2004/2003/1946 2003/2002/1946 1991/1989/1946
f 1993/1991/1947 2005/2004/1947 2004/2003/1947 1992/1990/1947
f 1994/1980/1948 2006/1993/1948 2005/2004/1948 1993/1991/1948
f 1995/1992/1949 2007/2005/1949 2018/2006/1949 2006/1993/1949
f 1996/1994/1950 2008/2007/1950 2007/2008/1950 1995/1995/1950
f 1997/1996/1951 2009/2009/1951 2008/2007/1951 1996/1994/1951
f 1998/1997/1952 2010/2010/1952 2009/2009/1952 1997/1996/1952
f 1999/1998/1953 2011/2011/1953 2010/2010/1953 1998/1997/1953
f 2000/1999/1954 2012/2012/1954 2011/2011/1954 1999/1998/1954
f 2001/2000/1955 2013/2013/1955 2012/2012/1955 2000/1999/1955
f 2002/2001/1956 2014/2014/1956 2013/2013/1956 2001/2000/1956
f 2003/2002/1957 2015/2015/1957 2014/2014/1957 2002/2001/1957
f 2004/2003/1958 2016/2016/1958 2015/2015/1958 2003/2002/1958
f 2005/2004/1959 2017/2017/1959 2016/2016/1959 2004/2003/1959
f 2006/1993/1960 2018/2006/1960 2017/2017/1960 2005/2004/1960
f 2007/2005/1961 2019/2018/1961 2030/2019/1961 2018/2006/1961
f 2008/2007/1962 2020/2020/1962 2019/2021/1962 2007/2008/1962
f 2009/2009/1963 2021/2022/1963 2020/2020/1963 2008/2007/1963
f 2010/2010/1964 2022/2023/1964 2021/2022/1964 2009/2009/1964
f 2011/2011/1965 2023/2024/1965 2022/2023/1965 2010/2010/1965
f 2012/2012/1966 2024/2025/1966 2023/2024/1966 2011/2011/1966
f 2013/2013/1967 2025/2026/1967 2024/2025/1967 2012/2012/1967
f 2014/2014/1968 2026/2027/1968 2025/2026/1968 2013/2013/1968
f 2015/2015/1969 2027/2028/1969 2026/2027/1969 2014/2014/1969
f 2016/2016/1970 2028/2029/1970 2027/2028/1970 2015/2015/1970
f 2017/2017/1971 2029/2030/1971 2028/2029/1971 2016/2016/1971
f 2018/2006/1972 2030/2019/1972 2029/2030/1972 2017/2017/1972
f 2019/2018/1973 2031/2031/1973 2042/2032/1973 2030/2019/1973
f 2020/2020/1974 2032/2033/1974 2031/2034/1974 2019/2021/1974
f 2021/2022/1975 2033/2035/1975 2032/2033/1975 2020/2020/1975
f 2022/2023/1976 2034/2036/1976 2033/2035/1976 2021/2022/1976
f 2023/2024/1977 2035/2037/1977 2034/2036/1977 2022/2023/1977
f 2024/2025/1978 2036/2038/1978 2035/2037/1978 2023/2024/1978
f 2025/2026/1979 2037/2039/1979 2036/2038/1979 2024/2025/1979
f 2026/2027/1980 2038/2040/1980 2037/2039/1980 2025/2026/1980
f 2027/2028/1981 2039/2041/1981 2038/2040/1981 2026/2027/1981
f 2028/2029/1982 2040/2042/1982 2039/2041/1982 2027/2028/1982
f 2029/2030/1983 2041/2043/1983 2040/2042/1983 2028/2029/1983
f 2030/2019/1984 2042/2032/1984 2041/2043/1984 2029/2030/1984
f 2031/2031/1985 2043/2044/1985 2054/2045/1985 2042/2032/1985
f 2032/2033/1986 2044/2046/1986 2043/2047/1986 2031/2034/1986
f 2033/2035/1987 2045/2048/1987 2044/2046/1987 2032/2033/1987
f 2034/2036/1988 2046/2049/1988 2045/2048/1988 2033/2035/1988
f 2035/2037/1989 2047/2050/1989 2046/2049/1989 2034/2036/1989
f 2036/2038/1990 2048/2051/1990 2047/2050/1990 2035/2037/1990
f 2037/2039/1991 2049/2052/1991 2048/2051/1991 2036/2038/1991
f 2038/2040/1992 2050/2053/1992 2049/2052/1992 2037/2039/1992
f 2039/2041/1993 2051/2054/1993 2050/2053/1993 2038/2040/1993
f 2040/2042/1994 2052/2055/1994 2051/2054/1994 2039/2041/1994
f 2041/2043/1995 2053/2056/1995 2052/2055/1995 2040/2042/1995
f 2042/2032/1996 2054/2045/1996 2053/2056/1996 2041/2043/1996
f 2043/2044/1997 2055/2057/1997 2066/2058/1997 2054/2045/1997
f 2044/2046/1998 2056/2059/1998 2055/2060/1998 2043/2047/1998
f 2045/2048/1999 2057/2061/1999 2056/2059/1999 2044/2046/1999
f 2046/2049/2000 2058/2062/2000 2057/2061/2000 2045/2048/2000
f 2047/2050/2001 2059/2063/2001 2058/2062/2001 2046/2049/2001
f 2048/2051/2002 2060/2064/2002 2059/2063/2002 2047/2050/2002
f 2049/2052/2003 2061/2065/2003 2060/2064/2003 2048/2051/2003
f 2050/2053/2004 2062/2066/2004 2061/2065/2004 2049/2052/2004
f 2051/2054/2005 2063/2067/2005 2062/2066/2005 2050/2053/2005
f 2052/2055/2006 2064/2068/2006 2063/2067/2006 2051/2054/2006
f 2053/2056/2007 2065/2069/2007 2064/2068/2007 2052/2055/2007
f 2054/2045/2008 2066/2058/2008 2065/2069/2008 2053/2056/2008
f 2055/2057/2009 2067/2070/2009 2078/2071/2009 2066/2058/2009
f 2056/2059/2010 2068/2072/2010 2067/2073/2010 2055/2060/2010
f 2057/2061/2011 2069/2074/2011 2068/2072/2011 2056/2059/2011
f 2058/2062/2012 2070/2075/2012 2069/2074/2012 2057/2061/2012
f 2059/2063/2013 2071/2076/2013 2070/2075/2013 2058/2062/2013
f 2060/2064/2014 2072/2077/2014 2071/2076/2014 2059/2063/2014
f 2061/2065/2015 2073/2078/2015 2072/2077/2015 2060/2064/2015
f 2062/2066/2016 2074/2079/2016 2073/2078/2016 2061/2065/2016
f 2063/2067/2017 2075/2080/2017 2074/2079/2017 2062/2066/2017
f 2064/2068/2018 2076/2081/2018 2075/2080/2018 2063/2067/2018
f 2065/2069/2019 2077/2082/2019 2076/2081/2019 2064/2068/2019
f 2066/2058/2020 2078/2071/2020 2077/2082/2020 2065/2069/2020
f 2067/2070/2021 2079/2083/2021 2090/2084/2021 2078/2071/2021
f 2068/2072/2022 2080/2085/2022 2079/2086/2022 2067/2073/2022
f 2069/2074/2023 2081/2087/2023 2080/2085/2023 2068/2072/2023
f 2070/2075/2024 2082/2088/2024 2081/2087/2024 2069/2074/2024
f 2071/2076/2025 2083/2089/2025 2082/2088/2025 2070/2075/2025
f 2072/2077/2026 2084/2090/2026 2083/2089/2026 2071/2076/2026
f 2073/2078/2027 2085/2091/2027 2084/2090/2027 2072/2077/2027
f 2074/2079/2028 2086/2092/2028 2085/2091/2028 2073/2078/2028
f 2075/2080/2029 2087/2093/2029 2086/2092/2029 2074/2079/2029
f 2076/2081/2030 2088/2094/2030 2087/2093/2030 2075/2080/2030
f 2077/2082/2031 2089/2095/2031 2088/2094/2031 2076/2081/2031
f 2078/2071/2032 2090/2084/2032 2089/2095/2032 2077/2082/2032
f 2079/2083/2033 2091/2096/2033 2102/2097/2033 2090/2084/2033
f 2080/2085/2034 2092/2098/2034 2091/2099/2034 2079/2086/2034
f 2081/2087/2035 2093/2100/2035 2092/2098/2035 2080/2085/2035
f 2082/2088/2036 2094/2101/2036 2093/2100/2036 2081/2087/2036
f 2083/2089/2037 2095/2102/2037 2094/2101/2037 2082/2088/2037
f 2084/2090/2038 2096/2103/2038 2095/2102/2038 2083/2089/2038
f 2085/2091/2039 2097/2104/2039 2096/2103/2039 2084/2090/2039
f 2086/2092/2040 2098/2105/2040 2097/2104/2040 2085/2091/2040
f 2087/2093/2041 2099/2106/2041 2098/2105/2041 2086/2092/2041
f 2088/2094/2042 2100/2107/2042 2099/2106/2042 2087/2093/2042
f 2089/2095/2043 2101/2108/2043 2100/2107/2043 2088/2094/2043
f 2090/2084/2044 2102/2097/2044 2101/2108/2044 2089/2095/2044
f 2091/2096/2045 2103/2109/2045 2114/2110/2045 2102/2097/2045
f 2092/2098/2046 2104/2111/2046 2103/2112/2046 2091/2099/2046
f 2093/2100/2047 2105/2113/2047 2104/2111/2047 2092/2098/2047
f 2094/2101/2048 2106/2114/2048 2105/2113/2048 2093/2100/2048
f 2095/2102/2049 2107/2115/2049 2106/2114/2049 2094/2101/2049
f 2096/2103/2050 2108/2116/2050 2107/2115/2050 2095/2102/2050
f 2097/2104/2051 2109/2117/2051 2108/2116/2051 2096/2103/2051
f 2098/2105/2052 2110/2118/2052 2109/2117/2052 2097/2104/2052
f 2099/2106/2053 2111/2119/2053 2110/2118/2053 2098/2105/2053
f 2100/2107/2054 2112/2120/2054 2111/2119/2054 2099/2106/2054
f 2101/2108/2055 2113/2121/2055 2112/2120/2055 2100/2107/2055
f 2102/2097/2056 2114/2110/2056 2113/2121/2056 2101/2108/2056
f 2103/2109/2057 2115/2122/2057 2126/2123/2057 2114/2110/2057
f 2104/2111/2058 2116/2124/2058 2115/2125/2058 2103/2112/2058
f 2105/2113/2059 2117/2126/2059 2116/2124/2059 2104/2111/2059
f 2106/2114/2060 2118/2127/2060 2117/2126/2060 2105/2113/2060
f 2107/2115/2061 2119/2128/2061 2118/2127/2061 2106/2114/2061
f 2108/2116/2062 2120/2129/2062 2119/2128/2062 2107/2115/2062
f 2109/2117/2063 2121/2130/2063 2120/2129/2063 2108/2116/2063
f 2110/2118/2064 2122/2131/2064 2121/2130/2064 2109/2117/2064
f 2111/2119/2065 2123/2132/2065 2122/2131/2065 2110/2118/2065
f 2112/2120/2066 2124/2133/2066 2123/2132/2066 2111/2119/2066
f 2113/2121/2067 2125/2134/2067 2124/2133/2067 2112/2120/2067
f 2114/2110/2068 2126/2123/2068 2125/2134/2068 2113/2121/2068
f 2115/2122/2069 2127/2135/2069 2138/2136/2069 2126/2123/2069
f 2116/2124/2070 2128/2137/2070 2127/2138/2070 2115/2125/2070
f 2117/2126/2071 2129/2139/2071 2128/2137/2071 2116/2124/2071
f 2118/2127/2072 2130/2140/2072 2129/2139/2072 2117/2126/2072
f 2119/2128/2073 2131/2141/2073 2130/2140/2073 2118/2127/2073
f 2120/2129/2074 2132/2142/2074 2131/2141/2074 2119/2128/2074
f 2121/2130/2075 2133/2143/2075 2132/2142/2075 2120/2129/2075
f 2122/2131/2076 2134/2144/2076 2133/2143/2076 2121/2130/2076
f 2123/2132/2077 2135/2145/2077 2134/2144/2077 2122/2131/2077
f 2124/2133/2078 2136/2146/2078 2135/2145/2078 2123/2132/2078
f 2125/2134/2079 2137/2147/2079 2136/2146/2079 2124/2133/2079
f 2126/2123/2080 2138/2136/2080 2137/2147/2080 2125/2134/2080
f 2127/2135/2081 2139/2148/2081 2150/2149/2081 2138/2136/2081
f 2128/2137/2082 2140/2150/2082 2139/2151/2082 2127/2138/2082
f 2129/2139/2083 2141/2152/2083 2140/2150/2083 2128/2137/2083
f 2130/2140/2084 2142/2153/2084 2141/2152/2084 2129/2139/2084
f 2131/2141/2085 2143/2154/2085 2142/2153/2085 2130/2140/2085
f 2132/2142/2086 2144/2155/2086 2143/2154/2086 2131/2141/2086
f 2133/2143/2087 2145/2156/2087 2144/2155/2087 2132/2142/2087
f 2134/2144/2088 2146/2157/2088 2145/2156/2088 2133/2143/2088
f 2135/2145/2089 2147/2158/2089 2146/2157/2089 2134/2144/2089
f 2136/2146/2090 2148/2159/2090 2147/2158/2090 2135/2145/2090
f 2137/2147/2091 2149/2160/2091 2148/2159/2091 2136/2146/2091
f 2138/2136/2092 2150/2149/2092 2149/2160/2092 2137/2147/2092
f 2139/2148/2093 2151/2161/2093 2162/2162/2093 2150/2149/2093
f 2140/2150/2094 2152/2163/2094 2151/2164/2094 2139/2151/2094
f 2141/2152/2095 2153/2165/2095 2152/2163/2095 2140/2150/2095
f 2142/2153/2096 2154/2166/2096 2153/2165/2096 2141/2152/2096
f 2143/2154/2097 2155/2167/2097 2154/2166/2097 2142/2153/2097
f 2144/2155/2098 2156/2168/2098 2155/2167/2098 2143/2154/2098
f 2145/2156/2099 2157/2169/2099 2156/2168/2099 2144/2155/2099
f 2146/2157/2100 2158/2170/2100 2157/2169/2100 2145/2156/2100
f 2147/2158/2101 2159/2171/2101 2158/2170/2101 2146/2157/2101
f 2148/2159/2102 2160/2172/2102 2159/2171/2102 2147/2158/2102
f 2149/2160/2103 2161/2173/2103 2160/2172/2103 2148/2159/2103
f 2150/2149/2104 2162/2162/2104 2161/2173/2104 2149/2160/2104
f 2151/2161/2105 2163/2174/2105 2174/2175/2105 2162/2162/2105
f 2152/2163/2106 2164/2176/2106 2163/2177/2106 2151/2164/2106
f 2153/2165/2107 2165/2178/2107 2164/2176/2107 2152/2163/2107
f 2154/2166/2108 2166/2179/2108 2165/2178/2108 2153/2165/2108
f 2155/2167/2109 2167/2180/2109 2166/2179/2109 2154/2166/2109
f 2156/2168/2110 2168/2181/2110 2167/2180/2110 2155/2167/2110
f 2157/2169/2111 2169/2182/2111 2168/2181/2111 2156/2168/2111
f 2158/2170/2112 2170/2183/2112 2169/2182/2112 2157/2169/2112
f 2159/2171/2113 2171/2184/2113 2170/2183/2113 2158/2170/2113
f 2160/2172/2114 2172/2185/2114 2171/2184/2114 2159/2171/2114
f 2161/2173/2115 2173/2186/2115 2172/2185/2115 2160/2172/2115
f 2162/2162/2116 2174/2175/2116 2173/2186/2116 2161/2173/2116
f 2163/2174/2117 2175/2187/2117 2186/2188/2117 2174/2175/2117
f 2164/2176/2118 2176/2189/2118 2175/2190/2118 2163/2177/2118
f 2165/2178/2119 2177/2191/2119 2176/2189/2119 2164/2176/2119
f 2166/2179/2120 2178/2192/2120 2177/2191/2120 2165/2178/2120
f 2167/2180/2121 2179/2193/2121 2178/2192/2121 2166/2179/2121
f 2168/2181/2122 2180/2194/2122 2179/2193/2122 2167/2180/2122
f 2169/2182/2123 2181/2195/2123 2180/2194/2123 2168/2181/2123
f 2170/2183/2124 2182/2196/2124 2181/2195/2124 2169/2182/2124
f 2171/2184/2125 2183/2197/2125 2182/2196/2125 2170/2183/2125
f 2172/2185/2126 2184/2198/2126 2183/2197/2126 2171/2184/2126
f 2173/2186/2127 2185/2199/2127 2184/2198/2127 2172/2185/2127
f 2174/2175/2128 2186/2188/2128 2185/2199/2128 2173/2186/2128
f 2175/2187/2129 2187/2200/2129 2198/2201/2129 2186/2188/2129
f 2176/2189/2130 2188/2202/2130 2187/2203/2130 2175/2190/2130
f 2177/2191/2131 2189/2204/2131 2188/2202/2131 2176/2189/2131
f 2178/2192/2132 2190/2205/2132 2189/2204/2132 2177/2191/2132
f 2179/2193/2133 2191/2206/2133 2190/2205/2133 2178/2192/2133
f 2180/2194/2134 2192/2207/2134 2191/2206/2134 2179/2193/2134
f 2181/2195/2135 2193/2208/2135 2192/2207/2135 2180/2194/2135
f 2182/2196/2136 2194/2209/2136 2193/2208/2136 2181/2195/2136
f 2183/2197/2137 2195/2210/2137 2194/2209/2137 2182/2196/2137
f 2184/2198/2138 2196/2211/2138 2195/2210/2138 2183/2197/2138
f 2185/2199/2139 2197/2212/2139 2196/2211/2139 2184/2198/2139
f 2186/2188/2140 2198/2201/2140 2197/2212/2140 2185/2199/2140
f 2187/2200/2141 2199/1940/2141 2210/1941/2141 2198/2201/2141
f 2188/2202/2142 2200/1942/2142 2199/1943/2142 2187/2203/2142
f 2189/2204/2143 2201/1944/2143 2200/1942/2143 2188/2202/2143
f 2190/2205/2144 2202/1945/2144 2201/1944/2144 2189/2204/2144
f 2191/2206/2145 2203/1946/2145 2202/1945/2145 2190/2205/2145
f 2192/2207/2146 2204/1947/2146 2203/1946/2146 2191/2206/2146
f 2193/2208/2147 2205/1948/2147 2204/1947/2147 2192/2207/2147
f 2194/2209/2148 2206/1949/2148 2205/1948/2148 2193/2208/2148
f 2195/2210/2149 2207/1950/2149 2206/1949/2149 2194/2209/2149
f 2196/2211/2150 2208/1951/2150 2207/1950/2150 2195/2210/2150
f 2197/2212/2151 2209/1952/2151 2208/1951/2151 2196/2211/2151
f 2198/2201/2152 2210/1941/2152 2209/1952/2152 2197/2212/2152
f 2211/1407/2153 2223/2213/2153 2234/2214/2153 2222/1410/2153
f 2212/1411/2154 2224/2215/2154 2223/2216/2154 2211/1414/2154
f 2213/1415/2155 2225/2217/2155 2224/2215/2155 2212/1411/2155
f 2214/1417/2156 2226/2218/2156 2225/2217/2156 2213/1415/2156
f 2215/1419/2157 2227/2219/2157 2226/2218/2157 2214/1417/2157
f 2216/1421/2158 2228/2220/2158 2227/2219/2158 2215/1419/2158
f 2217/1423/2159 2229/2221/2159 2228/2220/2159 2216/1421/2159
f 2218/1425/2160 2230/2222/2160 2229/2221/2160 2217/1423/2160
f 2219/1427/2161 2231/2223/2161 2230/2222/2161 2218/1425/2161
f 2220/1429/2162 2232/2224/2162 2231/2223/2162 2219/1427/2162
f 2221/1431/2163 2233/2225/2163 2232/2224/2163 2220/1429/2163
f 2222/1410/2164 2234/2214/2164 2233/2225/2164 2221/1431/2164
f 2223/2213/2165 2235/1979/2165 2246/1980/2165 2234/2214/2165
f 2224/2215/2166 2236/1981/2166 2235/1982/2166 2223/2216/2166
f 2225/2217/2167 2237/1983/2167 2236/1981/2167 2224/2215/2167
f 2226/2218/2168 2238/1984/2168 2237/1983/2168 2225/2217/2168
f 2227/2219/2169 2239/1985/2169 2238/1984/2169 2226/2218/2169
f 2228/2220/2170 2240/1986/2170 2239/1985/2170 2227/2219/2170
f 2229/2221/2171 2241/1987/2171 2240/1986/2171 2228/2220/2171
f 2230/2222/2172 2242/1988/2172 2241/1987/2172 2229/2221/2172
f 2231/2223/2173 2243/1989/2173 2242/1988/2173 2230/2222/2173
f 2232/2224/2174 2244/1990/2174 2243/1989/2174 2231/2223/2174
f 2233/2225/2175 2245/1991/2175 2244/1990/2175 2232/2224/2175
f 2234/2214/2176 2246/1980/2176 2245/1991/2176 2233/2225/2176
f 2235/1979/2177 2247/2226/2177 2258/2227/2177 2246/1980/2177
f 2236/1981/2178 2248/2228/2178 2247/2229/2178 2235/1982/2178
f 2237/1983/2179 2249/2230/2179 2248/2228/2179 2236/1981/2179
f 2238/1984/2180 2250/2231/2180 2249/2230/2180 2237/1983/2180
f 2239/1985/2181 2251/2232/2181 2250/2231/2181 2238/1984/2181
f 2240/1986/2182 2252/2233/2182 2251/2232/2182 2239/1985/2182
f 2241/1987/2183 2253/2234/2183 2252/2233/2183 2240/1986/2183
f 2242/1988/2184 2254/2235/2184 2253/2234/2184 2241/1987/2184
f 2243/1989/2185 2255/2236/2185 2254/2235/2185 2242/1988/2185
f 2244/1990/2186 2256/2237/2186 2255/2236/2186 2243/1989/2186
f 2245/1991/2187 2257/2238/2187 2256/2237/2187 2244/1990/2187
f 2246/1980/2188 2258/2227/2188 2257/2238/2188 2245/1991/2188
f 2247/2226/2189 2259/2018/2189 2270/2019/2189 2258/2227/2189
f 2248/2228/2190 2260/2020/2190 2259/2021/2190 2247/2229/2190
f 2249/2230/2191 2261/2022/2191 2260/2020/2191 2248/2228/2191
f 2250/2231/2192 2262/2023/2192 2261/2022/2192 2249/2230/2192
f 2251/2232/2193 2263/2024/2193 2262/2023/2193 2250/2231/2193
f 2252/2233/2194 2264/2025/2194 2263/2024/2194 2251/2232/2194
f 2253/2234/2195 2265/2026/2195 2264/2025/2195 2252/2233/2195
f 2254/2235/2196 2266/2027/2196 2265/2026/2196 2253/2234/2196
f 2255/2236/2197 2267/2028/2197 2266/2027/2197 2254/2235/2197
f 2256/2237/2198 2268/2029/2198 2267/2028/2198 2255/2236/2198
f 2257/2238/2199 2269/2030/2199 2268/2029/2199 2256/2237/2199
f 2258/2227/2200 2270/2019/2200 2269/2030/2200 2257/2238/2200
f 2259/2018/2201 2271/2239/2201 2282/2240/2201 2270/2019/2201
f 2260/2020/2202 2272/2241/2202 2271/2242/2202 2259/2021/2202
f 2261/2022/2203 2273/2243/2203 2272/2241/2203 2260/2020/2203
f 2262/2023/2204 2274/2244/2204 2273/2243/2204 2261/2022/2204
f 2263/2024/2205 2275/2245/2205 2274/2244/2205 2262/2023/2205
f 2264/2025/2206 2276/2246/2206 2275/2245/2206 2263/2024/2206
f 2265/2026/2207 2277/2247/2207 2276/2246/2207 2264/2025/2207
f 2266/2027/2208 2278/2248/2208 2277/2247/2208 2265/2026/2208
f 2267/2028/2209 2279/2249/2209 2278/2248/2209 2266/2027/2209
f 2268/2029/2210 2280/2250/2210 2279/2249/2210 2267/2028/2210
f 2269/2030/2211 2281/2251/2211 2280/2250/2211 2268/2029/2211
f 2270/2019/2212 2282/2240/2212 2281/2251/2212 2269/2030/2212
f 2271/2239/2213 2283/2057/2213 2294/2058/2213 2282/2240/2213
f 2272/2241/2214 2284/2059/2214 2283/2060/2214 2271/2242/2214
f 2273/2243/2215 2285/2061/2215 2284/2059/2215 2272/2241/2215
f 2274/2244/2216 2286/2062/2216 2285/2061/2216 2273/2243/2216
f 2275/2245/2217 2287/2063/2217 2286/2062/2217 2274/2244/2217
f 2276/2246/2218 2288/2064/2218 2287/2063/2218 2275/2245/2218
f 2277/2247/2219 2289/2065/2219 2288/2064/2219 2276/2246/2219
f 2278/2248/2220 2290/2066/2220 2289/2065/2220 2277/2247/2220
f 2279/2249/2221 2291/2067/2221 2290/2066/2221 2278/2248/2221
f 2280/2250/2222 2292/2068/2222 2291/2067/2222 2279/2249/2222
f 2281/2251/2223 2293/2069/2223 2292/2068/2223 2280/2250/2223
f 2282/2240/2224 2294/2058/2224 2293/2069/2224 2281/2251/2224
f 2283/2057/2225 2295/2252/2225 2306/2253/2225 2294/2058/2225
f 2284/2059/2226 2296/2254/2226 2295/2255/2226 2283/2060/2226
f 2285/2061/2227 2297/2256/2227 2296/2254/2227 2284/2059/2227
f 2286/2062/2228 2298/2257/2228 2297/2256/2228 2285/2061/2228
f 2287/2063/2229 2299/2258/2229 2298/2257/2229 2286/2062/2229
f 2288/2064/2230 2300/2259/2230 2299/2258/2230 2287/2063/2230
f 2289/2065/2231 2301/2260/2231 2300/2259/2231 2288/2064/2231
f 2290/2066/2232 2302/2261/2232 2301/2260/2232 2289/2065/2232
f 2291/2067/2233 2303/2262/2233 2302/2261/2233 2290/2066/2233
f 2292/2068/2234 2304/2263/2234 2303/2262/2234 2291/2067/2234
f 2293/2069/2235 2305/2264/2235 2304/2263/2235 2292/2068/2235
f 2294/2058/2236 2306/2253/2236 2305/2264/2236 2293/2069/2236
f 2295/2252/2237 2307/2096/2237 2318/2097/2237 2306/2253/2237
f 2296/2254/2238 2308/2098/2238 2307/2099/2238 2295/2255/2238
f 2297/2256/2239 2309/2100/2239 2308/2098/2239 2296/2254/2239
f 2298/2257/2240 2310/2101/2240 2309/2100/2240 2297/2256/2240
f 2299/2258/2241 2311/2102/2241 2310/2101/2241 2298/2257/2241
f 2300/2259/2242 2312/2103/2242 2311/2102/2242 2299/2258/2242
f 2301/2260/2243 2313/2104/2243 2312/2103/2243 2300/2259/2243
f 2302/2261/2244 2314/2105/2244 2313/2104/2244 2301/2260/2244
f 2303/2262/2245 2315/2106/2245 2314/2105/2245 2302/2261/2245
f 2304/2263/2246 2316/2107/2246 2315/2106/2246 2303/2262/2246
f 2305/2264/2247 2317/2108/2247 2316/2107/2247 2304/2263/2247
f 2306/2253/2248 2318/2097/2248 2317/2108/2248 2305/2264/2248
f 2307/2096/2249 2319/2265/2249 2330/2266/2249 2318/2097/2249
f 2308/2098/2250 2320/2267/2250 2319/2268/2250 2307/2099/2250
f 2309/2100/2251 2321/2269/2251 2320/2267/2251 2308/2098/2251
f 2310/2101/2252 2322/2270/2252 2321/2269/2252 2309/2100/2252
f 2311/2102/2253 2323/2271/2253 2322/2270/2253 2310/2101/2253
f 2312/2103/2254 2324/2272/2254 2323/2271/2254 2311/2102/2254
f 2313/2104/2255 2325/2273/2255 2324/2272/2255 2312/2103/2255
f 2314/2105/2256 2326/2274/2256 2325/2273/2256 2313/2104/2256
f 2315/2106/2257 2327/2275/2257 2326/2274/2257 2314/2105/2257
f 2316/2107/2258 2328/2276/2258 2327/2275/2258 2315/2106/2258
f 2317/2108/2259 2329/2277/2259 2328/2276/2259 2316/2107/2259
f 2318/2097/2260 2330/2266/2260 2329/2277/2260 2317/2108/2260
f 2319/2265/2261 2331/2135/2261 2342/2136/2261 2330/2266/2261
f 2320/2267/2262 2332/2137/2262 2331/2138/2262 2319/2268/2262
f 2321/2269/2263 2333/2139/2263 2332/2137/2263 2320/2267/2263
f 2322/2270/2264 2334/2140/2264 2333/2139/2264 2321/2269/2264
f 2323/2271/2265 2335/2141/2265 2334/2140/2265 2322/2270/2265
f 2324/2272/2266 2336/2142/2266 2335/2141/2266 2323/2271/2266
f 2325/2273/2267 2337/2143/2267 2336/2142/2267 2324/2272/2267
f 2326/2274/2268 2338/2144/2268 2337/2143/2268 2325/2273/2268
f 2327/2275/2269 2339/2145/2269 2338/2144/2269 2326/2274/2269
f 2328/2276/2270 2340/2146/2270 2339/2145/2270 2327/2275/2270
f 2329/2277/2271 2341/2147/2271 2340/2146/2271 2328/2276/2271
f 2330/2266/2272 2342/2136/2272 2341/2147/2272 2329/2277/2272
f 2331/2135/2273 2343/2278/2273 2354/2279/2273 2342/2136/2273
f 2332/2137/2274 2344/2280/2274 2343/2281/2274 2331/2138/2274
f 2333/2139/2275 2345/2282/2275 2344/2280/2275 2332/2137/2275
f 2334/2140/2276 2346/2283/2276 2345/2282/2276 2333/2139/2276
f 2335/2141/2277 2347/2284/2277 2346/2283/2277 2334/2140/2277
f 2336/2142/2278 2348/2285/2278 2347/2284/2278 2335/2141/2278
f 2337/2143/2279 2349/2286/2279 2348/2285/2279 2336/2142/2279
f 2338/2144/2280 2350/2287/2280 2349/2286/2280 2337/2143/2280
f 2339/2145/2281 2351/2288/2281 2350/2287/2281 2338/2144/2281
f 2340/2146/2282 2352/2289/2282 2351/2288/2282 2339/2145/2282
f 2341/2147/2283 2353/2290/2283 2352/2289/2283 2340/2146/2283
f 2342/2136/2284 2354/2279/2284 2353/2290/2284 2341/2147/2284
f 2343/2278/2285 2355/2174/2285 2366/2175/2285 2354/2279/2285
f 2344/2280/2286 2356/2176/2286 2355/2177/2286 2343/2281/2286
f 2345/2282/2287 2357/2178/2287 2356/2176/2287 2344/2280/2287
f 2346/2283/2288 2358/2179/2288 2357/2178/2288 2345/2282/2288
f 2347/2284/2289 2359/2180/2289 2358/2179/2289 2346/2283/2289
f 2348/2285/2290 2360/2181/2290 2359/2180/2290 2347/2284/2290
f 2349/2286/2291 2361/2182/2291 2360/2181/2291 2348/2285/2291
f 2350/2287/2292 2362/2183/2292 2361/2182/2292 2349/2286/2292
f 2351/2288/2293 2363/2184/2293 2362/2183/2293 2350/2287/2293
f 2352/2289/2294 2364/2185/2294 2363/2184/2294 2351/2288/2294
f 2353/2290/2295 2365/2186/2295 2364/2185/2295 2352/2289/2295
f 2354/2279/2296 2366/2175/2296 2365/2186/2296 2353/2290/2296
f 2355/2174/2297 2367/2291/2297 2378/2292/2297 2366/2175/2297
f 2356/2176/2298 2368/2293/2298 2367/2294/2298 2355/2177/2298
f 2357/2178/2299 2369/2295/2299 2368/2293/2299 2356/2176/2299
f 2358/2179/2300 2370/2296/2300 2369/2295/2300 2357/2178/2300
f 2359/2180/2301 2371/2297/2301 2370/2296/2301 2358/2179/2301
f 2360/2181/2302 2372/2298/2302 2371/2297/2302 2359/2180/2302
f 2361/2182/2303 2373/2299/2303 2372/2298/2303 2360/2181/2303
f 2362/2183/2304 2374/2300/2304 2373/2299/2304 2361/2182/2304
f 2363/2184/2305 2375/2301/2305 2374/2300/2305 2362/2183/2305
f 2364/2185/2306 2376/2302/2306 2375/2301/2306 2363/2184/2306
f 2365/2186/2307 2377/2303/2307 2376/2302/2307 2364/2185/2307
f 2366/2175/2308 2378/2292/2308 2377/2303/2308 2365/2186/2308
f 2367/2291/2309 2379/1940/2309 2390/1941/2309 2378/2292/2309
f 2368/2293/2310 2380/1942/2310 2379/1943/2310 2367/2294/2310
f 2369/2295/2311 2381/1944/2311 2380/1942/2311 2368/2293/2311
f 2370/2296/2312 2382/1945/2312 2381/1944/2312 2369/2295/2312
f 2371/2297/2313 2383/1946/2313 2382/1945/2313 2370/2296/2313
f 2372/2298/2314 2384/1947/2314 2383/1946/2314 2371/2297/2314
f 2373/2299/2315 2385/1948/2315 2384/1947/2315 2372/2298/2315
f 2374/2300/2316 2386/1949/2316 2385/1948/2316 2373/2299/2316
f 2375/2301/2317 2387/1950/2317 2386/1949/2317 2374/2300/2317
f 2376/2302/2318 2388/1951/2318 2387/1950/2318 2375/2301/2318
f 2377/2303/2319 2389/1952/2319 2388/1951/2319 2376/2302/2319
f 2378/2292/2320 2390/1941/2320 2389/1952/2320 2377/2303/2320
f 2391/1407/2321 2403/2304/2321 2414/2305/2321 2402/1410/2321
f 2392/1411/2322 2404/2306/2322 2403/2307/2322 2391/1414/2322
f 2393/1415/2323 2405/2308/2323 2404/2306/2323 2392/1411/2323
f 2394/1417/2324 2406/2309/2324 2405/2308/2324 2393/1415/2324
f 2395/1419/2325 2407/2310/2325 2406/2309/2325 2394/1417/2325
f 2396/1421/2326 2408/2311/2326 2407/2310/2326 2395/1419/2326
f 2397/1423/2327 2409/2312/2327 2408/2311/2327 2396/1421/2327
f 2398/1425/2328 2410/2313/2328 2409/2312/2328 2397/1423/2328
f 2399/1427/2329 2411/2314/2329 2410/2313/2329 2398/1425/2329
f 2400/1429/2330 2412/2315/2330 2411/2314/2330 2399/1427/2330
f 2401/1431/2331 2413/2316/2331 2412/2315/2331 2400/1429/2331
f 2402/1410/2332 2414/2305/2332 2413/2316/2332 2401/1431/2332
f 2403/2304/2333 2415/2031/2333 2426/2032/2333 2414/2305/2333
f 2404/2306/2334 2416/2033/2334 2415/2034/2334 2403/2307/2334
f 2405/2308/2335 2417/2035/2335 2416/2033/2335 2404/2306/2335
f 2406/2309/2336 2418/2036/2336 2417/2035/2336 2405/2308/2336
f 2407/2310/2337 2419/2037/2337 2418/2036/2337 2406/2309/2337
f 2408/2311/2338 2420/2038/2338 2419/2037/2338 2407/2310/2338
f 2409/2312/2339 2421/2039/2339 2420/2038/2339 2408/2311/2339
f 2410/2313/2340 2422/2040/2340 2421/2039/2340 2409/2312/2340
f 2411/2314/2341 2423/2041/2341 2422/2040/2341 2410/2313/2341
f 2412/2315/2342 2424/2042/2342 2423/2041/2342 2411/2314/2342
f 2413/2316/2343 2425/2043/2343 2424/2042/2343 2412/2315/2343
f 2414/2305/2344 2426/2032/2344 2425/2043/2344 2413/2316/2344
f 2415/2031/2345 2427/2252/2345 2438/2253/2345 2426/2032/2345
f 2416/2033/2346 2428/2254/2346 2427/2255/2346 2415/2034/2346
f 2417/2035/2347 2429/2256/2347 2428/2254/2347 2416/2033/2347
f 2418/2036/2348 2430/2257/2348 2429/2256/2348 2417/2035/2348
f 2419/2037/2349 2431/2258/2349 2430/2257/2349 2418/2036/2349
f 2420/2038/2350 2432/2259/2350 2431/2258/2350 2419/2037/2350
f 2421/2039/2351 2433/2260/2351 2432/2259/2351 2420/2038/2351
f 2422/2040/2352 2434/2261/2352 2433/2260/2352 2421/2039/2352
f 2423/2041/2353 2435/2262/2353 2434/2261/2353 2422/2040/2353
f 2424/2042/2354 2436/2263/2354 2435/2262/2354 2423/2041/2354
f 2425/2043/2355 2437/2264/2355 2436/2263/2355 2424/2042/2355
f 2426/2032/2356 2438/2253/2356 2437/2264/2356 2425/2043/2356
f 2427/2252/2357 2439/2122/2357 2450/2123/2357 2438/2253/2357
f 2428/2254/2358 2440/2124/2358 2439/2125/2358 2427/2255/2358
f 2429/2256/2359 2441/2126/2359 2440/2124/2359 2428/2254/2359
f 2430/2257/2360 2442/2127/2360 2441/2126/2360 2429/2256/2360
f 2431/2258/2361 2443/2128/2361 2442/2127/2361 2430/2257/2361
f 2432/2259/2362 2444/2129/2362 2443/2128/2362 2431/2258/2362
f 2433/2260/2363 2445/2130/2363 2444/2129/2363 2432/2259/2363
f 2434/2261/2364 2446/2131/2364 2445/2130/2364 2433/2260/2364
f 2435/2262/2365 2447/2132/2365 2446/2131/2365 2434/2261/2365
f 2436/2263/2366 2448/2133/2366 2447/2132/2366 2435/2262/2366
f 2437/2264/2367 2449/2134/2367 2448/2133/2367 2436/2263/2367
f 2438/2253/2368 2450/2123/2368 2449/2134/2368 2437/2264/2368
f 2439/2122/2369 2451/2317/2369 2462/2318/2369 2450/2123/2369
f 2440/2124/2370 2452/2319/2370 2451/2320/2370 2439/2125/2370
f 2441/2126/2371 2453/2321/2371 2452/2319/2371 2440/2124/2371
f 2442/2127/2372 2454/2322/2372 2453/2321/2372 2441/2126/2372
f 2443/2128/2373 2455/2323/2373 2454/2322/2373 2442/2127/2373
f 2444/2129/2374 2456/2324/2374 2455/2323/2374 2443/2128/2374
f 2445/2130/2375 2457/2325/2375 2456/2324/2375 2444/2129/2375
f 2446/2131/2376 2458/2326/2376 2457/2325/2376 2445/2130/2376
f 2447/2132/2377 2459/2327/2377 2458/2326/2377 2446/2131/2377
f 2448/2133/2378 2460/2328/2378 2459/2327/2378 2447/2132/2378
f 2449/2134/2379 2461/2329/2379 2460/2328/2379 2448/2133/2379
f 2450/2123/2380 2462/2318/2380 2461/2329/2380 2449/2134/2380
f 2451/2317/2381 2463/1940/2381 2474/1941/2381 2462/2318/2381
f 2452/2319/2382 2464/1942/2382 2463/1943/2382 2451/2320/2382
f 2453/2321/2383 2465/1944/2383 2464/1942/2383 2452/2319/2383
f 2454/2322/2384 2466/1945/2384 2465/1944/2384 2453/2321/2384
f 2455/2323/2385 2467/1946/2385 2466/1945/2385 2454/2322/2385
f 2456/2324/2386 2468/1947/2386 2467/1946/2386 2455/2323/2386
f 2457/2325/2387 2469/1948/2387 2468/1947/2387 2456/2324/2387
f 2458/2326/2388 2470/1949/2388 2469/1948/2388 2457/2325/2388
f 2459/2327/2389 2471/1950/2389 2470/1949/2389 2458/2326/2389
f 2460/2328/2390 2472/1951/2390 2471/1950/2390 2459/2327/2390
f 2461/2329/2391 2473/1952/2391 2472/1951/2391 2460/2328/2391
f 2462/2318/2392 2474/1941/2392 2473/1952/2392 2461/2329/2392
o paddle1
v -0.197894 0.914525 0.197894
v -0.197894 0.952752 0.197894
v -0.197894 0.914525 -0.197894
v -0.197894 0.952752 -0.197894
v 0.197894 0.914525 0.197894
v 0.197894 0.952752 0.197894
v 0.197894 0.914525 -0.197894
v 0.197894 0.952752 -0.197894
vn -1.0000 -0.0000 -0.0000
vn -0.0000 -0.0000 -1.0000
vn 1.0000 -0.0000 -0.0000
vn -0.0000 -0.0000 1.0000
vn -0.0000 -1.0000 -0.0000
vn -0.0000 1.0000 -0.0000
vt 0.375000 0.000000
vt 0.625000 0.000000
vt 0.625000 0.250000
vt 0.375000 0.250000
vt 0.625000 0.500000
vt 0.375000 0.500000
vt 0.625000 0.750000
vt 0.375000 0.750000
vt 0.625000 1.000000
vt 0.375000 1.000000
vt 0.125000 0.500000
vt 0.125000 0.750000
vt 0.875000 0.500000
vt 0.875000 0.750000
s 1
usemtl foggy_glass_green
f 2475/2330/2393 2476/2331/2393 2478/2332/2393 2477/2333/2393
f 2477/2333/2394 2478/2332/2394 2482/2334/2394 2481/2335/2394
f 2481/2335/2395 2482/2334/2395 2480/2336/2395 2479/2337/2395
f 2479/2337/2396 2480/2336/2396 2476/2338/2396 2475/2339/2396
f 2477/2340/2397 2481/2335/2397 2479/2337/2397 2475/2341/2397
f 2482/2334/2398 2478/2342/2398 2476/2343/2398 2480/2336/2398
o paddle2
v 0.914525 0.197894 0.197894
v 0.952752 0.197894 0.197894
v 0.914525 0.197894 -0.197894
v 0.952752 0.197894 -0.197894
v 0.914525 -0.197894 0.197894
v 0.952752 -0.197894 0.197894
v 0.914525 -0.197894 -0.197894
v 0.952752 -0.197894 -0.197894
vn -0.0000 1.0000 -0.0000
vn -0.0000 -0.0000 -1.0000
vn -0.0000 -1.0000 -0.0000
vn -0.0000 -0.0000 1.0000
vn -1.0000 -0.0000 -0.0000
vn 1.0000 -0.0000 -0.0000
vt 0.375000 0.000000
vt 0.625000 0.000000
vt 0.625000 0.250000
vt 0.375000 0.250000
vt 0.625000 0.500000
vt 0.375000 0.500000
vt 0.625000 0.750000
vt 0.375000 0.750000
vt 0.625000 1.000000
vt 0.375000 1.000000
vt 0.125000 0.500000
vt 0.125000 0.750000
vt 0.875000 0.500000
vt 0.875000 0.750000
s 1
usemtl foggy_glass_red
f 2483/2344/2399 2484/2345/2399 2486/2346/2399 2485/2347/2399
f 2485/2347/2400 2486/2346/2400 2490/2348/2400 2489/2349/2400
f 2489/2349/2401 2490/2348/2401 2488/2350/2401 2487/2351/2401
f 2487/2351/2402 2488/2350/2402 2484/2352/2402 2483/2353/2402
f 2485/2354/2403 2489/2349/2403 2487/2351/2403 2483/2355/2403
f 2490/2348/2404 2486/2356/2404 2484/2357/2404 2488/2350/2404
o paddle3
v -0.958762 0.197894 0.197894
v -0.920534 0.197894 0.197894
v -0.958762 0.197894 -0.197894
v -0.920534 0.197894 -0.197894
v -0.958761 -0.197894 0.197894
v -0.920534 -0.197894 0.197894
v -0.958761 -0.197894 -0.197894
v -0.920534 -0.197894 -0.197894
vn -0.0000 1.0000 -0.0000
vn -0.0000 -0.0000 -1.0000
vn -0.0000 -1.0000 -0.0000
vn -0.0000 -0.0000 1.0000
vn -1.0000 -0.0000 -0.0000
vn 1.0000 -0.0000 -0.0000
vt 0.375000 0.000000
vt 0.625000 0.000000
vt 0.625000 0.250000
vt 0.375000 0.250000
vt 0.625000 0.500000
vt 0.375000 0.500000
vt 0.625000 0.750000
vt 0.375000 0.750000
vt 0.625000 1.000000
vt 0.375000 1.000000
vt 0.125000 0.500000
vt 0.125000 0.750000
vt 0.875000 0.500000
vt 0.875000 0.750000
s 1
usemtl foggy_glass_blue
f 2491/2358/2405 2492/2359/2405 2494/2360/2405 2493/2361/2405
f 2493/2361/2406 2494/2360/2406 2498/2362/2406 2497/2363/2406
f 2497/2363/2407 2498/2362/2407 2496/2364/2407 2495/2365/2407
f 2495/2365/2408 2496/2364/2408 2492/2366/2408 2491/2367/2408
f 2493/2368/2409 2497/2363/2409 2495/2365/2409 2491/2369/2409
f 2498/2362/2410 2494/2370/2410 2492/2371/2410 2496/2364/2410
o paddle4
v 0.197894 0.197894 -0.914525
v 0.197894 0.197894 -0.952753
v -0.197894 0.197894 -0.914525
v -0.197894 0.197894 -0.952753
v 0.197894 -0.197894 -0.914525
v 0.197894 -0.197894 -0.952753
v -0.197894 -0.197894 -0.914525
v -0.197894 -0.197894 -0.952753
vn -0.0000 1.0000 -0.0000
vn -1.0000 -0.0000 -0.0000
vn -0.0000 -1.0000 -0.0000
vn 1.0000 -0.0000 -0.0000
vn -0.0000 -0.0000 1.0000
vn -0.0000 -0.0000 -1.0000
vt 0.375000 0.000000
vt 0.625000 0.000000
vt 0.625000 0.250000
vt 0.375000 0.250000
vt 0.625000 0.500000
vt 0.375000 0.500000
vt 0.625000 0.750000
vt 0.375000 0.750000
vt 0.625000 1.000000
vt 0.375000 1.000000
vt 0.125000 0.500000
vt 0.125000 0.750000
vt 0.875000 0.500000
vt 0.875000 0.750000
s 1
usemtl foggy_glass_yellow
f 2499/2372/2411 2500/2373/2411 2502/2374/2411 2501/2375/2411
f 2501/2375/2412 2502/2374/2412 2506/2376/2412 2505/2377/2412
f 2505/2377/2413 2506/2376/2413 2504/2378/2413 2503/2379/2413
f 2503/2379/2414 2504/2378/2414 2500/2380/2414 2499/2381/2414
f 2501/2382/2415 2505/2377/2415 2503/2379/2415 2499/2383/2415
f 2506/2376/2416 2502/2384/2416 2500/2385/2416 2504/2378/2416
o paddle5
v 0.197894 0.197894 0.952752
v 0.197894 0.197894 0.914525
v -0.197894 0.197894 0.952752
v -0.197894 0.197894 0.914525
v 0.197894 -0.197894 0.952752
v 0.197894 -0.197894 0.914525
v -0.197894 -0.197894 0.952752
v -0.197894 -0.197894 0.914525
vn -0.0000 1.0000 -0.0000
vn -1.0000 -0.0000 -0.0000
vn -0.0000 -1.0000 -0.0000
vn 1.0000 -0.0000 -0.0000
vn -0.0000 -0.0000 1.0000
vn -0.0000 -0.0000 -1.0000
vt 0.375000 0.000000
vt 0.625000 0.000000
vt 0.625000 0.250000
vt 0.375000 0.250000
vt 0.625000 0.500000
vt 0.375000 0.500000
vt 0.625000 0.750000
vt 0.375000 0.750000
vt 0.625000 1.000000
vt 0.375000 1.000000
vt 0.125000 0.500000
vt 0.125000 0.750000
vt 0.875000 0.500000
vt 0.875000 0.750000
s 1
usemtl foggy_glass_pink
f 2507/2386/2417 2508/2387/2417 2510/2388/2417 2509/2389/2417
f 2509/2389/2418 2510/2388/2418 2514/2390/2418 2513/2391/2418
f 2513/2391/2419 2514/2390/2419 2512/2392/2419 2511/2393/2419
f 2511/2393/2420 2512/2392/2420 2508/2394/2420 2507/2395/2420
f 2509/2396/2421 2513/2391/2421 2511/2393/2421 2507/2397/2421
f 2514/2390/2422 2510/2398/2422 2508/2399/2422 2512/2392/2422
o paddle6
v 0.197894 -0.952752 0.197894
v 0.197894 -0.914525 0.197894
v -0.197894 -0.952752 0.197894
v -0.197894 -0.914525 0.197894
v 0.197894 -0.952752 -0.197894
v 0.197894 -0.914525 -0.197894
v -0.197894 -0.952752 -0.197894
v -0.197894 -0.914525 -0.197894
vn -0.0000 -0.0000 1.0000
vn -1.0000 -0.0000 -0.0000
vn -0.0000 -0.0000 -1.0000
vn 1.0000 -0.0000 -0.0000
vn -0.0000 -1.0000 -0.0000
vn -0.0000 1.0000 -0.0000
vt 0.375000 0.000000
vt 0.625000 0.000000
vt 0.625000 0.250000
vt 0.375000 0.250000
vt 0.625000 0.500000
vt 0.375000 0.500000
vt 0.625000 0.750000
vt 0.375000 0.750000
vt 0.625000 1.000000
vt 0.375000 1.000000
vt 0.125000 0.500000
vt 0.125000 0.750000
vt 0.875000 0.500000
vt 0.875000 0.750000
s 1
usemtl foggy_glass_green
f 2515/2400/2423 2516/2401/2423 2518/2402/2423 2517/2403/2423
f 2517/2403/2424 2518/2402/2424 2522/2404/2424 2521/2405/2424
f 2521/2405/2425 2522/2404/2425 2520/2406/2425 2519/2407/2425
f 2519/2407/2426 2520/2406/2426 2516/2408/2426 2515/2409/2426
f 2517/2410/2427 2521/2405/2427 2519/2407/2427 2515/2411/2427
f 2522/2404/2428 2518/2412/2428 2516/2413/2428 2520/2406/2428
